Id	Name	Type	Quality	Description	WorldDescription	Icon	BigIcon	IconPath	SceneModelId	LockDec	Priority	IsFree	IsMainScene	ParticleGroupName	Tag	SwitchDesc	ItemKey	ItemCount	TabTag	SkipId	SceneRotation	IsEnvMusic	HintText
14000001	Preparation Room	1	4	Default main scene	The preparation room assigned to elite squads. It has many built-in functions that are capable to tackle any emergency situation.	Assets/Product/Texture/Image/IconToolsSp/IconMain3dSp.png	Assets/Product/Texture/Image/IconTools/IconMain3d.png	Assets/Product/Texture/Image/UiPhotograph/scene01.png	1	デフォルト所持	10	1	1	FxUiSceneMain02	"[""Low Battery Mode""]"	"[""Normal"",""Low Battery""]"	49	23	Low Battery				
14000002	Peaceful Courtyard	3	5	Unlocked after obtaining this scene	A projected scene inspired by Kowloong courtyard. The falling leaves and air-conditioning system could bring Kowloong autumn to life in any season.	Assets/Product/Texture/Image/IconToolsSp/IconMain3dGuofengSp.png	Assets/Product/Texture/Image/IconTools/IconMain3dGuofeng.png	Assets/Product/Texture/Image/UiPhotograph/scene02.png	2	From Anniversary Gift Sign-in	11						49	23		80153			
14000003	Silver Light Church	1	5	Unlocked after obtaining this scene	A projected scene inspired by the church in old times. The silver light of dawn shines through the windows. It is where the eternal oaths are made.	Assets/Product/Texture/Image/IconToolsSp/IconMain3djiaotangSp.png	Assets/Product/Texture/Image/IconTools/IconMain3djiaotang.png	Assets/Product/Texture/Image/UiPhotograph/scene03.png	3	From 2nd Anniversary Gift Sign-in	12				"[""Low Battery Mode""]"	"[""Normal"",""Low Battery""]"	49	23	Low Battery	80153			
14000004	Brilliant Seaside	2	5	Unlocked after obtaining this scene	Inspired by the most popular holiday attraction of the Golden Age, this projected scene features a beautiful beach and relaxing waves bathed in the brilliant summer sunlight.	Assets/Product/Texture/Image/IconToolsSp/IconMain3dXiahuoSp.png	Assets/Product/Texture/Image/IconTools/IconMain3dXiahuo.png	Assets/Product/Texture/Image/UiPhotograph/scene04.png	6	From 3rd Anniversary Gift Sign-in	13				"[""Day/Dusk Mode""]"	"[""Day"",""Dusk""]"	49	23	Day/Dusk	80153	1		
14000005	Lost in Whitebloom	3	6	Unlocked after obtaining this scene	That was the endpoint of her dreams, a place meant for silent slumber. Now, it holds a different meaning.	Assets/Product/Texture/Image/IconToolsSp/IconMain3dBiancaSp.png	Assets/Product/Texture/Image/IconTools/IconMain3dBianca.png	Assets/Product/Texture/Image/UiPhotograph/scene05.png	7	Obtained from [Solitary Dream] Research	14				"[""Real-time Clock"",""Exclusive Music""]"		49	33					
14000006	Homeland	3	5	Unlocked after obtaining this scene	May you all return home safe.	Assets/Product/Texture/Image/IconToolsSp/IconMain3dSpaceSp.png	Assets/Product/Texture/Image/IconTools/IconMain3dSpace.png	Assets/Product/Texture/Image/UiPhotograph/scene06.png	8	From 4th Anniversary Gift Sign-in	15						49	23		80153			
14000007	Sinking Mermaid	2	6	Unlocked after obtaining this scene	Will you remember the melody she hummed when you return?	Assets/Product/Texture/Image/IconToolsSp/IconMain3dLamiyaSp.png	Assets/Product/Texture/Image/IconTools/IconMain3dLamiya.png	Assets/Product/Texture/Image/UiPhotograph/scene07.png	9	Obtained from [Solitary Longings] Research	16				"[""Day & Night Mode"",""Exclusive Music""]"	"[""Day"",""Night""]"	49	33	Day/Night		1		
14000008	Shape of Thunder	2	6	Unlocked after obtaining this scene	The mountain camellia stands tall, a distant thunder's roar, its echo fading.	Assets/Product/Texture/Image/IconToolsSp/IconMain3dAlphaSp.png	Assets/Product/Texture/Image/IconTools/IconMain3dAlpha.png	Assets/Product/Texture/Image/UiPhotograph/scene08.png	10	Obtained from [Tsubaki] Research	17				"[""Day & Night Mode"",""Exclusive Music""]"	"[""Day"",""Night""]"	49	33	Day/Night		1		
14000009	Floral Serenity	3	5	Unlocked after obtaining this scene	A projected landscape modeled after a serene countryside. Bathed in sunlight, a river flows through blooming fields, exuding tranquility and peace.	Assets/Product/Texture/Image/IconToolsSp/IconMain3d5ThSp.png	Assets/Product/Texture/Image/IconTools/IconMain3d5Th.png	Assets/Product/Texture/Image/UiPhotograph/scene09.png	11	From 5th Anniversary Gift Sign-in	18						49	23					
14000010	Ruins of Adieu	3	6	Unlocked after obtaining this scene	A land abandoned by the divine, now a city lost to decay and ruin.	Assets/Product/Texture/Image/IconToolsSp/IconMain3dLunaSp.png	Assets/Product/Texture/Image/IconTools/IconMain3dLuna.png	Assets/Product/Texture/Image/UiPhotograph/scene10.png	12	Purchased from Limited-Time Purchase	19				"[""Exclusive Music""]"		49	23					
14000011	A Love Story Across Time	2	6	Unlocked after obtaining this scene	The singing of the saints witnesses the oath between Lucia and you.	Assets/Product/Texture/Image/IconToolsSp/IconMain3dLuciaSp.png	Assets/Product/Texture/Image/IconTools/IconMain3dLucia.png	Assets/Product/Texture/Image/UiPhotograph/scene11.png	13	Obtained from [Love's Dawn] Research	20				"[""Day & Night Mode"",""Exclusive Music""]"	"[""Day"",""Night""]"	49	33	Day/Night		1		
14000012	Dreams at Twilight	2	6	Unlocked after obtaining this scene	Water lanterns glow softly, and purple wisteria drapes down. She stands on the water's surface, her toes lightly touching the ripples, and her long sleeves flow in the breeze.	Assets/Product/Texture/Image/IconToolsSp/IconMain3dSalinnaSp.png	Assets/Product/Texture/Image/IconTools/IconMain3dSalinna.png	Assets/Product/Texture/Image/UiPhotograph/scene12.png	14	Obtained from [Threads of Destiny] Research	21				"[""Day & Night Mode"",""Exclusive Music""]"	"[""Day"",""Night""]"	49	33	Day/Night		1		
14000013	Golden Holiday	3	5	Unlocked after obtaining this scene	The relief glows with an amber sheen in the interplay of light and shadow, while the cast-iron streetlamps hold the last notes of an old melody. The benches carry the weight of trailing scents, and shopfront arches spill a lazy fragrance into the air. Between the cracks in the bricks and the folds of light, time itself is brewed into golden memories.	Assets/Product/Texture/Image/IconToolsSp/IconMain3dStreetSp.png	Assets/Product/Texture/Image/IconTools/IconMain3dStreet.png	Assets/Product/Texture/Image/UiPhotograph/scene13.png	15	From 6th Anniversary Gift Sign-in	22						49	23			1		
14000014	Her Merciful Gaze	3	6	Unlocked after obtaining this scene	Your freedom knows no bounds, and no force can move your gears.	Assets/Product/Texture/Image/IconToolsSp/IconMain3d016Sp.png	Assets/Product/Texture/Image/IconTools/IconMain3d016.png	Assets/Product/Texture/Image/UiPhotograph/scene16.png	16	Purchased from Limited-Time Purchase	23				"[""Exclusive Music""]"		49	23			1		
14000015	Behind the Curtain	4	6	Unlocked after obtaining this scene	With the world watching, you take her hand and begin a story that will never fade.	Assets/Product/Texture/Image/IconToolsSp/IconMain3dBianca2Sp.png	Assets/Product/Texture/Image/IconTools/IconMain3dBianca2.png	Assets/Product/Texture/Image/UiPhotograph/scene15.png	17	Obtained from [Night Sonata] Research	24				"[""Gyroscope Mode"",""Exclusive Music""]"		49	33	Gyroscope			true	
14000016	Path of Unclouded Hearts	4	6	Unlocked after obtaining this scene	Let snowflakes drift and petals swirl at your command; every wonder of this world is yours to hold.	Assets/Product/Texture/Image/IconToolsSp/IconMain3dLifu01Sp.png	Assets/Product/Texture/Image/IconTools/IconMain3dLifu01.png	Assets/Product/Texture/Image/UiPhotograph/scene17.png	18	Obtained from [Fluttering Ballet] Research	25				"[""Gyroscope Mode"",""Exclusive Music""]"		49	33	Gyroscope			true	
14000017	Neon Flash	5	6	Unlocked after obtaining this scene	A clear summer day, where heat waves and sound waves spill into the streets. Passion, in full swing!	Assets/Product/Texture/Image/IconToolsSp/IconMain3dSummer407Sp.png	Assets/Product/Texture/Image/IconTools/IconMain3dSummer407.png	Assets/Product/Texture/Image/UiPhotograph/scene19.png	19	Purchased from Limited-Time Purchase	26				"[""Music Mode"",""Exclusive Music""]"	"[""Standard"",""Music""]"	49	23	Music		1		While [Sugar Time - Guitar] is playing, tap Kuroro in the scene to switch between vocals and guitar.
