Id	WeaponId	WeaponResonances	Memories	MemoryResonances
1011002	2016001	[{"Type": 3, "TemplateId": 102}, {"Type": 3, "TemplateId": 103}, {"Type": 3, "TemplateId": 500}]	[3016004, 3026002, 3036004, 3046002, 3056002, 3066002]	[[{"Type": 1, "TemplateId": 30}], [{"Type": 1, "TemplateId": 30}]]
1011003	2016002	[{"Type": 3, "TemplateId": 102}, {"Type": 3, "TemplateId": 103}, {"Type": 3, "TemplateId": 500}]	[3016004, 3026014, 3036004, 3046014, 3056014, 3066014]	[[{"Type": 1, "TemplateId": 33}], [{"Type": 2, "TemplateId": 101321}]]
1011004	2326001	[{"Type": 3, "TemplateId": 500}, {"Type": 3, "TemplateId": 103}, {"Type": 3, "TemplateId": 101}]	[3016006, 3026032, 3036006, 3046032, 3056032, 3066032]	[[{"Type": 1, "TemplateId": 33}], [{"Type": 2, "TemplateId": 101417}]]
1021001	2026001	[{"Type": 3, "TemplateId": 102}, {"Type": 3, "TemplateId": 103}, {"Type": 3, "TemplateId": 500}]	[3016014, 3026014, 3036014, 3046012, 3056014, 3066012]	[[{"Type": 1, "TemplateId": 33}], [{"Type": 2, "TemplateId": 102121}]]
1021002	2026002	[{"Type": 3, "TemplateId": 102}, {"Type": 3, "TemplateId": 103}, {"Type": 3, "TemplateId": 500}]	[3016004, 3026003, 3036004, 3046003, 3056003, 3066003]	[[{"Type": 1, "TemplateId": 30}], [{"Type": 2, "TemplateId": 102221}]]
1021003	2026004	[{"Type": 3, "TemplateId": 102}, {"Type": 3, "TemplateId": 103}, {"Type": 3, "TemplateId": 500}]	[3016004, 3026012, 3036004, 3046012, 3056012, 3066012]	[[{"Type": 1, "TemplateId": 33}], [{"Type": 2, "TemplateId": 102321}]]
1021004	2026005	[{"Type": 3, "TemplateId": 102}, {"Type": 3, "TemplateId": 103}, {"Type": 3, "TemplateId": 500}]	[3016004, 3026005, 3036004, 3046005, 3056005, 3066005]	[[{"Type": 2, "TemplateId": 102401}], [{"Type": 2, "TemplateId": 102417}]]
1021005	2346001	[{"Type": 3, "TemplateId": 102}, {"Type": 3, "TemplateId": 500}, {"Type": 3, "TemplateId": 103}]	[3016034, 3026034, 3036034, 3046006, 3056034, 3066006]	[[{"Type": 2, "TemplateId": 102516}], [{"Type": 1, "TemplateId": 33}]]
1021006	2476001	[{"Type": 3, "TemplateId": 102}, {"Type": 3, "TemplateId": 500}, {"Type": 3, "TemplateId": 103}]	[3016006, 3026044, 3036006, 3046044, 3056044, 3066044]	[[{"Type": 1, "TemplateId": 33}], [{"Type": 2, "TemplateId": 102617}]]
1031001	2036001	[{"Type": 3, "TemplateId": 501}, {"Type": 3, "TemplateId": 502}, {"Type": 3, "TemplateId": 102}]	[3016010, 3026007, 3036010, 3046007, 3056007, 3066007]	[[{"Type": 1, "TemplateId": 33}], [{"Type": 1, "TemplateId": 33}]]
1031002	2036002	[{"Type": 3, "TemplateId": 501}, {"Type": 3, "TemplateId": 502}, {"Type": 3, "TemplateId": 102}]	[3016011, 3026007, 3036011, 3046007, 3056007, 3066007]	[[{"Type": 1, "TemplateId": 30}], [{"Type": 1, "TemplateId": 30}]]
1031003	2036001	[{"Type": 3, "TemplateId": 501}, {"Type": 3, "TemplateId": 502}, {"Type": 3, "TemplateId": 102}]	[3016010, 3026007, 3036010, 3046007, 3056007, 3066007]	[[{"Type": 1, "TemplateId": 33}], [{"Type": 2, "TemplateId": 103317}]]
1031004	2246001	[{"Type": 3, "TemplateId": 501}, {"Type": 3, "TemplateId": 502}, {"Type": 3, "TemplateId": 102}]	[3016011, 3026007, 3036011, 3046007, 3056007, 3066007]	[[{"Type": 1, "TemplateId": 33}], [{"Type": 2, "TemplateId": 138323}]]
1031005	2606001	[{"Type": 3, "TemplateId": 500}, {"Type": 3, "TemplateId": 103}, {"Type": 3, "TemplateId": 101}]	[3016003, 3026003, 3036003, 3046006, 3056003, 3066006]	[[{"Type": 1, "TemplateId": 33}], [{"Type": 2, "TemplateId": 103521}]]
1041002	2046001	[{"Type": 3, "TemplateId": 102}, {"Type": 3, "TemplateId": 103}, {"Type": 3, "TemplateId": 500}]	[3016014, 3026014, 3036014, 3046006, 3056014, 3066006]	[[{"Type": 1, "TemplateId": 33}], [{"Type": 2, "TemplateId": 104217}]]
1041003	2046002	[{"Type": 3, "TemplateId": 102}, {"Type": 3, "TemplateId": 500}, {"Type": 3, "TemplateId": 103}]	[3016003, 3026003, 3036003, 3046012, 3056003, 3066012]	[[{"Type": 1, "TemplateId": 30}], [{"Type": 2, "TemplateId": 104321}]]
1041004	2306001	[{"Type": 3, "TemplateId": 500}, {"Type": 3, "TemplateId": 102}, {"Type": 3, "TemplateId": 103}]	[3016031, 3026031, 3036031, 3046017, 3056031, 3066017]	[[{"Type": 1, "TemplateId": 33}], [{"Type": 2, "TemplateId": 104417}]]
1041005	2576001	[{"Type": 3, "TemplateId": 102}, {"Type": 3, "TemplateId": 500}, {"Type": 3, "TemplateId": 101}]	[3016013, 3026052, 3036013, 3046052, 3056052, 3066052]	[[{"Type": 1, "TemplateId": 33}], [{"Type": 2, "TemplateId": 104517}]]
1051001	2056001	[{"Type": 3, "TemplateId": 511}, {"Type": 3, "TemplateId": 102}, {"Type": 3, "TemplateId": 506}]	[3016007, 3026007, 3036007, 3046008, 3056007, 3066008]	[[{"Type": 0, "TemplateId": null}], [{"Type": 2, "TemplateId": 105523}]]
1051003	2056002	[{"Type": 3, "TemplateId": 511}, {"Type": 3, "TemplateId": 506}, {"Type": 3, "TemplateId": 512}]	[3016009, 3026007, 3036009, 3046007, 3056007, 3066007]	[[{"Type": 1, "TemplateId": 30}], [{"Type": 2, "TemplateId": 105523}]]
1051004	2276001	[{"Type": 3, "TemplateId": 511}, {"Type": 3, "TemplateId": 506}, {"Type": 3, "TemplateId": 102}]	[3016009, 3026027, 3036009, 3046027, 3056027, 3066027]	[[{"Type": 1, "TemplateId": 30}], [{"Type": 2, "TemplateId": 105523}]]
1051005	2496001	[{"Type": 3, "TemplateId": 102}, {"Type": 3, "TemplateId": 511}, {"Type": 3, "TemplateId": 103}]	[3016003, 3026046, 3036003, 3046046, 3056046, 3066046]	[[{"Type": 1, "TemplateId": 33}], [{"Type": 2, "TemplateId": 105517}]]
1061002	2066001	[{"Type": 3, "TemplateId": 511}, {"Type": 3, "TemplateId": 102}, {"Type": 3, "TemplateId": 506}]	[3016005, 3026005, 3036005, 3046006, 3056005, 3066006]	[[{"Type": 1, "TemplateId": 33}], [{"Type": 2, "TemplateId": 105523}]]
1061003	2066002	[{"Type": 3, "TemplateId": 511}, {"Type": 3, "TemplateId": 102}, {"Type": 3, "TemplateId": 506}]	[3016009, 3026013, 3036009, 3046013, 3056013, 3066013]	[[{"Type": 1, "TemplateId": 30}], [{"Type": 2, "TemplateId": 105523}]]
1071002	2076001	[{"Type": 3, "TemplateId": 102}, {"Type": 3, "TemplateId": 103}, {"Type": 3, "TemplateId": 500}]	[3016004, 3026005, 3036004, 3046005, 3056005, 3066005]	[[{"Type": 1, "TemplateId": 33}], [{"Type": 2, "TemplateId": 107221}]]
1071003	2076002	[{"Type": 3, "TemplateId": 102}, {"Type": 3, "TemplateId": 103}, {"Type": 3, "TemplateId": 500}]	[3016004, 3026002, 3036004, 3046002, 3056002, 3066002]	[[{"Type": 2, "TemplateId": 107301}, {"Type": 2, "TemplateId": 107306}], [{"Type": 1, "TemplateId": 30}]]
1071004	2286001	[{"Type": 3, "TemplateId": 511}, {"Type": 3, "TemplateId": 102}, {"Type": 3, "TemplateId": 506}]	[3016013, 3026029, 3036013, 3046029, 3056029, 3066029]	[[{"Type": 1, "TemplateId": 33}], [{"Type": 2, "TemplateId": 107421}]]
1081002	2086001	[{"Type": 3, "TemplateId": 102}, {"Type": 3, "TemplateId": 103}, {"Type": 3, "TemplateId": 500}]	[3016004, 3026014, 3036004, 3046014, 3056014, 3066014]	[[{"Type": 1, "TemplateId": 33}], [{"Type": 2, "TemplateId": 108221}]]
1081003	2086002	[{"Type": 3, "TemplateId": 102}, {"Type": 3, "TemplateId": 103}, {"Type": 3, "TemplateId": 500}]	[3016013, 3026013, 3036013, 3046006, 3056013, 3066006]	[[{"Type": 1, "TemplateId": 33}], [{"Type": 2, "TemplateId": 108317}]]
1081004	2406001	[{"Type": 3, "TemplateId": 511}, {"Type": 3, "TemplateId": 102}, {"Type": 3, "TemplateId": 101}]	[3016038, 3026038, 3036038, 3046002, 3056038, 3066002]	[[{"Type": 2, "TemplateId": 108401}], [{"Type": 2, "TemplateId": 105523}]]
1091002	2096001	[{"Type": 3, "TemplateId": 511}, {"Type": 3, "TemplateId": 102}, {"Type": 3, "TemplateId": 506}]	[3016007, 3026007, 3036007, 3046008, 3056007, 3066008]	[[{"Type": 1, "TemplateId": 33}], [{"Type": 2, "TemplateId": 105523}]]
1091003	2336001	[{"Type": 3, "TemplateId": 502}, {"Type": 3, "TemplateId": 501}, {"Type": 3, "TemplateId": 102}]	[3016011, 3026007, 3036011, 3046007, 3056007, 3066007]	[[{"Type": 1, "TemplateId": 33}], [{"Type": 2, "TemplateId": 138323}]]
1111002	2016003	[{"Type": 3, "TemplateId": 501}, {"Type": 3, "TemplateId": 502}, {"Type": 0, "TemplateId": null}]	[3016011, 3026007, 3036011, 3046007, 3056007, 3066007]	[[{"Type": 1, "TemplateId": 30}], [{"Type": 2, "TemplateId": 111221}]]
1121002	2096002	[{"Type": 3, "TemplateId": 511}, {"Type": 3, "TemplateId": 102}, {"Type": 3, "TemplateId": 506}]	[3016009, 3026007, 3036009, 3046007, 3056007, 3066007]	[[{"Type": 1, "TemplateId": 30}], [{"Type": 2, "TemplateId": 105523}]]
1121003	2206001	[{"Type": 3, "TemplateId": 511}, {"Type": 3, "TemplateId": 506}, {"Type": 3, "TemplateId": 102}]	[3016009, 3026007, 3036009, 3046007, 3056007, 3066007]	[[{"Type": 1, "TemplateId": 33}], [{"Type": 2, "TemplateId": 105523}]]
1131002	2026006	[{"Type": 3, "TemplateId": 501}, {"Type": 3, "TemplateId": 502}, {"Type": 0, "TemplateId": null}]	[3016011, 3026007, 3036011, 3046007, 3056007, 3066007]	[[{"Type": 1, "TemplateId": 30}], [{"Type": 1, "TemplateId": 30}]]
1131003	2236001	[{"Type": 3, "TemplateId": 511}, {"Type": 3, "TemplateId": 102}, {"Type": 3, "TemplateId": 506}]	[3016009, 3026022, 3036009, 3046022, 3056022, 3066022]	[[{"Type": 1, "TemplateId": 30}], [{"Type": 2, "TemplateId": 113321}]]
1131004	2546001	[{"Type": 3, "TemplateId": 102}, {"Type": 3, "TemplateId": 502}, {"Type": 3, "TemplateId": 501}]	[3016011, 3026007, 3036011, 3046007, 3056007, 3066007]	[[{"Type": 1, "TemplateId": 33}], [{"Type": 2, "TemplateId": 138323}]]
1141003	2116001	[{"Type": 3, "TemplateId": 511}, {"Type": 3, "TemplateId": 102}, {"Type": 3, "TemplateId": 506}]	[3016017, 3026017, 3036017, 3046008, 3056017, 3066008]	[[{"Type": 1, "TemplateId": 33}], [{"Type": 0, "TemplateId": null}]]
1161002	2146001	[{"Type": 3, "TemplateId": 511}, {"Type": 3, "TemplateId": 506}, {"Type": 3, "TemplateId": 102}]	[3016009, 3026007, 3036009, 3046007, 3056007, 3066007]	[[{"Type": 1, "TemplateId": 30}], [{"Type": 2, "TemplateId": 105523}]]
1171003	2176001	[{"Type": 3, "TemplateId": 102}, {"Type": 3, "TemplateId": 103}, {"Type": 3, "TemplateId": 500}]	[3016004, 3026019, 3036004, 3046019, 3056019, 3066019]	[[{"Type": 1, "TemplateId": 30}], [{"Type": 2, "TemplateId": 117321}]]
1171004	2436001	[{"Type": 3, "TemplateId": 102}, {"Type": 3, "TemplateId": 500}, {"Type": 3, "TemplateId": 103}]	[3016041, 3026041, 3036041, 3046006, 3056041, 3066006]	[[{"Type": 1, "TemplateId": 33}], [{"Type": 2, "TemplateId": 117417}]]
1181003	2126001	[{"Type": 3, "TemplateId": 102}, {"Type": 3, "TemplateId": 500}, {"Type": 3, "TemplateId": 103}]	[3016004, 3026006, 3036004, 3046006, 3056006, 3066006]	[[{"Type": 1, "TemplateId": 33}], [{"Type": 2, "TemplateId": 118317}]]
1191003	2166001	[{"Type": 3, "TemplateId": 501}, {"Type": 3, "TemplateId": 502}, {"Type": 3, "TemplateId": 103}]	[3016010, 3026007, 3036010, 3046007, 3056007, 3066007]	[[{"Type": 1, "TemplateId": 33}], [{"Type": 2, "TemplateId": 119317}]]
1201003	2156001	[{"Type": 3, "TemplateId": 511}, {"Type": 3, "TemplateId": 102}, {"Type": 3, "TemplateId": 103}]	[3016014, 3026014, 3036014, 3046008, 3056014, 3066008]	[[{"Type": 1, "TemplateId": 33}], [{"Type": 2, "TemplateId": 105523}]]
1211002	2186001	[{"Type": 3, "TemplateId": 501}, {"Type": 3, "TemplateId": 502}, {"Type": 3, "TemplateId": 102}]	[3016011, 3026007, 3036011, 3046007, 3056007, 3066007]	[[{"Type": 1, "TemplateId": 30}], [{"Type": 1, "TemplateId": 30}]]
1211003	2466001	[{"Type": 3, "TemplateId": 511}, {"Type": 3, "TemplateId": 101}, {"Type": 3, "TemplateId": 506}]	[3016015, 3026043, 3036015, 3046043, 3056043, 3066043]	[[{"Type": 1, "TemplateId": 33}], [{"Type": 2, "TemplateId": 121317}]]
1221002	2216001	[{"Type": 3, "TemplateId": 511}, {"Type": 3, "TemplateId": 102}, {"Type": 3, "TemplateId": 506}]	[3016009, 3026013, 3036009, 3046013, 3056013, 3066013]	[[{"Type": 1, "TemplateId": 30}], [{"Type": 2, "TemplateId": 105523}]]
1221003	2366001	[{"Type": 3, "TemplateId": 501}, {"Type": 3, "TemplateId": 502}, {"Type": 3, "TemplateId": 102}]	[3016011, 3026035, 3036011, 3046035, 3056035, 3066035]	[[{"Type": 1, "TemplateId": 33}], [{"Type": 2, "TemplateId": 122321}]]
1231002	2316001	[{"Type": 3, "TemplateId": 102}, {"Type": 3, "TemplateId": 500}, {"Type": 3, "TemplateId": 103}]	[3016004, 3026005, 3036004, 3046005, 3056005, 3066005]	[[{"Type": 2, "TemplateId": 123201}], [{"Type": 1, "TemplateId": 30}]]
1241002	2356001	[{"Type": 3, "TemplateId": 501}, {"Type": 3, "TemplateId": 502}, {"Type": 3, "TemplateId": 102}]	[3016010, 3026007, 3036010, 3046007, 3056007, 3066007]	[[{"Type": 1, "TemplateId": 33}], [{"Type": 1, "TemplateId": 33}]]
1241003	2456001	[{"Type": 3, "TemplateId": 511}, {"Type": 3, "TemplateId": 102}, {"Type": 3, "TemplateId": 101}]	[3016042, 3026042, 3036042, 3046014, 3056042, 3066014]	[[{"Type": 1, "TemplateId": 33}], [{"Type": 2, "TemplateId": 105523}]]
1251002	2376001	[{"Type": 3, "TemplateId": 102}, {"Type": 3, "TemplateId": 500}, {"Type": 3, "TemplateId": 103}]	[3016003, 3026003, 3036003, 3046022, 3056003, 3066022]	[[{"Type": 1, "TemplateId": 30}], [{"Type": 2, "TemplateId": 125217}]]
1261003	2046003	[{"Type": 3, "TemplateId": 502}, {"Type": 3, "TemplateId": 501}, {"Type": 3, "TemplateId": 102}]	[3016036, 3026036, 3036036, 3046007, 3056036, 3066007]	[[{"Type": 1, "TemplateId": 33}], [{"Type": 2, "TemplateId": 138323}]]
1271003	2386001	[{"Type": 3, "TemplateId": 102}, {"Type": 3, "TemplateId": 500}, {"Type": 3, "TemplateId": 103}]	[3016006, 3026037, 3036006, 3046037, 3056037, 3066037]	[[{"Type": 1, "TemplateId": 33}], [{"Type": 2, "TemplateId": 127317}]]
1281002	2396001	[{"Type": 3, "TemplateId": 102}, {"Type": 3, "TemplateId": 103}, {"Type": 3, "TemplateId": 500}]	[3016005, 3026005, 3036005, 3046024, 3056005, 3066024]	[[{"Type": 2, "TemplateId": 128211}], [{"Type": 0, "TemplateId": null}]]
1291002	2426001	[{"Type": 3, "TemplateId": 501}, {"Type": 3, "TemplateId": 502}, {"Type": 3, "TemplateId": 102}]	[3016011, 3026007, 3036011, 3046007, 3056007, 3066007]	[[{"Type": 1, "TemplateId": 33}], [{"Type": 1, "TemplateId": 33}]]
1301002	2446001	[{"Type": 3, "TemplateId": 511}, {"Type": 3, "TemplateId": 102}, {"Type": 3, "TemplateId": 506}]	[3016009, 3026002, 3036009, 3046002, 3056002, 3066002]	[[{"Type": 1, "TemplateId": 33}], [{"Type": 2, "TemplateId": 130217}]]
1311002	2486001	[{"Type": 3, "TemplateId": 102}, {"Type": 3, "TemplateId": 500}, {"Type": 3, "TemplateId": 103}]	[3016004, 3026003, 3036004, 3046003, 3056003, 3066003]	[[{"Type": 1, "TemplateId": 33}], [{"Type": 2, "TemplateId": 131217}]]
1321003	2506001	[{"Type": 3, "TemplateId": 102}, {"Type": 3, "TemplateId": 511}, {"Type": 3, "TemplateId": 502}]	[3016006, 3026047, 3036006, 3046047, 3056047, 3066047]	[[{"Type": 1, "TemplateId": 33}], [{"Type": 2, "TemplateId": 132317}]]
1331003	2516001	[{"Type": 3, "TemplateId": 502}, {"Type": 3, "TemplateId": 501}, {"Type": 3, "TemplateId": 102}]	[3016006, 3026048, 3036006, 3046048, 3056048, 3066048]	[[{"Type": 1, "TemplateId": 33}], [{"Type": 2, "TemplateId": 133317}]]
1341002	2536001	[{"Type": 3, "TemplateId": 102}, {"Type": 3, "TemplateId": 500}, {"Type": 3, "TemplateId": 103}]	[3016004, 3026013, 3036004, 3046013, 3056013, 3066013]	[[{"Type": 2, "TemplateId": 132201}], [{"Type": 2, "TemplateId": 132221}]]
1351003	2556001	[{"Type": 3, "TemplateId": 102}, {"Type": 3, "TemplateId": 500}, {"Type": 3, "TemplateId": 101}]	[3016014, 3026014, 3036014, 3046006, 3056014, 3066006]	[[{"Type": 1, "TemplateId": 33}], [{"Type": 2, "TemplateId": 136317}]]
1361003	2566001	[{"Type": 3, "TemplateId": 102}, {"Type": 3, "TemplateId": 500}, {"Type": 3, "TemplateId": 103}]	[3016006, 3026002, 3036006, 3046002, 3056002, 3066002]	[[{"Type": 1, "TemplateId": 33}], [{"Type": 2, "TemplateId": 136317}]]
1371002	2586001	[{"Type": 3, "TemplateId": 102}, {"Type": 3, "TemplateId": 500}, {"Type": 3, "TemplateId": 103}]	[3016014, 3026014, 3036014, 3046006, 3056014, 3066006]	[[{"Type": 1, "TemplateId": 33}], [{"Type": 2, "TemplateId": 137217}]]
1381003	2596001	[{"Type": 3, "TemplateId": 502}, {"Type": 3, "TemplateId": 501}, {"Type": 3, "TemplateId": 101}]	[3016053, 3026007, 3036053, 3046007, 3056007, 3066007]	[[{"Type": 1, "TemplateId": 33}], [{"Type": 2, "TemplateId": 138323}]]
1511003	2106001	[{"Type": 3, "TemplateId": 303}, {"Type": 3, "TemplateId": 302}, {"Type": 3, "TemplateId": 301}]	[3016016, 3026016, 3036016, 3046016, 3056016, 3066016]	[[{"Type": 2, "TemplateId": 115201}, {"Type": 2, "TemplateId": 115206}, {"Type": 2, "TemplateId": 115211}], [{"Type": 1, "TemplateId": 30}]]
1521003	2136001	[{"Type": 3, "TemplateId": 303}, {"Type": 3, "TemplateId": 302}, {"Type": 3, "TemplateId": 301}]	[3016018, 3026018, 3036018, 3046018, 3056018, 3066018]	[[{"Type": 1, "TemplateId": 33}], [{"Type": 2, "TemplateId": 152317}]]
1521004	2416001	[{"Type": 3, "TemplateId": 102}, {"Type": 3, "TemplateId": 500}, {"Type": 3, "TemplateId": 103}]	[3016040, 3026040, 3036040, 3046015, 3056040, 3066015]	[[{"Type": 1, "TemplateId": 33}], [{"Type": 0, "TemplateId": null}]]
1531003	2196001	[{"Type": 3, "TemplateId": 303}, {"Type": 3, "TemplateId": 302}, {"Type": 3, "TemplateId": 301}]	[3016020, 3026020, 3036020, 3046020, 3056020, 3066020]	[[{"Type": 1, "TemplateId": 30}], [{"Type": 2, "TemplateId": 153317}]]
1531004	2256001	[{"Type": 3, "TemplateId": 501}, {"Type": 3, "TemplateId": 502}, {"Type": 3, "TemplateId": 102}]	[3016009, 3026025, 3036009, 3046025, 3056025, 3066025]	[[{"Type": 1, "TemplateId": 33}], [{"Type": 2, "TemplateId": 138323}]]
1531005	2526001	[{"Type": 3, "TemplateId": 102}, {"Type": 3, "TemplateId": 500}, {"Type": 3, "TemplateId": 103}]	[3016049, 3026049, 3036049, 3046006, 3056049, 3066006]	[[{"Type": 1, "TemplateId": 33}], [{"Type": 2, "TemplateId": 153521}]]
1541003	2226001	[{"Type": 3, "TemplateId": 303}, {"Type": 3, "TemplateId": 302}, {"Type": 3, "TemplateId": 301}]	[3016023, 3026023, 3036023, 3046023, 3056023, 3066023]	[[{"Type": 2, "TemplateId": 154306}], [{"Type": 2, "TemplateId": 154317}]]
1551003	2266001	[{"Type": 3, "TemplateId": 303}, {"Type": 3, "TemplateId": 302}, {"Type": 3, "TemplateId": 301}]	[3016026, 3026026, 3036026, 3046026, 3056026, 3066026]	[[{"Type": 1, "TemplateId": 33}], [{"Type": 2, "TemplateId": 155317}]]
1561003	2096003	[{"Type": 3, "TemplateId": 303}, {"Type": 3, "TemplateId": 302}, {"Type": 3, "TemplateId": 301}]	[3016028, 3026028, 3036028, 3046028, 3056028, 3066028]	[[{"Type": 1, "TemplateId": 30}], [{"Type": 2, "TemplateId": 156317}]]
1571003	2296001	[{"Type": 3, "TemplateId": 303}, {"Type": 3, "TemplateId": 302}, {"Type": 3, "TemplateId": 301}]	[3016030, 3026030, 3036030, 3046030, 3056030, 3066030]	[[{"Type": 1, "TemplateId": 30}], [{"Type": 2, "TemplateId": 105321}]]
