Id	Type	Order	Name	BigIcon	Path	Description	WorldDesc	IsFree	ConvertItemId	ConvertItemCount	TimeLimitType	ConnotationDesc	Duration	PackageId	GIFAsset
11000001	1	1	Stamp 1	Assets/Product/Texture/Image/IconExpression/IconExpressA1.png	Assets/Product/Texture/Image/IconExpression/IconExpressA1.png	Chat Stamp	One of the default stamps	1	1	10000	1	Cheerful			
11000002	1	2	Stamp 2	Assets/Product/Texture/Image/IconExpression/IconExpressA2.png	Assets/Product/Texture/Image/IconExpression/IconExpressA2.png	Chat Stamp	One of the default stamps	1	1	10000	1	See Ya			
11000003	1	3	Stamp 3	Assets/Product/Texture/Image/IconExpression/IconExpressA3.png	Assets/Product/Texture/Image/IconExpression/IconExpressA3.png	Chat Stamp	One of the default stamps	1	1	10000	1	uwu			
11000004	1	4	Stamp 4	Assets/Product/Texture/Image/IconExpression/IconExpressA4.png	Assets/Product/Texture/Image/IconExpression/IconExpressA4.png	Chat Stamp	One of the default stamps	1	1	10000	1	Yo			
11000005	1	5	Stamp 5	Assets/Product/Texture/Image/IconExpression/IconExpressA5.png	Assets/Product/Texture/Image/IconExpression/IconExpressA5.png	Chat Stamp	One of the default stamps	1	1	10000	1	...			
11000006	1	6	Stamp 6	Assets/Product/Texture/Image/IconExpression/IconExpressA6.png	Assets/Product/Texture/Image/IconExpression/IconExpressA6.png	Chat Stamp	One of the default stamps	1	1	10000	1	Hmph!			
11000007	1	7	Stamp - Dance To It	Assets/Product/Texture/Image/IconExpression/IconExpressA7.png	Assets/Product/Texture/Image/IconExpression/IconExpressA7.png	Chat Stamp	Please, hear my song — Bianca: Veritas		1	10000	1	Dance To It			
11000008	1	8	Stamp - Dinner's Ready	Assets/Product/Texture/Image/IconExpression/IconExpressA8.png	Assets/Product/Texture/Image/IconExpression/IconExpressA8.png	Chat Stamp	Dinner's ready, guys — Chrome: Arclight		1	10000	1	Dinner's Ready			
11000009	1	9	Stamp - Good Shot	Assets/Product/Texture/Image/IconExpression/IconExpressA9.png	Assets/Product/Texture/Image/IconExpression/IconExpressA9.png	Chat Stamp	No one can escape my shots. —Lee: Palefire		1	10000	1	Good Shot			
11000010	1	10	Stamp - Hmph	Assets/Product/Texture/Image/IconExpression/IconExpressA10.png	Assets/Product/Texture/Image/IconExpression/IconExpressA10.png	Chat Stamp	Hmph—Lee: Palefire		1	10000	1	Huh			
11000011	1	11	Stamp - Newbie	Assets/Product/Texture/Image/IconExpression/IconExpressA11.png	Assets/Product/Texture/Image/IconExpression/IconExpressA11.png	Chat Stamp	Awarded to the top 30%-95% in Simulated Siege		1	10000	2	Newbie	604800		
11000012	1	12	Stamp - Veteran	Assets/Product/Texture/Image/IconExpression/IconExpressA12.png	Assets/Product/Texture/Image/IconExpression/IconExpressA12.png	Chat Stamp	Awarded to the top 10%-30% in Simulated Siege		1	10000	2	Veteran	604800		
11000013	1	13	Stamp - Expert	Assets/Product/Texture/Image/IconExpression/IconExpressA13.png	Assets/Product/Texture/Image/IconExpression/IconExpressA13.png	Chat Stamp	Awarded to the top 5%-10% in Simulated Siege		1	10000	2	Expert	604800		
11000014	1	14	Stamp - Ace	Assets/Product/Texture/Image/IconExpression/IconExpressA14.png	Assets/Product/Texture/Image/IconExpression/IconExpressA14.png	Chat Stamp	Awarded to the top 1%-5% in Simulated Siege		1	10000	2	Ace	604800		
11000015	1	15	Stamp - Ultimate	Assets/Product/Texture/Image/IconExpression/IconExpressA15.png	Assets/Product/Texture/Image/IconExpression/IconExpressA15.png	Chat Stamp	Awarded to the top 1% in Simulated Siege		1	10000	2	Master	604800		
11000016	1	16	Stamp - Love Love	Assets/Product/Texture/Image/IconExpression/IconExpressA16.png	Assets/Product/Texture/Image/IconExpression/IconExpressA16.png	Chat Stamp	Love Love — Lucia: Plume		1	10000	1	Love Love			
11000017	1	17	Stamp - You have many Cogs	Assets/Product/Texture/Image/IconExpression/IconExpressA17.png	Assets/Product/Texture/Image/IconExpression/IconExpressA17.png	Chat Stamp	So many Cogs — Kamui		1	10000	1	So Many Cogs			
11000018	1	18	Stamp - Phew	Assets/Product/Texture/Image/IconExpression/IconExpressA18.png	Assets/Product/Texture/Image/IconExpression/IconExpressA18.png	Chat Stamp	Phew! — Nanami: Pulse		1	10000	1	Phew			
11000019	1	19	Stamp - Happy Year of Rabbit	Assets/Product/Texture/Image/IconExpression/IconExpressA19.png	Assets/Product/Texture/Image/IconExpression/IconExpressA19.png	Spring Festival - Claim to use this stamp for 7 days	Happy Year of Rabbit - Karenina		1	10000	2	Happy Year of Rabbit	604800		
11000020	1	20	Stamp - Wishes come true	Assets/Product/Texture/Image/IconExpression/IconExpressA20.png	Assets/Product/Texture/Image/IconExpression/IconExpressA20.png	Spring Festival - Claim to use this stamp for 7 days	Wishes come true - Pulao		1	10000	2	Wishes Come True	604800		
11000021	1	21	Stamp - Great wealth	Assets/Product/Texture/Image/IconExpression/IconExpressA21.png	Assets/Product/Texture/Image/IconExpression/IconExpressA21.png	Spring Festival - Claim to use this stamp for 7 days	Great wealth - Changyu		1	10000	2	Great Wealth	604800		
11000022	1	22	Stamp - Firecrackers	Assets/Product/Texture/Image/IconExpression/IconExpressA22.png	Assets/Product/Texture/Image/IconExpression/IconExpressA22.png	Spring Festival - Claim to use this stamp for 7 days	Firecrackers - Chrome		1	10000	2	Firecrackers	604800		
11000023	1	23	Stamp - Great Luck	Assets/Product/Texture/Image/IconExpression/IconExpressA23.png	Assets/Product/Texture/Image/IconExpression/IconExpressA23.png	Spring Festival - Claim to use this stamp for 7 days	Great luck - Kamui		1	10000	2	Great Luck	604800		
11000024	1	24	Stamp - Sleepy	Assets/Product/Texture/Image/IconExpression/IconExpressA24.png	Assets/Product/Texture/Image/IconExpression/IconExpressA24.png	Chat Stamp — Available from Restrain Simulation	Sleepy — Wanshi		1	10000	1	Nite-Nite			
11000025	1	25	Emoji - Voting Time!	Assets/Product/Texture/Image/IconExpression/IconExpressA25.png	Assets/Product/Texture/Image/IconExpression/IconExpressA25.png	"Chatting Emoji—Obtain by participating in ""Eden Festival Support"" Event"	Voting Time—Celica		1	10000	1	Voting Time!		1000	
11000026	1	26	Stamp - Hug	Assets/Product/Texture/Image/IconExpression/IconExpressA26.png	Assets/Product/Texture/Image/IconExpression/IconExpressA26.png	"Chat Stamp — Obtained by participating in the ""Spectroscopic Binary Star"" event"	Hug ?— Liv		1	10000	1	Hug		1000	
11000027	1	27	Stamp - Choo	Assets/Product/Texture/Image/IconExpression/IconExpressA27.png	Assets/Product/Texture/Image/IconExpression/IconExpressA27.png	"Chat Stamp — Obtained by participating in the ""Ultimate Brawl"" event"	Choo ?— Liv		1	10000	1	Choo		1000	
11000028	1	28	Achievement Stamp - Palefire	Assets/Product/Texture/Image/IconExpression/IconExpressA28.png	Assets/Product/Texture/Image/IconExpression/IconExpressA28.png	Evolve Achievement Stamp - Palefire to SSS	Achievement - Palefire		1	10000	1	Is It Opposite?		1001	
11000029	1	29	Achievement Stamp - Lotus	Assets/Product/Texture/Image/IconExpression/IconExpressA29.png	Assets/Product/Texture/Image/IconExpression/IconExpressA29.png	Evolve Achievement Stamp - Lotus to SSS	Achievement - Lotus		1	10000	1	I Smell Conspiracy		1001	
11000030	1	30	Achievement Stamp - Eclipse	Assets/Product/Texture/Image/IconExpression/IconExpressA30.png	Assets/Product/Texture/Image/IconExpression/IconExpressA30.png	Evolve Achievement Stamp - Eclipse to SSS	Achievement - Eclipse		1	10000	1	Zzz...		1001	
11000031	1	31	Achievement Stamp - Zero	Assets/Product/Texture/Image/IconExpression/IconExpressA31.png	Assets/Product/Texture/Image/IconExpression/IconExpressA31.png	Evolve Achievement Stamp - Zero to SSS	Achievement - Zero		1	10000	1	Seething		1001	
11000032	1	32	Achievement Stamp - Storm	Assets/Product/Texture/Image/IconExpression/IconExpressA32.png	Assets/Product/Texture/Image/IconExpression/IconExpressA32.png	Evolve Achievement Stamp - Storm to SSS	Achievement - Storm		1	10000	1	Hehe!		1001	
11000033	1	33	Achievement Stamp - Bastion	Assets/Product/Texture/Image/IconExpression/IconExpressA33.png	Assets/Product/Texture/Image/IconExpression/IconExpressA33.png	Evolve Achievement Stamp - Bastion to SSS	Achievement - Bastion		1	10000	1	Elegant		1001	
11000034	1	34	Achievement Stamp - Blast	Assets/Product/Texture/Image/IconExpression/IconExpressA34.png	Assets/Product/Texture/Image/IconExpression/IconExpressA34.png	Evolve Achievement Stamp - Blast to SSS	Achievement - Blast		1	10000	1	You Got A Problem?		1001	
11000035	1	35	Achievement Stamp - Nightblade	Assets/Product/Texture/Image/IconExpression/IconExpressA35.png	Assets/Product/Texture/Image/IconExpression/IconExpressA35.png	Evolve Achievement Stamp - Nightblade to SSS	Achievement - Nightblade		1	10000	1	Happy Birthday		1001	
11000036	1	36	Achievement Stamp - Dawn	Assets/Product/Texture/Image/IconExpression/IconExpressA36.png	Assets/Product/Texture/Image/IconExpression/IconExpressA36.png	Evolve Achievement Stamp - Dawn to SSS	Achievement - Dawn		1	10000	1	Calm Analysis		1001	
11000037	1	37	Achievement Stamp - Lux	Assets/Product/Texture/Image/IconExpression/IconExpressA37.png	Assets/Product/Texture/Image/IconExpression/IconExpressA37.png	Evolve Achievement Stamp - Lux to SSS	Achievement - Lux		1	10000	1	Liv Is Troubled		1001	
11000038	1	38	Achievement Stamp - Luminance	Assets/Product/Texture/Image/IconExpression/IconExpressA38.png	Assets/Product/Texture/Image/IconExpression/IconExpressA38.png	Evolve Achievement Stamp - Luminance to SSS	Achievement - Luminance		1	10000	1	Anticipation		1001	
11000039	1	39	Achievement Stamp - Tenebrion	Assets/Product/Texture/Image/IconExpression/IconExpressA39.png	Assets/Product/Texture/Image/IconExpression/IconExpressA39.png	Evolve Achievement Stamp - Tenebrion to SSS	Achievement - Tenebrion		1	10000	1	Pocket Empty		1001	
11000040	1	40	Achievement Stamp - Entropy	Assets/Product/Texture/Image/IconExpression/IconExpressA40.png	Assets/Product/Texture/Image/IconExpression/IconExpressA40.png	Evolve Achievement Stamp - Entropy to SSS	Achievement - Entropy		1	10000	1	I Can't Look at This		1001	
11000041	1	41	Achievement Stamp - Ember	Assets/Product/Texture/Image/IconExpression/IconExpressA41.png	Assets/Product/Texture/Image/IconExpression/IconExpressA41.png	Evolve Achievement Stamp - Ember to SSS	Achievement - Ember		1	10000	1	Hmph		1001	
11000042	1	42	Achievement Stamp - Pulse	Assets/Product/Texture/Image/IconExpression/IconExpressA42.png	Assets/Product/Texture/Image/IconExpression/IconExpressA42.png	Evolve Achievement Stamp - Pulse to SSS	Achievement - Pulse		1	10000	1	Uh-oh		1001	
11000043	1	43	Achievement Stamp - Crimson Abyss	Assets/Product/Texture/Image/IconExpression/IconExpressA43.png	Assets/Product/Texture/Image/IconExpression/IconExpressA43.png	Evolve Achievement Stamp - Crimson Abyss to SSS	Achievement - Crimson Abyss		1	10000	1	Get On		1001	
11000044	1	44	Achievement Stamp - Astral	Assets/Product/Texture/Image/IconExpression/IconExpressA44.png	Assets/Product/Texture/Image/IconExpression/IconExpressA44.png	Evolve Achievement Stamp - Astral to SSS	Achievement - Astral		1	10000	1	Sneak Peek		1001	
11000045	1	45	Achievement Stamp - Brilliance	Assets/Product/Texture/Image/IconExpression/IconExpressA45.png	Assets/Product/Texture/Image/IconExpression/IconExpressA45.png	Evolve Achievement Stamp - Brilliance to SSS	Achievement - Brilliance		1	10000	1	Buy Them All!		1001	
11000046	1	46	Achievement Stamp - Veritas	Assets/Product/Texture/Image/IconExpression/IconExpressA46.png	Assets/Product/Texture/Image/IconExpression/IconExpressA46.png	Evolve Achievement Stamp - Veritas to SSS	Achievement - Veritas		1	10000	1	Well Done		1001	
11000047	1	47	Achievement Stamp - Silverfang	Assets/Product/Texture/Image/IconExpression/IconExpressA47.png	Assets/Product/Texture/Image/IconExpression/IconExpressA47.png	Evolve Achievement Stamp - Silverfang to SSS	Achievement - Silverfang		1	10000	1	No Difficulty		1001	
11000048	1	48	Achievement Stamp - Arclight	Assets/Product/Texture/Image/IconExpression/IconExpressA48.png	Assets/Product/Texture/Image/IconExpression/IconExpressA48.png	Evolve Achievement Stamp - Arclight to SSS	Achievement - Arclight		1	10000	1	Look At The Big Picture		1001	
11000049	1	49	Achievement Stamp - Plume	Assets/Product/Texture/Image/IconExpression/IconExpressA49.png	Assets/Product/Texture/Image/IconExpression/IconExpressA49.png	Evolve Achievement Stamp - Plume to SSS	Achievement - Plume		1	10000	1	Wanna Taste It?		1001	
11000050	1	50	Achievement Stamp - Rozen	Assets/Product/Texture/Image/IconExpression/IconExpressA50.png	Assets/Product/Texture/Image/IconExpression/IconExpressA50.png	Evolve Achievement Stamp - Rozen to SSS	Achievement - Rozen		1	10000	1	Figure It Out Yourself		1001	
11000051	1	51	Achievement Stamp - Crocotta	Assets/Product/Texture/Image/IconExpression/IconExpressA51.png	Assets/Product/Texture/Image/IconExpression/IconExpressA51.png	Evolve Achievement Stamp - Crocotta to SSS	Achievement - Crocotta		1	10000	1	Hungry		1001	
11000052	1	52	Achievement Stamp - Rigor	Assets/Product/Texture/Image/IconExpression/IconExpressA52.png	Assets/Product/Texture/Image/IconExpression/IconExpressA52.png	Evolve Achievement Stamp - Rigor to SSS	Achievement - Rigor		1	10000	1	Can't Understand		1001	
11000053	1	53	Achievement Stamp - Pavo	Assets/Product/Texture/Image/IconExpression/IconExpressA53.png	Assets/Product/Texture/Image/IconExpression/IconExpressA53.png	Evolve Achievement Stamp - Pavo to SSS	Achievement - Pavo		1	10000	1	Ride the Wind		1001	
11000054	1	54	Achievement Stamp - Qilin	Assets/Product/Texture/Image/IconExpression/IconExpressA54.png	Assets/Product/Texture/Image/IconExpression/IconExpressA54.png	Evolve Achievement Stamp - Qilin to SSS	Achievement - Qilin		1	10000	1	Hehe Money		1001	
11000055	1	55	Achievement Stamp - Laurel	Assets/Product/Texture/Image/IconExpression/IconExpressA55.png	Assets/Product/Texture/Image/IconExpression/IconExpressA55.png	Evolve Achievement Stamp - Laurel to SSS	Achievement - Laurel		1	10000	1	Unhappy		1001	
11000056	1	56	Achievement Stamp - Hypnos	Assets/Product/Texture/Image/IconExpression/IconExpressA56.png	Assets/Product/Texture/Image/IconExpression/IconExpressA56.png	Evolve Achievement Stamp - Hypnos to SSS	Achievement - Hypnos		1	10000	1	I'm Awake Don't Pinch		1001	
11000057	1	57	Achievement Stamp - Tempest	Assets/Product/Texture/Image/IconExpression/IconExpressA57.png	Assets/Product/Texture/Image/IconExpression/IconExpressA57.png	Evolve Achievement Stamp - Tempest to SSS	Achievement - Tempest		1	10000	1	Tactful		1001	
11000058	1	58	Achievement Stamp - Glory	Assets/Product/Texture/Image/IconExpression/IconExpressA58.png	Assets/Product/Texture/Image/IconExpression/IconExpressA58.png	Evolve Achievement Stamp - Glory to SSS	Achievement - Glory		1	10000	1	How About I Go?		1001	
11000059	1	59	Achievement Stamp - XXI	Assets/Product/Texture/Image/IconExpression/IconExpressA59.png	Assets/Product/Texture/Image/IconExpression/IconExpressA59.png	Evolve Achievement Stamp - XXI to SSS	Achievement - XXI		1	10000	1	Pat Pat		1001	
11000060	1	60	Achievement Stamp - Garnet	Assets/Product/Texture/Image/IconExpression/IconExpressA60.png	Assets/Product/Texture/Image/IconExpression/IconExpressA60.png	Evolve Achievement Stamp - Garnet to SSS	Achievement - Garnet		1	10000	1	That's It?		1001	
11000061	1	61	Achievement Stamp - Flambeau	Assets/Product/Texture/Image/IconExpression/IconExpressA61.png	Assets/Product/Texture/Image/IconExpression/IconExpressA61.png	Evolve Achievement Stamp - Flambeau to SSS	Achievement - Flambeau		1	10000	1	Fine, My Bad		1001	
11000062	1	62	Achievement Stamp - Empyrea	Assets/Product/Texture/Image/IconExpression/IconExpressA62.png	Assets/Product/Texture/Image/IconExpression/IconExpressA62.png	Evolve Achievement Stamp - Empyrea to SSS	Achievement - Empyrea		1	10000	1	Thank You		1001	
11000063	1	63	Achievement Stamp - Capriccio	Assets/Product/Texture/Image/IconExpression/IconExpressA63.png	Assets/Product/Texture/Image/IconExpression/IconExpressA63.png	Evolve Achievement Stamp - Capriccio to SSS	Achievement - Capriccio		1	10000	1	Leisurely Tune		1001	
11000064	1	64	Achievement Stamp - Yuan Ye	Assets/Product/Texture/Image/IconExpression/IconExpressA64.png	Assets/Product/Texture/Image/IconExpression/IconExpressA64.png	Evolve Achievement Stamp - Yuan Ye to SSS	Achievement - Yuan Ye		1	10000	1	Really?		1001	
11000065	1	65	Achievement Stamp - Noctua	Assets/Product/Texture/Image/IconExpression/IconExpressA65.png	Assets/Product/Texture/Image/IconExpression/IconExpressA65.png	Evolve Achievement Stamp - Noctua to SSS	Achievement - Noctua		1	10000	1	Yay!		1001	
11000066	1	66	Achievement Stamp - Toniris	Assets/Product/Texture/Image/IconExpression/IconExpressA66.png	Assets/Product/Texture/Image/IconExpression/IconExpressA66.png	Evolve Achievement Stamp - Toniris to SSS	Achievement - Toniris		1	10000	1	Take This		1001	
11000067	1	67	Achievement Stamp - Frost Oath	Assets/Product/Texture/Image/IconExpression/IconExpressA67.png	Assets/Product/Texture/Image/IconExpression/IconExpressA67.png	Evolve Achievement Stamp - Frost Oath to SSS	Achievement - Frost Oath		1	10000	1	Hmph		1001	
11000068	1	68	Achievement Stamp - Seeshell	Assets/Product/Texture/Image/IconExpression/IconExpressA68.png	Assets/Product/Texture/Image/IconExpression/IconExpressA68.png	Evolve Achievement Stamp - Seeshell to SSS	Achievement - Seeshell		1	10000	1	Open For Surprise		1001	
11000069	1	69	Achievement Stamp - Nitor	Assets/Product/Texture/Image/IconExpression/IconExpressA69.png	Assets/Product/Texture/Image/IconExpression/IconExpressA69.png	Evolve Achievement Stamp - Nitor to SSS	Achievement - Nitor		1	10000	1	Meow...		1001	
11000070	1	70	Achievement Stamp - Lingya	Assets/Product/Texture/Image/IconExpression/IconExpressA70.png	Assets/Product/Texture/Image/IconExpression/IconExpressA70.png	Evolve Achievement Stamp - Lingya to SSS	Achievement - Lingya		1	10000	1	Meal Is Ready		1001	
11000071	1	71	Achievement Stamp - Boreas	Assets/Product/Texture/Image/IconExpression/IconExpressA71.png	Assets/Product/Texture/Image/IconExpression/IconExpressA71.png	Evolve Achievement Stamp - Boreas to SSS	Achievement - Boreas		1	10000	1	For The Fries		1001	
11000072	1	72	Achievement Stamp - Dragontoll	Assets/Product/Texture/Image/IconExpression/IconExpressA72.png	Assets/Product/Texture/Image/IconExpression/IconExpressA72.png	Evolve Achievement Stamp - Dragontoll to SSS	Achievement - Dragontoll		1	10000	1	Thank You Boss		1001	
11000073	1	73	Achievement Stamp - Thorny	Assets/Product/Texture/Image/IconExpression/IconExpressA73.png	Assets/Product/Texture/Image/IconExpression/IconExpressA73.png	Evolve Achievement Stamp -Thorny to SSS	Achievement - Thorny		1	10000	1	Rolling Away		1001	
11000074	1	74	Achievement Stamp - Starfarer	Assets/Product/Texture/Image/IconExpression/IconExpressA79.png	Assets/Product/Texture/Image/IconExpression/IconExpressA79.png	Evolve Achievement Stamp - Starfarer to SSS	Achievement - Starfarer		1	10000	1	Nanami Did It		1001	
11000075	1	75	Achievement Stamp - Jet Jaeger	Assets/Product/Texture/Image/IconExpression/IconExpressA80.png	Assets/Product/Texture/Image/IconExpression/IconExpressA80.png	Evolve Achievement Stamp - Jet Jaeger to SSS	Achievement - Jet Jaeger		1	10000	1	Fierce As Tiger		1001	
11000076	1	76	Stamp - Blessings to You	Assets/Product/Texture/Image/IconExpression/IconExpressA81.png	Assets/Product/Texture/Image/IconExpression/IconExpressA81.png	Obtained from 2022 Spring Festival Event - Spring Blossom	Blessings to You - Nanami		1	10000	1	Blessings To You			
11000077	1	77	Stamp - You've Got a Boost	Assets/Product/Texture/Image/IconExpression/IconExpressA83.png	Assets/Product/Texture/Image/IconExpression/IconExpressA83.png	Obtained from the event - Cat Grab	You've Got a Boost - Bianca		1	10000	1	You've Got a Boost			
11000078	1	78	Stamp - Vigorous as Tiger	Assets/Product/Texture/Image/IconExpression/IconExpressA82.png	Assets/Product/Texture/Image/IconExpression/IconExpressA82.png	Obtained from the event - Cat Grab	Vigorous as Tiger - Kamui		1	10000	1	Vigorous as Tiger			
11000079	1	79	Stamp - Time for Dessert	Assets/Product/Texture/Image/IconExpression/IconExpressA77.png	Assets/Product/Texture/Image/IconExpression/IconExpressA77.png	Obtained from 2022 Lantern Festival Event - Handmade Blessings	Time for Dessert - Watanabe		1	10000	1	Time for Dessert			
11000080	1	80	Stamp - Wealth Wealth Whale	Assets/Product/Texture/Image/IconExpression/IconExpressA78.png	Assets/Product/Texture/Image/IconExpression/IconExpressA78.png	Obtained from the event - Fortune's Favor	Wealth Wealth Whale - Pulao		1	10000	1	Wealth Wealth Whale			
11000081	1	81	Stamp - I'm the Best	Assets/Product/Texture/Image/IconExpression/IconExpressA74.png	Assets/Product/Texture/Image/IconExpression/IconExpressA74.png	Obtained by clearing the Flat difficulty of the Guild Expedition	I'm the Best - Nanami		1	10000	1	I'm the Best			
11000082	1	82	Stamp - Easy-Peasy	Assets/Product/Texture/Image/IconExpression/IconExpressA75.png	Assets/Product/Texture/Image/IconExpression/IconExpressA75.png	Obtained by clearing the Dangerous difficulty of the Guild Expedition	Easy-Peasy - Nanami		1	10000	1	Easy-Peasy			
11000083	1	83	Stamp - Is That All?	Assets/Product/Texture/Image/IconExpression/IconExpressA76.png	Assets/Product/Texture/Image/IconExpression/IconExpressA76.png	Obtained by clearing the Rugged difficulty of the Guild Expedition	Is That All? - Nanami		1	10000	1	Is That All?			
11000084	1	84	Stamp - Smile	Assets/Product/Texture/Image/IconExpression/IconExpressA84.png	Assets/Product/Texture/Image/IconExpression/IconExpressA84.png	Awarded to participants of Spectroscopic Binary Star	Smile - Haicma		1	10000	1	Smiling			
11000085	1	85	Achievement Stamp - Starveil	Assets/Product/Texture/Image/IconExpression/IconExpressA85.png	Assets/Product/Texture/Image/IconExpression/IconExpressA85.png	Evolve Achievement Stamp - Starveil to SSS	Achievement - Starveil		1	10000	1	Vigor First		1001	
11000086	1	86	Achievement Stamp - Scire	Assets/Product/Texture/Image/IconExpression/IconExpressA89.png	Assets/Product/Texture/Image/IconExpression/IconExpressA89.png	Evolve Achievement Stamp - Scire to SSS	Achievement - Scire		1	10000	1	Stubborn		1001	
11000087	1	87	Achievement Stamp - Moonhopper	Assets/Product/Texture/Image/IconExpression/IconExpressA90.png	Assets/Product/Texture/Image/IconExpression/IconExpressA90.png	Evolve Achievement Stamp - Moonhopper to SSS	Achievement - Moonhopper		1	10000	1	You're Welcome		1001	
11000088	1	88	Stamp - Good Luck!	Assets/Product/Texture/Image/IconExpression/IconExpressA91.png	Assets/Product/Texture/Image/IconExpression/IconExpressA91.png	Obtained from the 2023 Christmas Sign-in Event.	Good Luck! - Celica		1	10000	1	Good Luck!			
11000089	1	89	Stamp - Hmph	Assets/Product/Texture/Image/IconExpression/IconExpressA86.png	Assets/Product/Texture/Image/IconExpression/IconExpressA86.png	"Chat Stamp — Awarded to participants of the event ""Ultimate Brawl: Core Reignition"""	Scire - Hmph		1	10000	1	Hmph		1000	
11000090	1	90	Stamp - Ahhh	Assets/Product/Texture/Image/IconExpression/IconExpressA87.png	Assets/Product/Texture/Image/IconExpression/IconExpressA87.png	"Chat Stamp — Awarded to participants of the event ""Ultimate Brawl: Core Reignition"""	Ahhh - Scire		1	10000	1	Hahaha		1000	
11000091	1	91	Stamp - Wait!	Assets/Product/Texture/Image/IconExpression/IconExpressA88.png	Assets/Product/Texture/Image/IconExpression/IconExpressA88.png	"Chat Stamp — Awarded to participants of the event ""Ultimate Brawl: Core Reignition"""	Wait! - Scire		1	10000	1	Wait and See		1000	
11000092	1	92	Stamp - Bunny Dance	Assets/Product/Texture/Image/IconExpression/IconExpressA93.png	Assets/Product/Texture/Image/IconExpression/IconExpressA93.png	Obtained from Fireflies Reunited Sign-in	Bunny Dance - Pulao		1	10000	1	Bunny Dance			
11000093	1	93	Stamp - Thinking	Assets/Product/Texture/Image/IconExpression/IconExpressA92.png	Assets/Product/Texture/Image/IconExpression/IconExpressA92.png	Evolve Achievement Stamp - Arca to SSS	Thinking — Arca		1	10000	1	Thinking		1001	
11000094	1	94	Stamp - Drinking Tea	Assets/Product/Texture/Image/IconExpression/IconExpressA94.png	Assets/Product/Texture/Image/IconExpression/IconExpressA94.png	"Chat Stamp — Obtained by participating in the ""Inner World"" event"	Drinking Tea — Arca		1	10000	1	Drinking Tea		1000	
11000095	1	95	Stamp - Babylonia Champion	Assets/Product/Texture/Image/IconExpression/IconExpressA95.png	Assets/Product/Texture/Image/IconExpression/IconExpressA95.png	Obtained by completing the Beginner Guide Mission	Babylonia Champion - Celica		1	10000	1	Champion			
11000096	1	96	Stamp - Hidden Path Ahead	Assets/Product/Texture/Image/IconExpression/IconExpressA98.png	Assets/Product/Texture/Image/IconExpression/IconExpressA98.png	Obtained by clearing the Flat difficulty of the Guild Expedition II	Hidden Path Ahead - Stigmata		1	10000	1	Hidden Path Ahead			
11000097	1	97	Stamp - Important Item Ahead	Assets/Product/Texture/Image/IconExpression/IconExpressA97.png	Assets/Product/Texture/Image/IconExpression/IconExpressA97.png	Obtained by clearing the Dangerous difficulty of the Guild Expedition II	Important Item Ahead - Stigmata		1	10000	1	Important Item Ahead			
11000098	1	98	Stamp - Gesture Required Ahead	Assets/Product/Texture/Image/IconExpression/IconExpressA96.png	Assets/Product/Texture/Image/IconExpression/IconExpressA96.png	Obtained by clearing the Rugged difficulty of the Guild Expedition II	Gesture Required Ahead - Stigmata		1	10000	1	Gesture Required			
11000099	1	99	Stamp - Lap Pillow	Assets/Product/Texture/Image/IconExpression/IconExpressA99.png	Assets/Product/Texture/Image/IconExpression/IconExpressA99.png	Evolve Achievement Stamp - Stigmata to SSS	Lap Pillow - Stigmata		1	10000	1	Lap Pillow		1001	
11000100	1	100	Achievement Stamp - Shimmer	Assets/Product/Texture/Image/IconExpression/IconExpressA100.png	Assets/Product/Texture/Image/IconExpression/IconExpressA100.png	Evolve Achievement Stamp - Shimmer to SSS	Achievement - Shimmer		1	10000	1	Foggy		1001	
11000101	1	101	Stamp - Weeping	Assets/Product/Texture/Image/IconExpression/IconExpressA101.png	Assets/Product/Texture/Image/IconExpression/IconExpressA101.png	Evolve Achievement Stamp - Vitrum to SSS	Vitrum - Weeping		1	10000	1	Weeping		1001	
11000102	1	102	Stamp - Autumn Moon Brightens	Assets/Product/Texture/Image/IconExpression/IconExpressA102.png	Assets/Product/Texture/Image/IconExpression/IconExpressA102.png	2024 Mid-Autumn Event - Obtain Autumn Moon Brightens	Autumn Moon Brightens - Scire		1	10000	1	Autumn Moon Brightens			
11000103	1	103	Stamp - It's Meal Time	Assets/Product/Texture/Image/IconExpression/IconExpressA105.png	Assets/Product/Texture/Image/IconExpression/IconExpressA105.png	Chat Stamp - Obtain by clearing all challenge stages in Arcade Anima - Nightblade's Heart-Lock Trial with 3★.	Nightblade - It's Meal Time		1	10000	1	It's Meal Time		1000	
11000104	1	104	Stamp - POWER	Assets/Product/Texture/Image/IconExpression/IconExpressA104.png	Assets/Product/Texture/Image/IconExpression/IconExpressA104.png	Chat Stamp - Obtain by clearing all challenge stages in Arcade Anima - Crimson Abyss's Heart-Lock Trial with 3★.	Crimson Abyss - POWER		1	10000	1	POWER		1000	
11000105	1	105	Stamp - What? Where? How?	Assets/Product/Texture/Image/IconExpression/IconExpressA106.png	Assets/Product/Texture/Image/IconExpression/IconExpressA106.png	"Chat Stamp — Obtain by participating in ""Spectroscopic Binary Star"""	Hyperreal - What? Where? How?		1	10000	1	What? Where? How?		1000	
11000106	1	106	Stamp - Stop Right Now!	Assets/Product/Texture/Image/IconExpression/IconExpressA103.png	Assets/Product/Texture/Image/IconExpression/IconExpressA103.png	Evolve Achievement Stamp - Hyperreal to SSS	Hyperreal - Stop Right Now!		1	10000	1	Stop!		1001	
11000107	1	107	Achievement Stamp - ?	Assets/Product/Texture/Image/IconExpression/IconExpressA107.png	Assets/Product/Texture/Image/IconExpression/IconExpressA107.png	Evolve Achievement Stamp - Punchy to SSS	Achievement - Punchy		1	10000	1	?		1001	
11000108	1	108	Stamp - Whoa, whoa, whoa	Assets/Product/Texture/Image/IconExpression/IconExpressA113.png	Assets/Product/Texture/Image/IconExpression/IconExpressA113.png	Obtained by clearing all EASY stages in Palette Clash - Bustling Gala.	Whoa, whoa, whoa		1	10000	1	Whoa, Whoa, Whoa		1000	
11000109	1	109	Stamp - Slow down	Assets/Product/Texture/Image/IconExpression/IconExpressA114.png	Assets/Product/Texture/Image/IconExpression/IconExpressA114.png	Obtained by clearing all EASY stages in Palette Clash - Truth Unveiled.	Slow down		1	10000	1	Slow Down		1000	
11000110	1	110	Stamp - Pace yourself	Assets/Product/Texture/Image/IconExpression/IconExpressA112.png	Assets/Product/Texture/Image/IconExpression/IconExpressA112.png	Exchanged from Palette Shop.	Pace yourself		1	10000	1	Pace Yourself		1000	
11000111	1	111	Stamp - Muda!	Assets/Product/Texture/Image/IconExpression/IconExpressA109.png	Assets/Product/Texture/Image/IconExpression/IconExpressA109.png	"Obtained from the event ""Blazing Trails""."	Muda!		1	10000	1	MUDA		1000	
11000112	1	112	Stamp - Ora!	Assets/Product/Texture/Image/IconExpression/IconExpressA110.png	Assets/Product/Texture/Image/IconExpression/IconExpressA110.png	"Obtained from the event ""Blazing Trails""."	Ora!		1	10000	1	Ora!		1000	
11000113	1	113	Stamp - Talk Up Failed	Assets/Product/Texture/Image/IconExpression/IconExpressA111.png	Assets/Product/Texture/Image/IconExpression/IconExpressA111.png	"Obtained from the event ""Blazing Trails""."	Talk Up Failed		1	10000	1	Talk Up Failed		1000	
11000114	1	114	Stamp - The Real Chief	Assets/Product/Texture/Image/IconExpression/IconExpressA115.png	Assets/Product/Texture/Image/IconExpression/IconExpressA115.png	Evolve Achievement Stamp - Kaleido to SSS	Kaleido - The Real Chief!		1	10000	1	The Real Chief		1001	
11000115	1	115	Achievement Stamp - Wake Up	Assets/Product/Texture/Image/IconExpression/IconExpressA108.png	Assets/Product/Texture/Image/IconExpression/IconExpressA108.png	Evolve Achievement Stamp - Rainbow to SSS	Achievement - Rainbow		1	10000	1	Wake Up		1001	
11000116	1	116	Achievement Stamp - Trolls!	Assets/Product/Texture/Image/IconExpression/IconExpressA123.png	Assets/Product/Texture/Image/IconExpression/IconExpressA123.png	Evolve Achievement Stamp - Motorbolt to SSS	Achievement - Trolls!		1	10000	1	Trolls!		1001	
11000117	1	117	Achievement Stamp - Mmgh… Luna…	Assets/Product/Texture/Image/IconExpression/IconExpressA125.png	Assets/Product/Texture/Image/IconExpression/IconExpressA125.png	Evolve Achievement Stamp - Crimson Weave to SSS	Achievement - Mmgh… Luna…		1	10000	1	Mmgh... Luna...		1001	
11000118	1	118	Stamp - Chef Lu	Assets/Product/Texture/Image/IconExpression/IconExpressA126.png	Assets/Product/Texture/Image/IconExpression/IconExpressA126.png	"Awarded to participants of the event ""Cooking Lulu"""	Chef Lu		1	10000	1	Chef Lu		1000	
11000119	1	119	Stamp - YOU LOSE	Assets/Product/Texture/Image/IconExpression/IconExpressA124.png	Assets/Product/Texture/Image/IconExpression/IconExpressA124.png	Chat Stamp - Obtain by clearing all challenge stages in Arcade Anima - Starfarer's Heart-Lock Trial with 3★.	Starfarer - YOU LOSE		1	10000	1	YOU LOSE		1000	
11000120	1	120	Stamp - ???	Assets/Product/Texture/Image/IconExpression/IconExpressA122.png	Assets/Product/Texture/Image/IconExpression/IconExpressA122.png	"Awarded to participants of the event ""Corrupted Battlefront"""	???		1	10000	1	???		1000	
11000121	1	121	Stamp - Storm	Assets/Product/Texture/Image/IconExpression/IconExpressA118.png	Assets/Product/Texture/Image/IconExpression/IconExpressA118.png	"Awarded to participants of the event ""Deadlocked"""	Storm		1	10000	1	Storm		1000	
11000122	1	122	Stamp - Don't Be Crazy	Assets/Product/Texture/Image/IconExpression/IconExpressA117.png	Assets/Product/Texture/Image/IconExpression/IconExpressA117.png	"Awarded to participants of the event ""Cursed Waves"""	Don't Be Crazy		1	10000	1	Don't Be Crazy		1000	
11000123	1	123	Stamp - Give You a 5m Head Start	Assets/Product/Texture/Image/IconExpression/IconExpressA119.png	Assets/Product/Texture/Image/IconExpression/IconExpressA119.png	Obtained by clearing the Flat difficulty of the Guild Expedition III	Give You a 5m Head Start		1	10000	1	5m Head Start			
11000124	1	124	Stamp - Give You a 10m Head Start	Assets/Product/Texture/Image/IconExpression/IconExpressA120.png	Assets/Product/Texture/Image/IconExpression/IconExpressA120.png	Obtained by clearing the Dangerous difficulty of the Guild Expedition III	Give You a 10m Head Start		1	10000	1	10m Head Start			
11000125	1	125	Stamp - Give You a 99m Head Start	Assets/Product/Texture/Image/IconExpression/IconExpressA121.png	Assets/Product/Texture/Image/IconExpression/IconExpressA121.png	Obtained by clearing the Rugged difficulty of the Guild Expedition III	Give You a 99m Head Start		1	10000	1	99m Head Start			
11000126	1	126	Stamp - Good Fortune	Assets/Product/Texture/Image/IconExpression/IconExpressA116.png	Assets/Product/Texture/Image/IconExpression/IconExpressA116.png	Obtained from the 2023 Spring Festival Event - Happy New Year.	Good Fortune		1	10000	1	Good Fortune			
11000127	1	127	Achievement Stamp - Proud	Assets/Product/Texture/Image/IconExpression/IconExpressA127.png	Assets/Product/Texture/Image/IconExpression/IconExpressA127.png	Achievement Stamp - Evolve Zitherwoe to SSS	Achievement - Proud		1	10000	1	Proud		1001	
11000128	1	128	Stamp - Oopsie?	Assets/Product/Texture/Image/IconExpression/IconExpressA128.png	Assets/Product/Texture/Image/IconExpression/IconExpressA128.png	"Awarded to participants of the event ""Inner World - Mirage Home"""	Oopsie?		1	10000	1	Oopsie?		1000	
11000129	1	129	Stamp - Realize	Assets/Product/Texture/Image/IconExpression/IconExpressA129.png	Assets/Product/Texture/Image/IconExpression/IconExpressA129.png	"Awarded to participants of the event ""Inner World - Mirage Home"""	Vanessa's putting on a sharp look.		1	10000	1	Realize		1000	
11000130	1	130	Stamp - That's him, officer!	Assets/Product/Texture/Image/IconExpression/IconExpressA130.png	Assets/Product/Texture/Image/IconExpression/IconExpressA130.png	"Awarded to participants of the event ""Inner World - Mirage Home"""	Detective No. 21		1	10000	1	That's Him, Officer!		1000	
11000131	1	131	Achievement Stamp - Smells Good!	Assets/Product/Texture/Image/IconExpression/IconExpressA131.png	Assets/Product/Texture/Image/IconExpression/IconExpressA131.png	Achievement Stamp - Evolve Feral to SSS	Feral — Smells Good!		1	10000	1	Smells Good!		1001	
11000132	1	132	Achievement Stamp - Sadfleck	Assets/Product/Texture/Image/IconExpression/IconExpressA135.png	Assets/Product/Texture/Image/IconExpression/IconExpressA135.png	Achievement Stamp - Evolve Hades Fangs to SSS	Achievement - Hades Fangs		1	10000	1	Sadfleck		1001	
11000133	1	133	Stamp - Bite Him!	Assets/Product/Texture/Image/IconExpression/IconExpressA134.png	Assets/Product/Texture/Image/IconExpression/IconExpressA134.png	"Awarded to participants of the event ""Nemesis Brawl"""	Bite Him!		1	10000	1	Bite Him!		1000	
11000134	1	134	Stamp - Toasted Marshmallow	Assets/Product/Texture/Image/IconExpression/IconExpressA133.png	Assets/Product/Texture/Image/IconExpression/IconExpressA133.png	"Awarded to participants of the event ""Space Odyssey"""	Toasted Marshmallow		1	10000	1	Toasted Marshmallow		1000	
11000135	1	135	Stamp - Bonk	Assets/Product/Texture/Image/IconExpression/IconExpressA132.png	Assets/Product/Texture/Image/IconExpression/IconExpressA132.png	"Awarded to participants of the event ""Heart Compass"""	100t!100t!		1	10000	1	Bonk		1000	
11000136	1	136	Stamp - Outrage	Assets/Product/Texture/Image/IconExpression/IconExpressA139.png	Assets/Product/Texture/Image/IconExpression/IconExpressA139.png	"Awarded to participants of the event ""The Meandering Three"""	Outrage		1	10000	1	Outrage		1000	
11000137	1	137	Stamp - Bring It On	Assets/Product/Texture/Image/IconExpression/IconExpressA136.png	Assets/Product/Texture/Image/IconExpression/IconExpressA136.png	"Awarded to participants of the event ""The Meandering Three"""	Bring It On		1	10000	1	Bring It On		1000	
11000138	1	138	Stamp - Don't Run Away	Assets/Product/Texture/Image/IconExpression/IconExpressA137.png	Assets/Product/Texture/Image/IconExpression/IconExpressA137.png	"Awarded to participants of the event ""The Meandering Three"""	Don't Run Away		1	10000	1	Don't Run Away		1000	
11000139	1	139	Stamp - Time to Work	Assets/Product/Texture/Image/IconExpression/IconExpressA138.png	Assets/Product/Texture/Image/IconExpression/IconExpressA138.png	"Awarded to participants of the event ""Teamwork Memo"""	Time to Work		1	10000	1	Time to Work		1000	
11000140	1	140	Stamp - Come at Me	Assets/Product/Texture/Image/IconExpression/IconExpressA140.png	Assets/Product/Texture/Image/IconExpression/IconExpressA140.png	"Awarded to participants of the event ""Limit Break"""	Come at Me		1	10000	1	Come at Me		1000	
11000141	1	141	Achievement Stamp - I'll Blow You Up	Assets/Product/Texture/Image/IconExpression/IconExpressA141.png	Assets/Product/Texture/Image/IconExpression/IconExpressA141.png	Achievement Stamp - Evolve Indomitus to SSS	Indomitus — I'll Blow You Up		1	10000	1	I'll Blow You Up		1001	
11000142	1	142	Achievement Stamp - Hey You!	Assets/Product/Texture/Image/IconExpression/IconExpressA142.png	Assets/Product/Texture/Image/IconExpression/IconExpressA142.png	Evolve Achievement Stamp - Evolve Echo to SSS	Echo — Hey You!		1	10000	1	Hey You!		1001	
11000143	1	143	Achievement Stamp - It's Showtime	Assets/Product/Texture/Image/IconExpression/IconExpressA143.png	Assets/Product/Texture/Image/IconExpression/IconExpressA143.png	Achievement Stamp - Evolve Dawn Chorus to SSS	Achievement - Dawn Chorus		1	10000	1	It's Showtime		1001	
11000144	1	144	Stamp - Judgment	Assets/Product/Texture/Image/IconExpression/IconExpressA147.png	Assets/Product/Texture/Image/IconExpression/IconExpressA147.png	"Awarded to participants of the event ""Sand Table Simulation"""	Judgment		1	10000	1	Judgment		1000	
11000145	1	145	Stamp - Dragon Boat Festival	Assets/Product/Texture/Image/IconExpression/IconExpressA144.png	Assets/Product/Texture/Image/IconExpression/IconExpressA144.png	"Awarded to participants of the event ""Heliacal Annals"""	Dragon Boat Festival		1	10000	1	Dragon Boat Festival		1000	
11000146	1	146	Stamp - So Hard	Assets/Product/Texture/Image/IconExpression/IconExpressA145.png	Assets/Product/Texture/Image/IconExpression/IconExpressA145.png	"Awarded to participants of the event ""Abyssal Melody"""	So Hard		1	10000	1	So Hard		1000	
11000147	1	147	Stamp - Easy Peasy	Assets/Product/Texture/Image/IconExpression/IconExpressA146.png	Assets/Product/Texture/Image/IconExpression/IconExpressA146.png	"Awarded to participants of the event ""Into the Deep"""	Easy Peasy		1	10000	1	Easy Peasy		1000	
11000148	1	148	Achievement Stamp - Shivering	Assets/Product/Texture/Image/IconExpression/IconExpressA148.png	Assets/Product/Texture/Image/IconExpression/IconExpressA148.png	Achievement Stamp - Evolve Lost Lullaby to SSS	Lost Lullaby - Shivering		1	10000	1	Shivering		1001	
11000149	1	149	Achievement Stamp - Hide Out!	Assets/Product/Texture/Image/IconExpression/IconExpressA149.png	Assets/Product/Texture/Image/IconExpression/IconExpressA149.png	Achievement Stamp - Evolve Cetus to SSS	Achievement - Cetus		1	10000	1	Hide Out!		1001	
11000150	1	150	Stamp - Chill	Assets/Product/Texture/Image/IconExpression/IconExpressA152.png	Assets/Product/Texture/Image/IconExpression/IconExpressA152.png	"Awarded to participants of the event ""Guild Expedition IV"""	Chill		1	10000	1	Chill		1000	
11000151	1	151	Stamp - Take It Easy	Assets/Product/Texture/Image/IconExpression/IconExpressA153.png	Assets/Product/Texture/Image/IconExpression/IconExpressA153.png	"Awarded to participants of the event ""Guild Expedition IV"""	Take It Easy		1	10000	1	Take It Easy		1000	
11000152	1	152	Stamp - Slacking Off	Assets/Product/Texture/Image/IconExpression/IconExpressA154.png	Assets/Product/Texture/Image/IconExpression/IconExpressA154.png	"Awarded to participants of the event ""Guild Expedition IV"""	Slacking Off		1	10000	1	Slacking Off		1000	
11000153	1	153	Stamp - Drink Tea	Assets/Product/Texture/Image/IconExpression/IconExpressA150.png	Assets/Product/Texture/Image/IconExpression/IconExpressA150.png	"Awarded to participants of the event ""Ice Queen Lulu"""	Drink Tea		1	10000	1	Drink Tea		1000	
11000154	1	154	Stamp - Hugging Doll	Assets/Product/Texture/Image/IconExpression/IconExpressA151.png	Assets/Product/Texture/Image/IconExpression/IconExpressA151.png	Chat Stamp — Obtain by clearing all challenge stages in Arcade Anima - Arca's Heart-Lock Trial with 3★.	Gimme a Hug!		1	10000	1	Hugging Doll		1000	
11000155	1	155	Achievement Stamp - Power	Assets/Product/Texture/Image/IconExpression/IconExpressA155.png	Assets/Product/Texture/Image/IconExpression/IconExpressA155.png	Achievement Stamp - Evolve BLACK★ROCK SHOOTER to SSS	BLACK★ROCK SHOOTER - Power		1	10000	1	Power		1001	
11000156	1	156	Stamp - You're Done	Assets/Product/Texture/Image/IconExpression/IconExpressA156.png	Assets/Product/Texture/Image/IconExpression/IconExpressA156.png	"Awarded to participants of the event ""Chessboard Realms"""	You're Done		1	10000	1	You're Done		1000	
11000157	1	157	Stamp - Disdain	Assets/Product/Texture/Image/IconExpression/IconExpressA157.png	Assets/Product/Texture/Image/IconExpression/IconExpressA157.png	"Awarded to participants of the event ""Chessboard Realms"""	Disdain		1	10000	1	Disdain		1000	
11000158	1	158	Stamp - Please, Tell Me More	Assets/Product/Texture/Image/IconExpression/IconExpressA158.png	Assets/Product/Texture/Image/IconExpression/IconExpressA158.png	"Awarded to participants of the event ""Chessboard Realms"""	Please, Tell Me More		1	10000	1	I'm All Ears		1000	
11000159	1	159	Stamp - Feeling Good	Assets/Product/Texture/Image/IconExpression/IconExpressA159.png	Assets/Product/Texture/Image/IconExpression/IconExpressA159.png	"Awarded to participants of the event ""Forever Racer"""	Feeling Good		1	10000	1	Feeling Good		1000	
11000160	1	160	Stamp - Feeling Bad	Assets/Product/Texture/Image/IconExpression/IconExpressA160.png	Assets/Product/Texture/Image/IconExpression/IconExpressA160.png	"Awarded to participants of the event ""Forever Racer"""	Feeling Bad		1	10000	1	Feeling Bad		1000	
11000161	1	161	Achievement Stamp - Loyalty!	Assets/Product/Texture/Image/IconExpression/IconExpressA161.png	Assets/Product/Texture/Image/IconExpression/IconExpressA161.png	Achievement Stamp - Evolve Epitaph to SSS	Epitaph - Loyalty!		1	10000	1	Loyalty!		1001	
11000162	1	162	Achievement Stamp - Insomnia	Assets/Product/Texture/Image/IconExpression/IconExpressA162.png	Assets/Product/Texture/Image/IconExpression/IconExpressA162.png	Achievement Stamp - Evolve Shadow Wing to SSS	Achievement - Shadow Wing		1	10000	1	Insomnia		1001	
11000163	1	163	Stamp - Happy Thanksgiving	Assets/Product/Texture/Image/IconExpression/IconExpressA163.png	Assets/Product/Texture/Image/IconExpression/IconExpressA163.png	"Awarded to participants of the event ""Happy Thanksgiving""."	Happy Thanksgiving		1	10000	1	Moonlit Vista		1000	
11000164	1	164	Achievement Stamp - Pro	Assets/Product/Texture/Image/IconExpression/IconExpressA168.png	Assets/Product/Texture/Image/IconExpression/IconExpressA168.png	Achievement Stamp - Evolve Shukra to SSS	Shukra - Pro		1	10000	1	Pro		1001	
11000165	1	165	Achievement Stamp - Goofball	Assets/Product/Texture/Image/IconExpression/IconExpressA169.png	Assets/Product/Texture/Image/IconExpression/IconExpressA169.png	Achievement Stamp - Evolve Huiyu to SSS	Achievement - Huiyu		1	10000	1	Goofball		1001	
11000166	1	166	Stamp - Overnight Millionaire	Assets/Product/Texture/Image/IconExpression/IconExpressA166.png	Assets/Product/Texture/Image/IconExpression/IconExpressA166.png	"Awarded to participants of the event ""Alternate World: Kowloong's Greatest Merchant"""	Overnight Millionaire		1	10000	1	Instant Riches		1000	
11000167	1	167	Stamp - Fantasy Time	Assets/Product/Texture/Image/IconExpression/IconExpressA165.png	Assets/Product/Texture/Image/IconExpression/IconExpressA165.png	"Awarded to participants of the event ""Alternate World: Kowloong's Greatest Merchant"""	Fantasy Time		1	10000	1	Fantasy Time		1000	
11000168	1	168	Stamp - Boss Lady	Assets/Product/Texture/Image/IconExpression/IconExpressA164.png	Assets/Product/Texture/Image/IconExpression/IconExpressA164.png	"Awarded to participants of the event ""Alternate World: Kowloong's Greatest Merchant"""	Boss Lady		1	10000	1	Boss Lady		1000	
11000169	1	169	"Achievement Stamp - ""Polite"""	Assets/Product/Texture/Image/IconExpression/IconExpressA170.png	Assets/Product/Texture/Image/IconExpression/IconExpressA170.png	Achievement Stamp - Evolve Decryptor to SSS	"Decryptor - ""Polite"""		1	10000	1	Polite		1001	
11000170	1	170	Stamp - Fireworks Time!	Assets/Product/Texture/Image/IconExpression/IconExpressA167.png	Assets/Product/Texture/Image/IconExpression/IconExpressA167.png	"Awarded to participants of the event ""New Year's Firework"""	Fireworks Time!		1	10000	1	Fireworks Time!		1000	
11000171	1	171	Stamp - Enlighten Me	Assets/Product/Texture/Image/IconExpression/IconExpressA171.png	Assets/Product/Texture/Image/IconExpression/IconExpressA171.png	"Awarded to participants of the event ""Pulao's Odyssey"""	Enlighten Me		1	10000	1	Enlighten Me		1000	
11000172	1	172	Stamp - Combine	Assets/Product/Texture/Image/IconExpression/IconExpressA179.png	Assets/Product/Texture/Image/IconExpression/IconExpressA179.png	"Awarded to participants of the event ""Chess Wonderland"""	Combine		1	10000	1	Combine		1000	
11000173	1	173	Stamp - Crimson Oblivion	Assets/Product/Texture/Image/IconExpression/IconExpressA183.png	Assets/Product/Texture/Image/IconExpression/IconExpressA183.png	"Awarded to participants of the event ""Chess Wonderland"""	Crimson Oblivion		1	10000	1	Crimson Oblivion		1000	
11000175	1	183	Stamp - Happy Spring Festival	Assets/Product/Texture/Image/IconExpression/IconExpressA174.png	Assets/Product/Texture/Image/IconExpression/IconExpressA174.png	"Awarded to participants of the event ""Odes to Spring"""	Happy Spring Festival		1	10000	1	Happy New Year			
11000176	1	176	Stamp - Scorn	Assets/Product/Texture/Image/IconExpression/IconExpressA180.png	Assets/Product/Texture/Image/IconExpression/IconExpressA180.png	"Awarded to participants of the event ""Guild Expedition V"""	Scorn		1	10000	1	Scorn		1000	
11000177	1	177	Stamp - The Queen's Scorn	Assets/Product/Texture/Image/IconExpression/IconExpressA181.png	Assets/Product/Texture/Image/IconExpression/IconExpressA181.png	"Awarded to participants of the event ""Guild Expedition V"""	The Queen's Scorn		1	10000	1	The Queen's Scorn		1000	
11000178	1	178	Stamp - The Goddess's Scorn	Assets/Product/Texture/Image/IconExpression/IconExpressA182.png	Assets/Product/Texture/Image/IconExpression/IconExpressA182.png	"Awarded to participants of the event ""Guild Expedition V"""	The Goddess's Scorn		1	10000	1	Goddess's Scorn		1000	
11000179	1	179	Achievement Stamp - Mmgh... Alpha...	Assets/Product/Texture/Image/IconExpression/IconExpressA172.png	Assets/Product/Texture/Image/IconExpression/IconExpressA172.png	Achievement Stamp - Evolve Oblivion to SSS	Oblivion - Mmgh... Alpha...		1	10000	1	Mmgh... Alpha...		1001	
11000180	1	180	Achievement Stamp - I'll Form the Head	Assets/Product/Texture/Image/IconExpression/IconExpressA173.png	Assets/Product/Texture/Image/IconExpression/IconExpressA173.png	Achievement Stamp - Evolve Guardrake to SSS	Achievement - Guardrake		1	10000	1	I'll Form the Head		1001	
11000181	1	181	Stamp - Stop It	Assets/Product/Texture/Image/IconExpression/IconExpressA175.png	Assets/Product/Texture/Image/IconExpression/IconExpressA175.png	"Awarded to participants of the event ""Spring Gala"""	Stop It		1	10000	1	Stop It		1000	
11000182	1	182	Stamp - Yum Yum	Assets/Product/Texture/Image/IconExpression/IconExpressA176.png	Assets/Product/Texture/Image/IconExpression/IconExpressA176.png	"Awarded to participants of the event ""Spring Gala"""	Yum Yum		1	10000	1	Yum Yum		1000	
11000183	1	174	Stamp - Drink More Milk	Assets/Product/Texture/Image/IconExpression/IconExpressA177.png	Assets/Product/Texture/Image/IconExpression/IconExpressA177.png	Obtained by clearing [Derived from Matrix]	Drink More Milk		1	10000	1	Drink More Milk		1000	
11000184	1	175	Stamp -  And All You Guys!	Assets/Product/Texture/Image/IconExpression/IconExpressA178.png	Assets/Product/Texture/Image/IconExpression/IconExpressA178.png	Obtained by clearing [Derived from Matrix]	And All You Guys!		1	10000	1	And All You Guys!		1000	
11000185	1	185	Achievement Stamp - Hop on First, Ask Later	Assets/Product/Texture/Image/IconExpression/IconExpressA190.png	Assets/Product/Texture/Image/IconExpression/IconExpressA190.png	Achievement Stamp - Evolve Ardeo to SSS	Ardeo - Hop on First, Ask Later		1	10000	1	Hop On NOW		1001	
11000186	1	186	Stamp - Cheers	Assets/Product/Texture/Image/IconExpression/IconExpressA189.png	Assets/Product/Texture/Image/IconExpression/IconExpressA189.png	"Obtained by clearing ""Limit Break"""	Cheers		1	10000	1	Cheers		1000	
11000187	1	187	Stamp - No Sweat	Assets/Product/Texture/Image/IconExpression/IconExpressA188.png	Assets/Product/Texture/Image/IconExpression/IconExpressA188.png	"Obtained by clearing ""Nexus Trek"""	No Sweat		1	10000	1	No Sweat		1000	
11000188	1	188	Stamp - Pat Pat	Assets/Product/Texture/Image/IconExpression/IconExpressA184.png	Assets/Product/Texture/Image/IconExpression/IconExpressA184.png	Awarded to participants of the Azukisan collab event	Pat Pat		1	10000	1	Pat Pat		1002	
11000189	1	189	Stamp - Hug	Assets/Product/Texture/Image/IconExpression/IconExpressA185.png	Assets/Product/Texture/Image/IconExpression/IconExpressA185.png	Awarded to participants of the Azukisan collab event	Hug		1	10000	1	Hug		1002	
11000190	1	190	Stamp - Scared	Assets/Product/Texture/Image/IconExpression/IconExpressA186.png	Assets/Product/Texture/Image/IconExpression/IconExpressA186.png	Awarded to participants of the Azukisan collab event	Scared		1	10000	1	Scared		1002	
11000191	1	191	Stamp - Meow	Assets/Product/Texture/Image/IconExpression/IconExpressA187.png	Assets/Product/Texture/Image/IconExpression/IconExpressA187.png	Awarded to participants of the Azukisan collab event	Meow		1	10000	1	Meow		1002	
11000192	1	192	Achievement Stamp - Into the Dream...	Assets/Product/Texture/Image/IconExpression/IconExpressA197.png	Assets/Product/Texture/Image/IconExpression/IconExpressA197.png	Achievement Stamp - Evolve Solacetune to SSS	Solacetune - Into the Dream...		1	10000	1	Into the Dream...		1001	
11000193	1	193	Achievement Stamp - Disguise	Assets/Product/Texture/Image/IconExpression/IconExpressA193.png	Assets/Product/Texture/Image/IconExpression/IconExpressA193.png	Achievement Stamp - Evolve Dreamwing to SSS	Achievement - Dreamwing		1	10000	1	Disguise		1001	
11000194	1	194	Stamp - Cultivating	Assets/Product/Texture/Image/IconExpression/IconExpressA194.png	Assets/Product/Texture/Image/IconExpression/IconExpressA194.png	"Obtained from ""Pulao's Cultivation"""	Cultivating		1	10000	1	Cultivating		1000	
11000195	1	195	Stamp - I Volunteered	Assets/Product/Texture/Image/IconExpression/IconExpressA195.png	Assets/Product/Texture/Image/IconExpression/IconExpressA195.png	"Obtained from ""Crafting Lulu"""	I Volunteered		1	10000	1	I Volunteered		1000	
11000196	1	196	Stamp - Crouching Cat, Hidden Rat	Assets/Product/Texture/Image/IconExpression/IconExpressA196.png	Assets/Product/Texture/Image/IconExpression/IconExpressA196.png	"Obtained from ""Crouching Cat, Hidden Rat"""	Crouching Cat, Hidden Rat		1	10000	1	Cat & Rat		1000	
11000197	1	197	Stamp - Hanying Ascends	Assets/Product/Texture/Image/IconExpression/IconExpressA192.png	Assets/Product/Texture/Image/IconExpression/IconExpressA192.png	"Obtained from the event ""Paint of Dunhuang"""	Hanying Ascends		1	10000	1	Take Off		1000	
11000198	1	198	Stamp - Hanying's Reversed Pipa	Assets/Product/Texture/Image/IconExpression/IconExpressA191.png	Assets/Product/Texture/Image/IconExpression/IconExpressA191.png	"Obtained from the event ""Paint of Dunhuang"""	Hanying's Reversed Pipa		1	10000	1	Reversed Pipa		1000	
11000199	1	199	Stamp - Let Her Cook	Assets/Product/Texture/Image/IconExpression/IconExpressA198.png	Assets/Product/Texture/Image/IconExpression/IconExpressA198.png	Obtained from the sign-in event [Soaring Beyond]	Let Her Cook		1	10000	1	Let Her Cook		1000	
11000200	1	200	Achievement Stamp - Crawl	Assets/Product/Texture/Image/IconExpression/IconExpressA199.png	Assets/Product/Texture/Image/IconExpression/IconExpressA199.png	Achievement Stamp - Evolve Lucid Dreamer to SSS	Lucid Dreamer - Crawl		1	10000	1	Crawl		1001	
11000201	1	201	Achievement Stamp - Tackle!	Assets/Product/Texture/Image/IconExpression/IconExpressA200.png	Assets/Product/Texture/Image/IconExpression/IconExpressA200.png	Achievement Stamp - Evolve Snowveil to SSS	Achievement - Snowveil		1	10000	1	Tackle!		1001	
11000202	1	202	Stamp - Deep Slumber	Assets/Product/Texture/Image/IconExpression/IconExpressA204.png	Assets/Product/Texture/Image/IconExpression/IconExpressA204.png	"Obtain by clearing ""Sweet Respite"""	Deep Slumber		1	10000	1	Deep Slumber		1000	
11000203	1	203	Stamp - Freeze! Don't move	Assets/Product/Texture/Image/IconExpression/IconExpressA201.png	Assets/Product/Texture/Image/IconExpression/IconExpressA201.png	"Obtain by clearing ""Infinity Algorithm"""	Freeze! Don't move		1	10000	1	FREEZE!		1000	
11000204	1	204	Stamp - Dragonboat Race	Assets/Product/Texture/Image/IconExpression/IconExpressA202.png	Assets/Product/Texture/Image/IconExpression/IconExpressA202.png	Obtained from the sign-in event [Soaring Beyond]	Dragonboat Race		1	10000	1	Dragonboat Race		1000	
11000205	1	205	Stamp - What?	Assets/Product/Texture/Image/IconExpression/IconExpressA203.png	Assets/Product/Texture/Image/IconExpression/IconExpressA203.png	"Obtained by clearing ""Special Dispatch"""	What?		1	10000	1	What?		1000	
11000206	1	206	Achievement Stamp - Commandant Has Yet to Return	Assets/Product/Texture/Image/IconExpression/IconExpressA205.png	Assets/Product/Texture/Image/IconExpression/IconExpressA205.png	Achievement Stamp - Evolve Pyroath to SSS	Pyroath - Commandant Has Yet to Return		1	10000	1	Not Coming Back Yet?		1001	
11000207	1	207	Achievement Stamp - Gray Raven Needs A Vacation	Assets/Product/Texture/Image/IconExpression/IconExpressA206.png	Assets/Product/Texture/Image/IconExpression/IconExpressA206.png	Achievement Stamp - Evolve Corvus to SSS	Achievement - Corvus		1	10000	1	Done With Work		1001	
11000208	1	208	Stamp - Say Cheese!	Assets/Product/Texture/Image/IconExpression/IconExpressA207.png	Assets/Product/Texture/Image/IconExpression/IconExpressA207.png	"Obtained from ""Wreck-It Froggie"""	Say Cheese!		1	10000	1	Say Cheese!		1000	
11000209	1	209	Stamp - I Can Beat Five	Assets/Product/Texture/Image/IconExpression/IconExpressA208.png	Assets/Product/Texture/Image/IconExpression/IconExpressA208.png	"Obtained from ""Guild Expedition VI"""	I Can Beat Five		1	10000	1	I Can Beat Five		1000	
11000210	1	210	Stamp - I'll Fight Ten Of You!	Assets/Product/Texture/Image/IconExpression/IconExpressA209.png	Assets/Product/Texture/Image/IconExpression/IconExpressA209.png	"Obtained from ""Guild Expedition VI"""	I'll Fight Ten Of You!		1	10000	1	I'll Fight Ten!		1000	
11000211	1	211	Stamp - Who's Next?!	Assets/Product/Texture/Image/IconExpression/IconExpressA210.png	Assets/Product/Texture/Image/IconExpression/IconExpressA210.png	"Obtained from ""Guild Expedition VI"""	Who's Next?!		1	10000	1	Who's Next?!		1000	
11000212	1	212	Achievement Stamp - Too Much To Do	Assets/Product/Texture/Image/IconExpression/IconExpressA212.png	Assets/Product/Texture/Image/IconExpression/IconExpressA212.png	Achievement Stamp - Evolve Yata to SSS	Yata - Too Much To Do		1	10000	1	Too Much To Do		1001	
11000213	1	213	Stamp - I Will Win	Assets/Product/Texture/Image/IconExpression/IconExpressA213.png	Assets/Product/Texture/Image/IconExpression/IconExpressA213.png	"Obtained by clearing ""Surviving Samsara"""	I Will Win		1	10000	1	I Will Win		1000	
11000214	1	214	Stamp - What About...	Assets/Product/Texture/Image/IconExpression/IconExpressA211.png	Assets/Product/Texture/Image/IconExpression/IconExpressA211.png	"Obtained by clearing ""After School"""	What About...		1	10000	1	What About...		1000	
11000215	1	215	Stamp - Super Duper	Assets/Product/Texture/Image/IconExpression/IconExpressA214.png	Assets/Product/Texture/Image/IconExpression/IconExpressA214.png	"Obtained by clearing ""Hydrangea Gala"""	Super Duper		1	10000	1	Super Duper		1000	
11000216	1	216	Stamp - Lots of Cakes	Assets/Product/Texture/Image/IconExpression/IconExpressA215.png	Assets/Product/Texture/Image/IconExpression/IconExpressA215.png	Obtained from the sign-in event [Shaper's Ripples]	Lots of Cakes		1	10000	1	Lots of Cakes		1000	
11000217	1	217	Achievement Stamp - A Star for You	Assets/Product/Texture/Image/IconExpression/IconExpressA220.png	Assets/Product/Texture/Image/IconExpression/IconExpressA220.png	Achievement Stamp - Evolve Startrail to SSS	Startrail - A Star for You		1	10000	1	A Star for You		1001	
11000218	1	218	Achievement Stamp - Online Friend Eater	Assets/Product/Texture/Image/IconExpression/IconExpressA219.png	Assets/Product/Texture/Image/IconExpression/IconExpressA219.png	Achievement Stamp - Evolve Bramble Angler to SSS	Achievement - Bramble Angler		1	10000	1	Online Friend Eater		1001	
11000219	1	219	Stamp - Henshin	Assets/Product/Texture/Image/IconExpression/IconExpressA218.png	Assets/Product/Texture/Image/IconExpression/IconExpressA218.png	"Obtained by clearing ""Stellar Witching Hour"""	Transform		1	10000	1	Henshin		1000	
11000220	1	220	Stamp - Best Armament	Assets/Product/Texture/Image/IconExpression/IconExpressA217.png	Assets/Product/Texture/Image/IconExpression/IconExpressA217.png	"Obtained by clearing ""Stellar Witching Hour"""	Best Armament		1	10000	1	Best Armament		1000	
11000221	1	221	Stamp - Brief Respite	Assets/Product/Texture/Image/IconExpression/IconExpressA216.png	Assets/Product/Texture/Image/IconExpression/IconExpressA216.png	"Obtained by clearing ""Brief Respite - Sign-in"""	Stupified		1	10000	1	Brief Respite		1000	
11000222	1	222	Achievement Stamp - Calculate	Assets/Product/Texture/Image/IconExpression/IconExpressA222.png	Assets/Product/Texture/Image/IconExpression/IconExpressA222.png	Achievement Stamp - Evolve Parhelion to SSS	Parhelion - Calculate		1	10000	1	Calculate		1001	
11000223	1	223	Achievement Stamp - Initiate Self-Destruct	Assets/Product/Texture/Image/IconExpression/IconExpressA223.png	Assets/Product/Texture/Image/IconExpression/IconExpressA223.png	Achievement Stamp - Evolve Diamaton to SSS	Achievement - Diamaton		1	10000	1	Initiate Self-Destruct		1001	
11000224	1	224	Stamp - Lemme See	Assets/Product/Texture/Image/IconExpression/IconExpressA224.png	Assets/Product/Texture/Image/IconExpression/IconExpressA224.png	"Obtained by clearing ""Spice and Salt"""	Lemme See		1	10000	1	Lemme See		1000	
11000225	1	225	Stamp - Cold Gaze	Assets/Product/Texture/Image/IconExpression/IconExpressA225.png	Assets/Product/Texture/Image/IconExpression/IconExpressA225.png	"Obtained by clearing ""Spice and Salt"""	Cold Gaze		1	10000	1	Cold Gaze		1000	
11000226	1	226	Stamp - Shooting Champ	Assets/Product/Texture/Image/IconExpression/IconExpressA221.png	Assets/Product/Texture/Image/IconExpression/IconExpressA221.png	"Obtained by clearing ""Operation SimTerra"""	Shooting Champ		1	10000	1	Shooting Champ		1000	
11000227	1	227	Achievement Stamp - Nope	Assets/Product/Texture/Image/IconExpression/IconExpressA226.png	Assets/Product/Texture/Image/IconExpression/IconExpressA226.png	Achievement Stamp - Evolve Daemonissa to SSS	Daemonissa - Nope		1	10000	1	Nope		1001	
11000228	1	228	Achievement Stamp - :-)	Assets/Product/Texture/Image/IconExpression/IconExpressA229.png	Assets/Product/Texture/Image/IconExpression/IconExpressA229.png	Achievement Stamp - Evolve Billie to SSS	Achievement - Billie		1	10000	1	:-)		1001	
11000229	1	229	Stamp - You Are Invincible, Kid	Assets/Product/Texture/Image/IconExpression/IconExpressA231.png	Assets/Product/Texture/Image/IconExpression/IconExpressA231.png	Chat Stamp — Obtain by clearing all challenge stages in Arcade Anima - Garnet's Heart-Lock Trial with 3★.	You Are Invincible, Kid		1	10000	1	Invincible Kid		1000	
11000230	1	230	Stamp - Crackling Spring	Assets/Product/Texture/Image/IconExpression/IconExpressA225EN.png	Assets/Product/Texture/Image/IconExpression/IconExpressA225EN.png	"Obtained by participating in the event ""New Year Blessings"""	Crackling Spring		1	10000	1	Crackling Spring		1000	
11000231	1	231	Stamp - Full Assault Mode	Assets/Product/Texture/Image/IconExpression/IconExpressA227.png	Assets/Product/Texture/Image/IconExpression/IconExpressA227.png	"Obtained by clearing ""Corrupted Battlefront - Pioneers of Peril"""	Full Assault Mode		1	10000	1	Full Assault Mode		1000	
11000232	1	232	Stamp - Advantage: Mine.	Assets/Product/Texture/Image/IconExpression/IconExpressA232.png	Assets/Product/Texture/Image/IconExpression/IconExpressA232.png	"Obtained by clearing ""Constellation of Chess"""	Advantage: Mine.		1	10000	1	Advantage: Mine.		1000	
11000233	1	233	Stamp - Place Your Bets!	Assets/Product/Texture/Image/IconExpression/IconExpressA230.png	Assets/Product/Texture/Image/IconExpression/IconExpressA230.png	"Obtained by clearing ""Constellation of Chess"""	Place your bets!		1	10000	1	Place Your Bets!		1000	
11000234	1	234	Achievement Stamp - Enjoying the Tranquility	Assets/Product/Texture/Image/IconExpression/IconExpressA234.png	Assets/Product/Texture/Image/IconExpression/IconExpressA234.png	Achievement Stamp - Evolve Pianissimo to SSS	Pianissimo - Enjoying the Tranquility		1	10000	1	Feel Peace		1001	
11000235	1	235	Achievement Stamp - Even if Time Goes by	Assets/Product/Texture/Image/IconExpression/IconExpressA235.png	Assets/Product/Texture/Image/IconExpression/IconExpressA235.png	Achievement Stamp - Evolve Snow Waltz to SSS	Achievement - Snow Waltz		1	10000	1	Even If Time Goes By		1001	
11000236	1	236	Stamp - Right!	Assets/Product/Texture/Image/IconExpression/IconExpressA236.png	Assets/Product/Texture/Image/IconExpression/IconExpressA236.png	"Obtained from ""Guild Expedition VII"""	Right!		1	10000	1	Right!		1000	
11000237	1	237	Stamp - Huh?	Assets/Product/Texture/Image/IconExpression/IconExpressA237.png	Assets/Product/Texture/Image/IconExpression/IconExpressA237.png	"Obtained from ""Guild Expedition VII"""	Huh?		1	10000	1	Huh?		1000	
11000238	1	238	Stamp - Is This... Right???	Assets/Product/Texture/Image/IconExpression/IconExpressA238.png	Assets/Product/Texture/Image/IconExpression/IconExpressA238.png	"Obtained from ""Guild Expedition VII"""	Is This... Right???		1	10000	1	Is This... Right???		1000	
11000239	1	239	Stamp - Happy Year of Snake	Assets/Product/Texture/Image/IconExpression/IconExpressA239.png	Assets/Product/Texture/Image/IconExpression/IconExpressA239.png	"Awarded to participants of the event ""Lasting Jubilation"""	Happy Year of Snake		1	10000	1	Happy Summertime		1000	
11000240	1	240	Stamp - Get in the Bowl	Assets/Product/Texture/Image/IconExpression/IconExpressA240.png	Assets/Product/Texture/Image/IconExpression/IconExpressA240.png	Available via 2025 Lantern Festival Mail	Get in the Bowl		1	10000	1	Get in the Bowl		1000	
11000241	1	241	Stamp - Well Played	Assets/Product/Texture/Image/IconExpression/IconExpressA241.png	Assets/Product/Texture/Image/IconExpression/IconExpressA241.png	"Obtained from ""Shuffling Duel"""	Well Played		1	10000	1	Well Played		1000	
11000242	1	242	Stamp - Caught off Guard	Assets/Product/Texture/Image/IconExpression/IconExpressA242.png	Assets/Product/Texture/Image/IconExpression/IconExpressA242.png	"Obtained from ""Crouching Cat, Hidden Rat: Summer Operation"""	Caught off Guard		1	10000	1	Caught off Guard		1000	
11000243	1	243	Achievement Stamp - Here I Come!	Assets/Product/Texture/Image/IconExpression/IconExpressA243.png	Assets/Product/Texture/Image/IconExpression/IconExpressA243.png	Achievement Stamp - Evolve Daybreak to SSS	Daybreak - Here I Come!		1	10000	1	Here I Come!		1001	
11000244	1	244	Stamp - LAMEEEE	Assets/Product/Texture/Image/IconExpression/IconExpressA244.png	Assets/Product/Texture/Image/IconExpression/IconExpressA244.png	"Obtain by clearing ""Permanent Rift"""	LAMEEEE		1	10000	1	LAMEEEE		1000	
11000245	1	245	Stamp - What's Going On?	Assets/Product/Texture/Image/IconExpression/IconExpressA245.png	Assets/Product/Texture/Image/IconExpression/IconExpressA245.png	"Obtain by clearing ""Lazy Delivery"""	What's Going On?		1	10000	1	What's Going On?		1000	
11000246	1	246	Stamp - Aha!	Assets/Product/Texture/Image/IconExpression/IconExpressA246.png	Assets/Product/Texture/Image/IconExpression/IconExpressA246.png	"Obtain by clearing ""Lazy Delivery"""	Aha!		1	10000	1	Aha!		1000	
11000247	1	247	Stamp - Hard to Judge	Assets/Product/Texture/Image/IconExpression/IconExpressA247.png	Assets/Product/Texture/Image/IconExpression/IconExpressA247.png	"Obtain by clearing ""Lazy Delivery"""	Hard to Judge		1	10000	1	Hard to Judge		1000	
11000248	1	248	Achievement Stamp - Try This	Assets/Product/Texture/Image/IconExpression/IconExpressA253.png	Assets/Product/Texture/Image/IconExpression/IconExpressA253.png	Achievement Stamp - Evolve Geiravor to SSS	Geiravor - Try This		1	10000	1	Try This		1001	
11000249	1	249	Achievement Stamp - Already Offline	Assets/Product/Texture/Image/IconExpression/IconExpressA254.png	Assets/Product/Texture/Image/IconExpression/IconExpressA254.png	Achievement Stamp - Evolve Wrathfang to SSS	Achievement - Already Offline		1	10000	1	Already Offline		1001	
11000250	1	250	Stamp - Little Heart	Assets/Product/Texture/Image/IconExpression/IconExpressA252.png	Assets/Product/Texture/Image/IconExpression/IconExpressA252.png	"Obtained from ""Blade on the Waves"""	Little Heart		1	10000	1	Little Heart		1000	
11000251	1	251	Stamp - Here, I Got This	Assets/Product/Texture/Image/IconExpression/IconExpressA255.png	Assets/Product/Texture/Image/IconExpression/IconExpressA255.png	"Obtained from ""Vanquishing Embers"""	Here, I Got This		1	10000	1	Here, I Got This		1000	
11000252	1	252	Stamp - Class Is Over	Assets/Product/Texture/Image/IconExpression/IconExpressA256.png	Assets/Product/Texture/Image/IconExpression/IconExpressA256.png	"Obtained by clearing ""Game of Thorns"""	Class Is Over		1	10000	1	Class Is Over		1000	
11000253	1	254	Achievement Stamp - Hair Slicking	Assets/Product/Texture/Image/IconExpression/IconExpressA248.png	Assets/Product/Texture/Image/IconExpression/IconExpressA248.png	Achievement Stamp - Evolve Vergil to SSS	Vergil - Hair Slicking		1	10000	1	Hair Slicking		1001	
11000254	1	255	Achievement Stamp - Power	Assets/Product/Texture/Image/IconExpression/IconExpressA249.png	Assets/Product/Texture/Image/IconExpression/IconExpressA249.png	Achievement Stamp - Evolve Mirage Blades to SSS	Achievement - Mirage Blades		1	10000	1	Power		1001	
11000255	1	256	Achievement Stamp - Yeeee Ahh!	Assets/Product/Texture/Image/IconExpression/IconExpressA250.png	Assets/Product/Texture/Image/IconExpression/IconExpressA250.png	Achievement Stamp - Evolve Dante to SSS	Dante - Yeeee Ahh!		1	10000	1	Yeeee Ahh!		1001	
11000256	1	257	Achievement Stamp - Wow	Assets/Product/Texture/Image/IconExpression/IconExpressA251.png	Assets/Product/Texture/Image/IconExpression/IconExpressA251.png	Achievement Stamp - Evolve Cavaliere to SSS	Achievement - Cavaliere		1	10000	1	Wow		1001	
11000257	1	258	Stamp - Yummy Zong	Assets/Product/Texture/Image/IconExpression/IconExpressA259.png	Assets/Product/Texture/Image/IconExpression/IconExpressA259.png	"Obtained from ""Drifting Leaf Fragrance - Sign-in"""	Yummy Zong		1	10000	1	Yummy		1000	
11000258	1	259	Stamp - Idiot Burger	Assets/Product/Texture/Image/IconExpression/IconExpressA258.png	Assets/Product/Texture/Image/IconExpression/IconExpressA258.png	"Obtained by clearing ""Bytebite Invasion"""	Idiot Burger		1	10000	1	Idiot Burger		1000	
11000259	1	260	Stamp - Testing Waters	Assets/Product/Texture/Image/IconExpression/IconExpressA257.png	Assets/Product/Texture/Image/IconExpression/IconExpressA257.png	Obtained by clearing [Limit Break]	Testing Waters		1	10000	1	Testing Waters		1000	
11000260	1	291	Stamp - Drink Coffee	Assets/Product/Texture/Image/IconExpression/IconExpressA261.png	Assets/Product/Texture/Image/IconExpression/IconExpressA261.png	"Obtained by clearing ""Kuroro Coffee"""	Have a coffee to perk up.		1	10000	1	Drink Coffee		1000	
11000261	1	292	Stamp - Pst...	Assets/Product/Texture/Image/IconExpression/IconExpressA262.png	Assets/Product/Texture/Image/IconExpression/IconExpressA262.png	"Obtained by clearing ""Kuroro Coffee"""	Who put motor oil in the coffee?!		1	10000	1	Pst...		1000	
11000262	1	293	Stamp - Detective	Assets/Product/Texture/Image/IconExpression/IconExpressA263.png	Assets/Product/Texture/Image/IconExpression/IconExpressA263.png	"Obtained by clearing ""Business Development Plan"""	Search mode activated.		1	10000	1	Detective		1000	
11000263	1	294	Stamp - Cerberus! Open Up	Assets/Product/Texture/Image/IconExpression/IconExpressA264.png	Assets/Product/Texture/Image/IconExpression/IconExpressA264.png	"Obtained by clearing ""Business Development Plan"""	Hands on your head! Freeze!		1	10000	1	Cerberus! Open Up		1000	
11000264	1	295	Stamp - Look at the Camera	Assets/Product/Texture/Image/IconExpression/IconExpressA265.png	Assets/Product/Texture/Image/IconExpression/IconExpressA265.png	"Obtained from ""Whispers of Love Story"""	"""3, 2, 1—Say Cheese!"""		1	10000	1	Look at the Camera		1000	
11000265	1	296	Stamp - Chest Hunter	Assets/Product/Texture/Image/IconExpression/IconExpressA266.png	Assets/Product/Texture/Image/IconExpression/IconExpressA266.png	"Obtained from ""Interactive Gameplay"""	This is a Chief's insight!		1	10000	1	Chest Hunter		1000	
11000266	1	267	Achievement Stamp - Get What You Want	Assets/Product/Texture/Image/IconExpression/IconExpressA267.png	Assets/Product/Texture/Image/IconExpression/IconExpressA267.png	Achievement Stamp - Evolve Crepuscule to SSS	Crepuscule - Get What You Want		1	10000	1	Get What You Want		1001	
11000267	1	268	Achievement Stamp - Whatever	Assets/Product/Texture/Image/IconExpression/IconExpressA268.png	Assets/Product/Texture/Image/IconExpression/IconExpressA268.png	Achievement Stamp - Evolve Noctiluca to SSS	Noctiluca - Whatever		1	10000	1	Whatever		1001	
11000268	1	269	Stamp - Open the Door	Assets/Product/Texture/Image/IconExpression/IconExpressA269.png	Assets/Product/Texture/Image/IconExpression/IconExpressA269.png	"Obtained by clearing ""The Godfall Revelation"""	Open the Door		1	10000	1	Open the Door		1000	
11000269	1	270	Stamp - I Have a Plan	Assets/Product/Texture/Image/IconExpression/IconExpressA270.png	Assets/Product/Texture/Image/IconExpression/IconExpressA270.png	"Obtained by clearing ""The Godfall Revelation"""	I Have a Plan		1	10000	1	I Have a Plan		1000	
11000270	1	271	Stamp - Cheers	Assets/Product/Texture/Image/IconExpression/IconExpressA271.png	Assets/Product/Texture/Image/IconExpression/IconExpressA271.png	"Obtained by clearing ""The Godfall Revelation"""	Cheers		1	10000	1	Cheers		1000	
11000271	1	272	Stamp - Bad Guy	Assets/Product/Texture/Image/IconExpression/IconExpressA272.png	Assets/Product/Texture/Image/IconExpression/IconExpressA272.png	"Obtained from ""Guild Expedition VIII"""	Bad Guy		1	10000	1	Bad Guy		1000	
11000272	1	273	Stamp - Exterminate	Assets/Product/Texture/Image/IconExpression/IconExpressA273.png	Assets/Product/Texture/Image/IconExpression/IconExpressA273.png	"Obtained from ""Guild Expedition VIII"""	Exterminate		1	10000	1	Exterminate		1000	
11000273	1	274	Stamp - Purge All Sins	Assets/Product/Texture/Image/IconExpression/IconExpressA274.png	Assets/Product/Texture/Image/IconExpression/IconExpressA274.png	"Obtained from ""Guild Expedition VIII"""	Purge All Sins		1	10000	1	Purge All Sins		1000	
11000274	1	275	Stamp - Requesting Backup	Assets/Product/Texture/Image/IconExpression/IconExpressA275.png	Assets/Product/Texture/Image/IconExpression/IconExpressA275.png	"Obtained from ""Wreck-It Shark-speare"""	Requesting Backup		1	10000	1	Requesting Backup		1000	
11000275	1	276	Stamp - Lost in the Moment	Assets/Product/Texture/Image/IconExpression/IconExpressA276.png	Assets/Product/Texture/Image/IconExpression/IconExpressA276.png	"Obtained via mail from ""Wreck-It Shark-speare"""	Lost in the Moment		1	10000	1	Lost in the Moment		1000	
11000276	1	277	Achievement Stamp - No Tricks Allowed	Assets/Product/Texture/Image/IconExpression/IconExpressA279.png	Assets/Product/Texture/Image/IconExpression/IconExpressA279.png	Achievement Stamp - Evolve Secator to SSS	Secator - No Tricks Allowed		1	10000	1	No Tricks Allowed		1001	
11000277	1	278	Stamp - Flashpoint	Assets/Product/Texture/Image/IconExpression/IconExpressA277.png	Assets/Product/Texture/Image/IconExpression/IconExpressA277.png	"Obtained by clearing ""Tactical Override"""	Flashpoint		1	10000	1	Flashpoint		1000	
11000278	1	279	Stamp - Peaceful Sleep	Assets/Product/Texture/Image/IconExpression/IconExpressA278.png	Assets/Product/Texture/Image/IconExpression/IconExpressA278.png	"Obtained by clearing ""The Godfall Revelation"""	Peaceful Sleep		1	10000	1	Peaceful Sleep		1000	
11000279	1	280	Stamp - That's Something	Assets/Product/Texture/Image/IconExpression/IconExpressA280.png	Assets/Product/Texture/Image/IconExpression/IconExpressA280.png	"Obtained by clearing ""Threading Arts"""	That's Something		1	10000	1	That's Something		1000	
11000280	1	281	Achievement Stamp - I've Got This!	Assets/Product/Texture/Image/IconExpression/IconExpressA281.png	Assets/Product/Texture/Image/IconExpression/IconExpressA281.png	Achievement Stamp - Evolve Aegis to SSS	Aegis - I've Got This!		1	10000	1	Jetstream Attack!		1001	
11000281	1	282	Achievement Stamp - Spreading Wings	Assets/Product/Texture/Image/IconExpression/IconExpressA282.png	Assets/Product/Texture/Image/IconExpression/IconExpressA282.png	Achievement Stamp - Evolve Scaled Rampart to SSS	Scaled Rampart - Spreading Wings		1	10000	1	Spreading Wings		1001	
11000282	1	283	Stamp - Exhausted for Real	Assets/Product/Texture/Image/IconExpression/IconExpressA283.png	Assets/Product/Texture/Image/IconExpression/IconExpressA283.png	"Obtained by clearing ""The Godfall Revelation"""	Exhausted for Real		1	10000	1	Exhausted for Real		1000	
11000283	1	284	Stamp - Can't Take It!	Assets/Product/Texture/Image/IconExpression/IconExpressA284.png	Assets/Product/Texture/Image/IconExpression/IconExpressA284.png	"Obtained from ""Path of Buried Wishes"""	Can't Take It!		1	10000	1	Can't Take It!		1000	
11000284	1	285	Stamp - You're Wide Open!	Assets/Product/Texture/Image/IconExpression/IconExpressA285.png	Assets/Product/Texture/Image/IconExpression/IconExpressA285.png	"Obtained from ""Pathfinder - Fire and Fist"""	You're wide open!		1	10000	1	You're Wide Open!		1000	
11000285	1	286	Stamp - Mind Blown!	Assets/Product/Texture/Image/IconExpression/IconExpressA286.png	Assets/Product/Texture/Image/IconExpression/IconExpressA286.png	"Obtained by clearing ""Tactical Override"""	Mind Blown!		1	10000	1	Mind Blown!		1000	
11000286	1	287	Stamp - Happy Mid-Autumn Festival	Assets/Product/Texture/Image/IconExpression/IconExpressA287.png	Assets/Product/Texture/Image/IconExpression/IconExpressA287.png	"Obtained from ""Perpetual Moon - Sign-in"""	Happy Mid-Autumn Festival		1	10000	1	Happy Mid-Autumn Festival		1000	
11000287	1	288	Achievement Stamp - Kudos to Self	Assets/Product/Texture/Image/IconExpression/IconExpressA288.png	Assets/Product/Texture/Image/IconExpression/IconExpressA288.png	Achievement Stamp - Evolve Limpidity to SSS	Limpidity - Kudos to Self		1	10000	1	Kudos to Self		1001	
11000288	1	289	Achievement Stamp - Sign Contract	Assets/Product/Texture/Image/IconExpression/IconExpressA289.png	Assets/Product/Texture/Image/IconExpression/IconExpressA289.png	Achievement Stamp - Evolve Levvi to SSS	Levvi- Sign Contract		1	10000	1	Sign Contract		1001	
11000289	1	290	Stamp - Sweet Dreams	Assets/Product/Texture/Image/IconExpression/IconExpressA290.png	Assets/Product/Texture/Image/IconExpression/IconExpressA290.png	"Obtained from ""Fluffy Snooze"""	Sweet Dreams		1	10000	1	Sweet Dreams		1000	
11000290	1	291	Achievement Stamp - Is That All You've Got?	Assets/Product/Texture/Image/IconExpression/IconExpressA291.png	Assets/Product/Texture/Image/IconExpression/IconExpressA291.png	Achievement Stamp - Evolve Spectre to SSS	Spectre - Is That All You've Got?		1	10000	1	Is That All You've Got?		1001	
11000291	1	292	Achievement Stamp - Thanks, Little Bear	Assets/Product/Texture/Image/IconExpression/IconExpressA292.png	Assets/Product/Texture/Image/IconExpression/IconExpressA292.png	Achievement Stamp - Evolve Beep-Boop to SSS	Beep-Boop - Thanks, Little Bear		1	10000	1	Thanks, Little Bear		1001	
11000292	1	293	Stamp - Give You Flowers	Assets/Product/Texture/Image/IconExpression/IconExpressA293.png	Assets/Product/Texture/Image/IconExpression/IconExpressA293.png	"Obtained by clearing ""The Godfall Revelation"""	Give You Flowers		1	10000	1	Give You Flowers		1000	
11000293	1	294	Stamp - Happy New Year	Assets/Product/Texture/Image/IconExpression/IconExpressA294.png	Assets/Product/Texture/Image/IconExpression/IconExpressA294.png	"Obtained from ""New Timeline Array - Sign-in"""	Happy New Year		1	10000	1	Happy New Year		1000	
11000294	1	295	Stamp - Jackpot	Assets/Product/Texture/Image/IconExpression/IconExpressA295.png	Assets/Product/Texture/Image/IconExpression/IconExpressA295.png	"Obtained by clearing ""Special Dispatch: Wasteland Merchant"""	Jackpot		1	10000	1	Jackpot		1000	
11000295	1	296	Stamp - Deep Analysis	Assets/Product/Texture/Image/IconExpression/IconExpressA296.png	Assets/Product/Texture/Image/IconExpression/IconExpressA296.png	"Obtained by clearing ""Debugging Frenzy"""	Deep Analysis		1	10000	1	Deep Analysis		1000	
11000296	1	297	Stamp - I'll Help You	Assets/Product/Texture/Image/IconExpression/IconExpressA297.png	Assets/Product/Texture/Image/IconExpression/IconExpressA297.png	"Obtained by exploring Main Story ""Sightline Breach"" Stage 38-11 Night and Rose"	I'll Help You		1	10000	1	I'll Help You		1000	
11000297	1	298	Achievement Stamp - I Choose You	Assets/Product/Texture/Image/IconExpression/IconExpressA306.png	Assets/Product/Texture/Image/IconExpression/IconExpressA306.png	Achievement Stamp - Evolve Arete to SSS	Arete - I Choose You		1	10000	1	I Choose You		1001	
11000298	1	299	Achievement Stamp - Impressive	Assets/Product/Texture/Image/IconExpression/IconExpressA307.png	Assets/Product/Texture/Image/IconExpression/IconExpressA307.png	Achievement Stamp - Evolve Buzzling to SSS	Buzzling - Impressive		1	10000	1	That's amazing.		1001	
11000299	1	300	"Stamp - ""Tension"""	Assets/Product/Texture/Image/IconExpression/IconExpressA298.png	Assets/Product/Texture/Image/IconExpression/IconExpressA298.png	"Obtained by clearing ""Space Voyage"""	"""Tension"""		1	10000	1	"""Tension"""		1000	
11000300	1	301	"Stamp - ""Here You Go"""	Assets/Product/Texture/Image/IconExpression/IconExpressA299.png	Assets/Product/Texture/Image/IconExpression/IconExpressA299.png	"Obtained by clearing ""Space Voyage"""	"""Here You Go"""		1	10000	1	"""Here You Go"""		1000	
11000301	1	302	Stamp - Say Cheese!	Assets/Product/Texture/Image/IconExpression/IconExpressA301.png	Assets/Product/Texture/Image/IconExpression/IconExpressA301.png	"Obtained by clearing ""Will Under the Lens"""	A long-overdue group photo. Can't wait to see how it turns out!		1	10000	1	Say Cheese!		1000	
11000302	1	303	Stamp - Smug	Assets/Product/Texture/Image/IconExpression/IconExpressA300.png	Assets/Product/Texture/Image/IconExpression/IconExpressA300.png	"Obtained from ""Interactive Gameplay"""	Smug		1	10000	1	Smug		1000	
11000303	1	304	Stamp - Patience!	Assets/Product/Texture/Image/IconExpression/IconExpressA302.png	Assets/Product/Texture/Image/IconExpression/IconExpressA302.png	"Obtained by clearing ""Crouching Cat, Hidden Rat: The Year-End Bash!"""	Patience!		1	10000	1	Patience!		1000	
11000304	1	305	Stamp - System Crash	Assets/Product/Texture/Image/IconExpression/IconExpressA303.png	Assets/Product/Texture/Image/IconExpression/IconExpressA303.png	"Obtained by clearing ""Guild Expedition IX"""	System Crash		1	10000	1	System Crash		1000	
11000305	1	306	Stamp - Can't Face It	Assets/Product/Texture/Image/IconExpression/IconExpressA304.png	Assets/Product/Texture/Image/IconExpression/IconExpressA304.png	"Obtained by clearing ""Guild Expedition IX"""	Can't Face It		1	10000	1	Can't Face It		1000	
11000306	1	307	Stamp - Complete Meltdown	Assets/Product/Texture/Image/IconExpression/IconExpressA305.png	Assets/Product/Texture/Image/IconExpression/IconExpressA305.png	"Obtained by clearing ""Guild Expedition IX"""	Complete Meltdown		1	10000	1	Complete Meltdown		1000	
11000307	1	308	Stamp - Ride to Success	Assets/Product/Texture/Image/IconExpression/IconExpressA308.png	Assets/Product/Texture/Image/IconExpression/IconExpressA308.png	"Obtained from ""Springtide Benediction - Sign-in"""	Ride to Success		1	10000	1	Ride to Success		1000	
11000311	1	312	Achievement Stamp - Spot Check	Assets/Product/Texture/Image/IconExpression/IconExpressA313.png	Assets/Product/Texture/Image/IconExpression/IconExpressA313.png	Achievement Stamp - Evolve Dirge to SSS	Dirge - Spot Check		1	10000	1	Spot Check		1001	
11000312	1	313	Achievement Stamp - You There?!	Assets/Product/Texture/Image/IconExpression/IconExpressA314.png	Assets/Product/Texture/Image/IconExpression/IconExpressA314.png	Achievement Stamp - Evolve Morigan to SSS	Morigan - You There?!		1	10000	1	You There?!		1001	
11000313	1	314	Stamp - Endless Work	Assets/Product/Texture/Image/IconExpression/IconExpressA312.png	Assets/Product/Texture/Image/IconExpression/IconExpressA312.png	"Obtained by clearing ""Cyber Checkmate"""	Endless Work		1	10000	1	Endless Work		1000	
11000314	1	315	Stamp - So Cold	Assets/Product/Texture/Image/IconExpression/IconExpressA315.png	Assets/Product/Texture/Image/IconExpression/IconExpressA315.png	"Obtained by clearing ""Awakening Tundra"""	So Cold		1	10000	1	So Cold		1000	
11000315	1	316	Stamp - This Is True Power!	Assets/Product/Texture/Image/IconExpression/IconExpressA316.png	Assets/Product/Texture/Image/IconExpression/IconExpressA316.png	"Obtained by clearing ""Proxy Remodel"""	This Is True Power!		1	10000	1	This Is True Power!		1000	
11000316	2	1	Animated Stamp - Sleepy Puppy	Assets/Product/Texture/Image/IconExpression/IconExpressA318.png	Assets/Product/Texture/Image/IconExpression/IconExpressA318.png	Obtained by purchasing the Sleep Guardian Pack during the Butter's Special event	Wanshi - Sleepy Puppy		1	10000	1	Sleepy Puppy		1003	Assets/Product/Texture/SpriteAtlas/DynamicFace/huangyouxiaogou/HeadButterDog1/HeadButterDog1.spriteatlas
11000317	2	2	Animated Stamp - Pondering Puppy	Assets/Product/Texture/Image/IconExpression/IconExpressA320.png	Assets/Product/Texture/Image/IconExpression/IconExpressA320.png	Obtained by purchasing the Focus Supplement Pack during the Butter's Special event	Chrome - Pondering Puppy		1	10000	1	Pondering Puppy		1003	Assets/Product/Texture/SpriteAtlas/DynamicFace/huangyouxiaogou/HeadButterDog2/HeadButterDog2.spriteatlas
11000318	2	3	Animated Stamp - Observant Puppy	Assets/Product/Texture/Image/IconExpression/IconExpressA319.png	Assets/Product/Texture/Image/IconExpression/IconExpressA319.png	Obtained by purchasing the Athletic Boost Pack during the Butter's Special event	Camu - Observant Puppy		1	10000	1	Observant Puppy		1003	Assets/Product/Texture/SpriteAtlas/DynamicFace/huangyouxiaogou/HeadButterDog3/HeadButterDog3.spriteatlas
11000319	2	4	Animated Stamp - Happy Puppy	Assets/Product/Texture/Image/IconExpression/IconExpressA317.png	Assets/Product/Texture/Image/IconExpression/IconExpressA317.png	Obtained by purchasing the Happy Supply Pack during the Butter's Special event	Kamui - Happy Puppy		1	10000	1	Happy Puppy		1003	Assets/Product/Texture/SpriteAtlas/DynamicFace/huangyouxiaogou/HeadButterDog4/HeadButterDog4.spriteatlas
11000320	1	320	Achievement Stamp - Sword, Come Forth!	Assets/Product/Texture/Image/IconExpression/IconExpressA324.png	Assets/Product/Texture/Image/IconExpression/IconExpressA324.png	Achievement Stamp - Evolve Aeternion to SSS	Aeternion - Sword, Come Forth!		1	10000	1	Sword, Come Forth!		1001	
11000321	1	321	Achievement Stamp - Lounging Kitty	Assets/Product/Texture/Image/IconExpression/IconExpressA323.png	Assets/Product/Texture/Image/IconExpression/IconExpressA323.png	Achievement Stamp - Evolve Ignis to SSS	Ignis - Lounging Kitty		1	10000	1	Lounging Kitty		1001	
11000322	1	322	Stamp - You're the Best!	Assets/Product/Texture/Image/IconExpression/IconExpressA321.png	Assets/Product/Texture/Image/IconExpression/IconExpressA321.png	"Obtained by clearing ""Butter Coffee Wonders"""	You're the best!		1	10000	1	You're the best!		1000	
11000323	1	323	Stamp - Clocking In by Choice	Assets/Product/Texture/Image/IconExpression/IconExpressA322.png	Assets/Product/Texture/Image/IconExpression/IconExpressA322.png	"Obtained from ""Sunlit Getaway - Sign-in"""	Clocking In by Choice		1	10000	1	Clocking In by Choice		1000	
11000324	1	324	Achievement Stamp - Go Spearfishing!	Assets/Product/Texture/Image/IconExpression/IconExpressA332.png	Assets/Product/Texture/Image/IconExpression/IconExpressA332.png	Achievement Stamp - Evolve Inverse Crown to SSS	Inverse Crown - Go Spearfishing!		1	10000	1	Go Spearfishing!		1001	
11000325	1	325	Achievement Stamp - Just Gonna Lie Here...	Assets/Product/Texture/Image/IconExpression/IconExpressA331.png	Assets/Product/Texture/Image/IconExpression/IconExpressA331.png	Achievement Stamp - Evolve Allos to SSS	Allos - Just Gonna Lie Here...		1	10000	1	Just Gonna Lie Here...		1001	
11000326	1	326	Stamp - Deep in Thought	Assets/Product/Texture/Image/IconExpression/IconExpressA325.png	Assets/Product/Texture/Image/IconExpression/IconExpressA325.png	"Obtained by clearing ""Shrouded Requiem"""	Deep in Thought		1	10000	1	Deep in Thought		1000	
11000327	1	327	Stamp - Something's Off!	Assets/Product/Texture/Image/IconExpression/IconExpressA326.png	Assets/Product/Texture/Image/IconExpression/IconExpressA326.png	"Obtained by clearing ""Shrouded Requiem"""	Something's Off!		1	10000	1	Something's Off!		1000	
11000328	1	328	Stamp - Aloof Inspection	Assets/Product/Texture/Image/IconExpression/IconExpressA327.png	Assets/Product/Texture/Image/IconExpression/IconExpressA327.png	"Obtained by clearing ""Guild Expedition X"""	Aloof Inspection		1	10000	1	Aloof Inspection		1000	
11000329	1	329	Stamp - Cool Gal Inspection	Assets/Product/Texture/Image/IconExpression/IconExpressA328.png	Assets/Product/Texture/Image/IconExpression/IconExpressA328.png	"Obtained by clearing ""Guild Expedition X"""	Cool Gal Inspection		1	10000	1	Cool Gal Inspection		1000	
11000330	1	330	Stamp - No Looking Back	Assets/Product/Texture/Image/IconExpression/IconExpressA329.png	Assets/Product/Texture/Image/IconExpression/IconExpressA329.png	"Obtained by clearing ""Guild Expedition X"""	No Looking Back		1	10000	1	No Looking Back		1000	
11000331	1	331	Stamp - Roux the Seven Seas	Assets/Product/Texture/Image/IconExpression/IconExpressA330.png	Assets/Product/Texture/Image/IconExpression/IconExpressA330.png	"Obtained from ""Mugwort's Blessing - Sign-in"""	Roux the Seven Seas		1	10000	1	Roux the Seven Seas		1000	
11000332	1	332	"Stamp - ""Glowing"""	Assets/Product/Texture/Image/IconExpression/IconExpressA334.png	Assets/Product/Texture/Image/IconExpression/IconExpressA334.png	Obtained by completing Babylonia Pilotage Mission [Homecoming and A New Journey]	"""Glowing"""		1	10000	1	"""Glowing"""		1000	
11000334	1	334	Stamp - Taste My FIST!	Assets/Product/Texture/Image/IconExpression/IconExpressA333.png	Assets/Product/Texture/Image/IconExpression/IconExpressA333.png	Obtained by clearing [Retro Arcade]	Taste My FIST!		1	10000	1	Taste My FIST!		1000	
11000335	1	335	Achievement Stamp - I Fell.	Assets/Product/Texture/Image/IconExpression/IconExpressA336.png	Assets/Product/Texture/Image/IconExpression/IconExpressA336.png	Achievement Stamp - Evolve Lacrimosa to SSS	Lacrimosa - I Fell.		1	10000	1	I Fell.		1001	
11000336	1	336	Achievement Stamp - Huh? Wait, What?	Assets/Product/Texture/Image/IconExpression/IconExpressA337.png	Assets/Product/Texture/Image/IconExpression/IconExpressA337.png	Achievement Stamp - Evolve Grand Duke to SSS	Grand Duke - Huh? Wait, What?		1	10000	1	Huh? Wait, What?		1001	
11000337	1	337	Stamp - Am I Gonna Die Too?	Assets/Product/Texture/Image/IconExpression/IconExpressA335.png	Assets/Product/Texture/Image/IconExpression/IconExpressA335.png	"Obtained from ""Shattered Mirage"""	Am I Gonna Die Too?		1	10000	1	Am I Gonna Die Too?		1000	
11000338	1	338	Stamp - Got Faith in You	Assets/Product/Texture/Image/IconExpression/IconExpressA338.png	Assets/Product/Texture/Image/IconExpression/IconExpressA338.png	"Obtained from ""Huhu's Fantastic Garden"""	Got Faith in You		1	10000	1	Got Faith in You		1000	
11000339	1	339	Stamp - Light Work	Assets/Product/Texture/Image/IconExpression/IconExpressA339.png	Assets/Product/Texture/Image/IconExpression/IconExpressA339.png	"Obtained by clearing ""Shrouded Requiem"""	Light Work		1	10000	1	Light Work		1000	
11700001	1	901	特別スタンプ-メールがいっぱいになりました	Assets/Product/Texture/Image/IconExpression/IconJPExpressA2.png	Assets/Product/Texture/Image/IconExpression/IconJPExpressA2.png	「メールボックスがいっぱいだよ!」	メールボックスがいっぱいです。メールが上書きされないよう、整理してから再操作してください。byセリカ		1	10000	1			1000	
11800000	1	900	Stamp - Lighting Fireworks	Assets/Product/Texture/Image/IconExpression/IconExpressA167.png	Assets/Product/Texture/Image/IconExpression/IconExpressA167.png	Obtained from the 2024 New Year Sign-in Event.	Lighting Fireworks		1	10000	1	Lighting Fireworks			
11900000	1	901	Stamp - Round and Round	Assets/Product/Texture/Image/IconExpression/IconExpressAen2024newyear.png	Assets/Product/Texture/Image/IconExpression/IconExpressAen2024newyear.png	Obtained from the 2024 Spring Festival Sign-in Event.	Come have fun with us!		1	10000	1	Round and Round			
11000340	1	340	Achievement Stamp - Hat Trick	Assets/Product/Texture/Image/IconExpression/IconExpressA343.png	Assets/Product/Texture/Image/IconExpression/IconExpressA343.png	Achievement Stamp - Evolve Effulgence to SSS	Hat Trick		1	10000	1	Hat Trick		1001	
11000341	1	341	Achievement Stamp - Yep, Yep	Assets/Product/Texture/Image/IconExpression/IconExpressA342.png	Assets/Product/Texture/Image/IconExpression/IconExpressA342.png	Achievement Stamp - Evolve Patrick to SSS	Yep, Yep		1	10000	1	Yep, Yep		1001	
11000342	1	342	Stamp - Royal Descent	Assets/Product/Texture/Image/IconExpression/IconExpressA344.png	Assets/Product/Texture/Image/IconExpression/IconExpressA344.png	"Obtained by clearing ""Blazing Rhapsody"""	Royal Descent		1	10000	1	Royal Descent		1000	
11000343	1	344	Achievement Stamp - Cat Addiction	Assets/Product/Texture/Image/IconExpression/IconExpressA341.png	Assets/Product/Texture/Image/IconExpression/IconExpressA341.png	Achievement Stamp - Evolve Kurumi Tokisaki to SSS	Kurumi Tokisaki - Cat Addiction		1	10000	1	Cat Addiction		1001	
11000344	1	345	Achievement Stamp - TICKTICKTICK	Assets/Product/Texture/Image/IconExpression/IconExpressA340.png	Assets/Product/Texture/Image/IconExpression/IconExpressA340.png	Achievement Stamp - Evolve Zafkiel to SSS	Zafkiel - TICKTICKTICK		1	10000	1	TICKTICKTICK		1001	
11000345	1	343	Stamp - Starlight Blaze	Assets/Product/Texture/Image/IconExpression/IconExpressA345.png	Assets/Product/Texture/Image/IconExpression/IconExpressA345.png	Redeemed with a code given out during the [One Heart, One Hertz] livestream concert	Starlight Blaze		1	10000	1	Starlight Blaze		1000	
11000346	1	346	Achievement Stamp - You Shall Not Pass!	Assets/Product/Texture/Image/IconExpression/IconExpressA346.png	Assets/Product/Texture/Image/IconExpression/IconExpressA346.png	Achievement Stamp - Evolve Anabasis to SSS	Anabasis - You Shall Not Pass!		1	10000	1	No passing from here!		1001	
11000347	1	347	Achievement Stamp - Calm Down	Assets/Product/Texture/Image/IconExpression/IconExpressA347.png	Assets/Product/Texture/Image/IconExpression/IconExpressA347.png	Achievement Stamp - Evolve Kelpie to SSS	Kelpie - Calm Down		1	10000	1	Calm down.		1001	
11000348	1	348	Stamp - Shh!	Assets/Product/Texture/Image/IconExpression/IconExpressA348.png	Assets/Product/Texture/Image/IconExpression/IconExpressA348.png	"Obtained by clearing ""Shrouded Requiem"""	Shh!		1	10000	1	Shh!		1000	
11000349	1	349	Stamp - Huhu Strikes!	Assets/Product/Texture/Image/IconExpression/IconExpressA349.png	Assets/Product/Texture/Image/IconExpression/IconExpressA349.png	"Obtained from ""Wreck-It Huhu"""	Huhu strikes!		1	10000	1	Huhu strikes!		1000	
11000350	1	350	Stamp - Moongazing	Assets/Product/Texture/Image/IconExpression/IconExpressA350.png	Assets/Product/Texture/Image/IconExpression/IconExpressA350.png	"Obtained from ""Moonlit Osmanthus - Sign-in"""	Moongazing		1	10000	1	Moongazing		1000	
11000351	1	351	Stamp - Lost for Words	Assets/Product/Texture/Image/IconExpression/IconExpressA351.png	Assets/Product/Texture/Image/IconExpression/IconExpressA351.png	"Obtained by clearing ""Circuit Calculus"""	Hesitate to speak		1	10000	1	Hesitate to speak		1000	
