Id	CharacterId	LevelId	HeadPortrait	RewardId	ConditionIds	SkillGroupId
1	1011002	1	9000001			
2	1011002	2	9000001	10110020	[40061109,40062109]	
3	1011002	3	9000002	10110021	[40061001,40062110]	
4	1011002	4	9000003	10110022	[40061002,40062111,40063001]	1012270
5	1021001	1	9000001			
6	1021001	2	9000001	10210010	[40061110,40062113]	
7	1021001	3	9000002	10210011	[40061004,40062114]	
8	1021001	4	9000003	10210012	[40061005,40062115,40063002]	1021270
9	1031001	1	9000001			
10	1031001	2	9000001	10310010	[40061111,40062117]	
11	1031001	3	9000002	10310011	[40061007,40062118]	
12	1031001	4	9000003	10310012	[40061008,40062119,40063003]	1031270
13	1051001	1	9000001			
14	1051001	2	9000001	10510010	[40061112,40062121]	
15	1051001	3	9000002	10510011	[40061010,40062122]	
16	1051001	4	9000003	10510012	[40061011,40062123,40063004]	1051270
17	1031002	1	9000001			
18	1031002	2	9000001	10310020	[40061113,40062125]	
19	1031002	3	9000002	10310021	[40061013,40062126]	
20	1031002	4	9000003	10310022	[40061014,40062127,40063005]	1032270
21	1021002	1	9000001			
22	1021002	2	9000001	10210020	[40061114,40062129]	
23	1021002	3	9000002	10210021	[40061016,40062130]	
24	1021002	4	9000003	10210022	[40061017,40062131,40063006]	1022270
25	1031003	1	9000001			
26	1031003	2	9000001	10310030	[40061115,40062133]	
27	1031003	3	9000002	10310031	[40061019,40062134]	
28	1031003	4	9000003	10310032	[40061020,40062135,40063007]	1033270
29	1061003	1	9000001			
30	1061003	2	9000001	10610030	[40061116,40062137]	
31	1061003	3	9000002	10610031	[40061022,40062138]	
32	1061003	4	9000003	10610032	[40061023,40062139,40063008]	1063270
33	1081002	1	9000001			
34	1081002	2	9000001	10810020	[40061117,40062141]	
35	1081002	3	9000002	10810021	[40061025,40062142]	
36	1081002	4	9000003	10810022	[40061026,40062143,40063009]	1082270
37	1071002	1	9000001			
38	1071002	2	9000001	10710020	[40061118,40062145]	
39	1071002	3	9000002	10710021	[40061028,40062146]	
40	1071002	4	9000003	10710022	[40061029,40062147,40063010]	1072270
41	1061002	1	9000001			
42	1061002	2	9000001	10610020	[40061119,40062149]	
43	1061002	3	9000002	10610021	[40061031,40062150]	
44	1061002	4	9000003	10610022	[40061032,40062151,40063011]	1062270
45	1041002	1	9000001			
46	1041002	2	9000001	10410020	[40061120,40062153]	
47	1041002	3	9000002	10410021	[40061034,40062154]	
48	1041002	4	9000003	10410022	[40061035,40062155,40063012]	1042270
49	1071003	1	9000001			
50	1071003	2	9000001	10710030	[40061121,40062157]	
51	1071003	3	9000002	10710031	[40061037,40062158]	
52	1071003	4	9000003	10710032	[40061038,40062159,40063013]	1073270
53	1011003	1	9000001			
54	1011003	2	9000001	10110030	[40061122,40062161]	
55	1011003	3	9000002	10110031	[40061040,40062162]	
56	1011003	4	9000003	10110032	[40061041,40062163,40063014]	1013270
57	1051003	1	9000001			
58	1051003	2	9000001	10510030	[40061123,40062165]	
59	1051003	3	9000002	10510031	[40061043,40062166]	
60	1051003	4	9000003	10510032	[40061044,40062167,40063015]	1053270
61	1021003	1	9000001			
62	1021003	2	9000001	10210030	[40061124,40062169]	
63	1021003	3	9000002	10210031	[40061046,40062170]	
64	1021003	4	9000003	10210032	[40061047,40062171,40063016]	1023270
65	1081003	1	9000001			
66	1081003	2	9000001	10810030	[40061125,40062173]	
67	1081003	3	9000002	10810031	[40061049,40062174]	
68	1081003	4	9000003	10810032	[40061050,40062175,40063017]	1083270
69	1091002	1	9000001			
70	1091002	2	9000001	10910020	[40061126,40062177]	
71	1091002	3	9000002	10910021	[40061052,40062178]	
72	1091002	4	9000003	10910022	[40061053,40062179,40063018]	1092270
73	1041003	1	9000001			
74	1041003	2	9000001	10410030	[40061127,40062181]	
75	1041003	3	9000002	10410031	[40061055,40062182]	
76	1041003	4	9000003	10410032	[40061056,40062183,40063019]	1043270
77	1111002	1	9000001			
78	1111002	2	9000001	11110020	[40061128,40062185]	
79	1111002	3	9000002	11110021	[40061058,40062186]	
80	1111002	4	9000003	11110022	[40061059,40062187,40063020]	1112270
81	1121002	1	9000001			
82	1121002	2	9000001	11210020	[40061129,40062189]	
83	1121002	3	9000002	11210021	[40061061,40062190]	
84	1121002	4	9000003	11210022	[40061062,40062191,40063021]	1122270
85	1021004	1	9000001			
86	1021004	2	9000001	10210040	[40061130,40062193]	
87	1021004	3	9000002	10210041	[40061064,40062194]	
88	1021004	4	9000003	10210042	[40061065,40062195,40063022]	1024270
89	1131002	1	9000001			
90	1131002	2	9000001	11310020	[40061131,40062197]	
91	1131002	3	9000002	11310021	[40061067,40062198]	
92	1131002	4	9000003	11310022	[40061068,40062199,40063023]	1132270
93	1511003	1	9000001			
94	1511003	2	9000001	15110030	[40061132,40062201]	
95	1511003	3	9000002	15110031	[40061070,40062202]	
96	1511003	4	9000003	15110032	[40061071,40062203,40063024]	1152270
97	1141003	1	9000001			
98	1141003	2	9000001	11410030	[40061133,40062205]	
99	1141003	3	9000002	11410031	[40061073,40062206]	
100	1141003	4	9000003	11410032	[40061074,40062207,40063025]	1143270
101	1521003	1	9000001			
102	1521003	2	9000001	15210030	[40061134,40062209]	
103	1521003	3	9000002	15210031	[40061076,40062210]	
104	1521003	4	9000003	15210032	[40061077,40062211,40063026]	1523270
105	1161002	1	9000001			
106	1161002	2	9000001	11610020	[40061135,40062213]	
107	1161002	3	9000002	11610021	[40061079,40062214]	
108	1161002	4	9000003	11610022	[40061080,40062215,40063027]	1162270
109	1171003	1	9000001			
110	1171003	2	9000001	11710030	[40061136,40062217]	
111	1171003	3	9000002	11710031	[40061082,40062218]	
112	1171003	4	9000003	11710032	[40061083,40062219,40063028]	1173270
113	1181003	1	9000001			
114	1181003	2	9000001	11810030	[40061137,40062221]	
115	1181003	3	9000002	11810031	[40061085,40062222]	
116	1181003	4	9000003	11810032	[40061086,40062223,40063029]	1183270
117	1191003	1	9000001			
118	1191003	2	9000001	11910030	[40061138,40062225]	
119	1191003	3	9000002	11910031	[40061088,40062226]	
120	1191003	4	9000003	11910032	[40061089,40062227,40063030]	1193270
121	1201003	1	9000001			
122	1201003	2	9000001	12010030	[40061139,40062229]	
123	1201003	3	9000002	12010031	[40061091,40062230]	
124	1201003	4	9000003	12010032	[40061092,40062231,40063031]	1203270
125	1211002	1	9000001			
126	1211002	2	9000001	12110020	[40061140,40062233]	
127	1211002	3	9000002	12110021	[40061094,40062234]	
128	1211002	4	9000003	12110022	[40061095,40062235,40063032]	1212270
129	1531003	1	9000001			
130	1531003	2	9000001	15310030	[40061141,40062237]	
131	1531003	3	9000002	15310031	[40061097,40062238]	
132	1531003	4	9000003	15310032	[40061098,40062239,40063033]	1533270
133	1121003	1	9000001			
134	1121003	2	9000001	11210030	[40061142,40062241]	
135	1121003	3	9000002	11210031	[40061100,40062242]	
136	1121003	4	9000003	11210032	[40061101,40062243,40063034]	1123270
137	1221002	1	9000001			
138	1221002	2	9000001	12210020	[40061143,40062245]	
139	1221002	3	9000002	12210021	[40061103,40062246]	
140	1221002	4	9000003	12210022	[40061104,40062247,40063035]	1222270
141	1131003	1	9000001			
142	1131003	2	9000001	11310030	[40061144,40062249]	
143	1131003	3	9000002	11310031	[40061103,40062250]	
144	1131003	4	9000003	11310032	[40061104,40062251,40063036]	1133270
145	1541003	1	9000001			
146	1541003	2	9000001	15410030	[40061145,40062253]	
147	1541003	3	9000002	15410031	[40061103,40062254]	
148	1541003	4	9000003	15410032	[40061104,40062255,40063037]	1543270
149	1031004	1	9000001			
150	1031004	2	9000001	10310040	[40061146,40062257]	
151	1031004	3	9000002	10310041	[40061103,40062258]	
152	1031004	4	9000003	10310042	[40061104,40062259,40063038]	1034270
153	1531004	1	9000001			
154	1531004	2	9000001	15310040	[40061147,40062261]	
155	1531004	3	9000002	15310041	[40061103,40062262]	
156	1531004	4	9000003	15310042	[40061104,40062263,40063039]	1534270
157	1551003	1	9000001			
158	1551003	2	9000001	15510030	[40061148,40062265]	
159	1551003	3	9000002	15510031	[40061103,40062266]	
160	1551003	4	9000003	15510032	[40061104,40062267,40063040]	1553270
161	1051004	1	9000001			
162	1051004	2	9000001	10510040	[40061149,40062269]	
163	1051004	3	9000002	10510041	[40061103,40062270]	
164	1051004	4	9000003	10510042	[40061104,40062271,40063041]	1054270
165	1561003	1	9000001			
166	1561003	2	9000001	15610030	[40061150,40062273]	
167	1561003	3	9000002	15610031	[40061103,40062274]	
168	1561003	4	9000003	15610032	[40061104,40062275,40063042]	1563270
169	1071004	1	9000001			
170	1071004	2	9000001	10710040	[40061151,40062277]	
171	1071004	3	9000002	10710041	[40061103,40062278]	
172	1071004	4	9000003	10710042	[40061104,40062279,40063043]	1074270
173	1571003	1	9000001			
174	1571003	2	9000001	15710030	[40061152,40062281]	
175	1571003	3	9000002	15710031	[40061103,40062282]	
176	1571003	4	9000003	15710032	[40061104,40062283,40063044]	1573270
177	1041004	1	9000001			
178	1041004	2	9000001	10410040	[40061153,40062285]	
179	1041004	3	9000002	10410041	[40061103,40062286]	
180	1041004	4	9000003	10410042	[40061104,40062287,40063045]	1044270
181	1231002	1	9000001			
182	1231002	2	9000001	12310020	[40061154,40062289]	
183	1231002	3	9000002	12310021	[40061103,40062290]	
184	1231002	4	9000003	12310022	[40061104,40062291,40063046]	1232270
185	1011004	1	9000001			
186	1011004	2	9000001	10110040	[40061155,40062293]	
187	1011004	3	9000002	10110041	[40061103,40062294]	
188	1011004	4	9000003	10110042	[40061104,40062295,40063047]	1014270
189	1091003	1	9000001			
190	1091003	2	9000001	10910030	[40061156,40062297]	
191	1091003	3	9000002	10910031	[40061103,40062298]	
192	1091003	4	9000003	10910032	[40061104,40062299,40063048]	1093270
193	1091003	5	9000003		[40061105,40062300,40064048]	
194	1011002	5	9000003		[40061003,40062112,40064001]	
195	1021001	5	9000003		[40061006,40062116,40064002]	
196	1031001	5	9000003		[40061009,40062120,40064003]	
197	1051001	5	9000003		[40061012,40062124,40064004]	
198	1031002	5	9000003		[40061015,40062128,40064005]	
199	1021002	5	9000003		[40061018,40062132,40064006]	
200	1031003	5	9000003		[40061021,40062136,40064007]	
201	1061003	5	9000003		[40061024,40062140,40064008]	
202	1081002	5	9000003		[40061027,40062144,40064009]	
203	1071002	5	9000003		[40061030,40062148,40064010]	
204	1061002	5	9000003		[40061033,40062152,40064011]	
205	1041002	5	9000003		[40061036,40062156,40064012]	
206	1071003	5	9000003		[40061039,40062160,40064013]	
207	1011003	5	9000003		[40061042,40062164,40064014]	
208	1051003	5	9000003		[40061045,40062168,40064015]	
209	1021003	5	9000003		[40061048,40062172,40064016]	
210	1081003	5	9000003		[40061051,40062176,40064017]	
211	1091002	5	9000003		[40061054,40062180,40064018]	
212	1041003	5	9000003		[40061057,40062184,40064019]	
213	1111002	5	9000003		[40061060,40062188,40064020]	
214	1121002	5	9000003		[40061063,40062192,40064021]	
215	1021004	5	9000003		[40061066,40062196,40064022]	
216	1131002	5	9000003		[40061069,40062200,40064023]	
217	1511003	5	9000003		[40061072,40062204,40064024]	
218	1141003	5	9000003		[40061075,40062208,40064025]	
219	1521003	5	9000003		[40061078,40062212,40064026]	
220	1161002	5	9000003		[40061081,40062216,40064027]	
221	1171003	5	9000003		[40061084,40062220,40064028]	
222	1181003	5	9000003		[40061087,40062224,40064029]	
223	1191003	5	9000003		[40061090,40062228,40064030]	
224	1201003	5	9000003		[40061093,40062232,40064031]	
225	1211002	5	9000003		[40061096,40062236,40064032]	
226	1531003	5	9000003		[40061099,40062240,40064033]	
227	1121003	5	9000003		[40061102,40062244,40064034]	
228	1221002	5	9000003		[40061105,40062248,40064035]	
229	1131003	5	9000003		[40061105,40062252,40064036]	
230	1541003	5	9000003		[40061105,40062256,40064037]	
231	1031004	5	9000003		[40061105,40062260,40064038]	
232	1531004	5	9000003		[40061105,40062264,40064039]	
233	1551003	5	9000003		[40061105,40062268,40064040]	
234	1051004	5	9000003		[40061105,40062272,40064041]	
235	1561003	5	9000003		[40061105,40062276,40064042]	
236	1071004	5	9000003		[40061105,40062280,40064043]	
237	1571003	5	9000003		[40061105,40062284,40064044]	
238	1041004	5	9000003		[40061105,40062288,40064045]	
239	1231002	5	9000003		[40061105,40062292,40064046]	
240	1011004	5	9000003		[40061105,40062296,40064047]	
241	1021005	1	9000001			
242	1021005	2	9000001	10210050	[40061156,40062297]	
243	1021005	3	9000002	10210051	[40061103,40062298]	
244	1021005	4	9000003	10210052	[40061104,40062299,40063048]	1025270
245	1021005	5	9000003		[40061105,40062300,40064048]	
246	1241002	1	9000001			
247	1241002	2	9000001	12410020	[40061156,40062297]	
248	1241002	3	9000002	12410021	[40061103,40062298]	
249	1241002	4	9000003	12410022	[40061104,40062299,40063048]	1242270
250	1241002	5	9000003		[40061105,40062300,40064048]	
251	1221003	1	9000001			
252	1221003	2	9000001	12210030	[40061156,40062297]	
253	1221003	3	9000002	12210031	[40061103,40062298]	
254	1221003	4	9000003	12210032	[40061104,40062299,40063048]	1223270
255	1221003	5	9000003		[40061105,40062300,40064048]	
256	1251002	1	9000001			
257	1251002	2	9000001	12510020	[40061156,40062297]	
258	1251002	3	9000002	12510021	[40061103,40062298]	
259	1251002	4	9000003	12510022	[40061104,40062299,40063048]	1252270
260	1251002	5	9000003		[40061105,40062300,40064048]	
261	1261003	1	9000001			
262	1261003	2	9000001	12610030	[40061156,40062297]	
263	1261003	3	9000002	12610031	[40061103,40062298]	
264	1261003	4	9000003	12610032	[40061104,40062299,40063048]	1263270
265	1261003	5	9000003		[40061105,40062300,40064048]	
266	1271003	1	9000001			
267	1271003	2	9000001	12710030	[40061156,40062297]	
268	1271003	3	9000002	12710031	[40061103,40062298]	
269	1271003	4	9000003	12710032	[40061104,40062299,40063048]	1273270
270	1271003	5	9000003		[40061105,40062300,40064048]	
271	1281002	1	9000001			
272	1281002	2	9000001	12810020	[40061156,40062297]	
273	1281002	3	9000002	12810021	[40061103,40062298]	
274	1281002	4	9000003	12810022	[40061104,40062299,40063048]	1282270
275	1281002	5	9000003		[40061105,40062300,40064048]	
276	1081004	1	9000001			
277	1081004	2	9000001	10810040	[40061156,40062297]	
278	1081004	3	9000002	10810041	[40061103,40062298]	
279	1081004	4	9000003	10810042	[40061104,40062299,40063048]	1084270
280	1081004	5	9000003		[40061105,40062300,40064048]	
281	1521004	1	9000001			
282	1521004	2	9000001	15210040	[40061156,40062297]	
283	1521004	3	9000002	15210041	[40061103,40062298]	
284	1521004	4	9000003	15210042	[40061104,40062299,40063048]	1524270
285	1521004	5	9000003		[40061105,40062300,40064048]	
286	1291002	1	9000001			
287	1291002	2	9000001	12910020	[40061156,40062297]	
288	1291002	3	9000002	12910021	[40061103,40062298]	
289	1291002	4	9000003	12910022	[40061104,40062299,40063048]	1292270
290	1291002	5	9000003		[40061105,40062300,40064048]	
291	1171004	1	9000001			
292	1171004	2	9000001	11710040	[40061156,40062297]	
293	1171004	3	9000002	11710041	[40061103,40062298]	
294	1171004	4	9000003	11710042	[40061104,40062299,40063048]	1174270
295	1171004	5	9000003		[40061105,40062300,40064048]	
296	1301002	1	9000001			
297	1301002	2	9000001	13010020	[40061156,40062297]	
298	1301002	3	9000002	13010021	[40061103,40062298]	
299	1301002	4	9000003	13010022	[40061104,40062299,40063048]	1302270
300	1301002	5	9000003		[40061105,40062300,40064048]	
301	1241003	1	9000001			
302	1241003	2	9000001	12410030	[40061156,40062297]	
303	1241003	3	9000002	12410031	[40061103,40062298]	
304	1241003	4	9000003	12410032	[40061104,40062299,40063048]	1243270
305	1241003	5	9000003		[40061105,40062300,40064048]	
306	1211003	1	9000001			
307	1211003	2	9000001	12110030	[40061156,40062297]	
308	1211003	3	9000002	12110031	[40061103,40062298]	
309	1211003	4	9000003	12110032	[40061104,40062299,40063048]	1213270
310	1211003	5	9000003		[40061105,40062300,40064048]	
311	1021006	1	9000001			
312	1021006	2	9000001	10210060	[40061156,40062297]	
313	1021006	3	9000002	10210061	[40061103,40062298]	
314	1021006	4	9000003	10210062	[40061104,40062299,40063048]	1026270
315	1021006	5	9000003		[40061105,40062300,40064048]	
316	1311002	1	9000001			
317	1311002	2	9000001	13110020	[40061156,40062297]	
318	1311002	3	9000002	13110021	[40061103,40062298]	
319	1311002	4	9000003	13110022	[40061104,40062299,40063048]	1312270
320	1311002	5	9000003		[40061105,40062300,40064048]	
321	1051005	1	9000001			
322	1051005	2	9000001	10510050	[40061156,40062297]	
323	1051005	3	9000002	10510051	[40061103,40062298]	
324	1051005	4	9000003	10510052	[40061104,40062299,40063048]	1055270
325	1051005	5	9000003		[40061105,40062300,40064048]	
326	1321003	1	9000001			
327	1321003	2	9000001	13210030	[40061156,40062297]	
328	1321003	3	9000002	13210031	[40061103,40062298]	
329	1321003	4	9000003	13210032	[40061104,40062299,40063048]	1323270
330	1321003	5	9000003		[40061105,40062300,40064048]	
331	1331003	1	9000001			
332	1331003	2	9000001	13310030	[40061156,40062297]	
333	1331003	3	9000002	13310031	[40061103,40062298]	
334	1331003	4	9000003	13310032	[40061104,40062299,40063048]	1333270
335	1331003	5	9000003		[40061105,40062300,40064048]	
336	1531005	1	9000001			
337	1531005	2	9000001	15310050	[40061156,40062297]	
338	1531005	3	9000002	15310051	[40061103,40062298]	
339	1531005	4	9000003	15310052	[40061104,40062299,40063048]	1535270
340	1531005	5	9000003		[40061105,40062300,40064048]	
341	1341002	1	9000001			
342	1341002	2	9000001	13410020	[40061156,40062297]	
343	1341002	3	9000002	13410021	[40061103,40062298]	
344	1341002	4	9000003	13410022	[40061104,40062299,40063048]	1322270
345	1341002	5	9000003		[40061105,40062300,40064048]	
346	1131004	1	9000001			
347	1131004	2	9000001	11310040	[40061156,40062297]	
348	1131004	3	9000002	11310041	[40061103,40062298]	
349	1131004	4	9000003	11310042	[40061104,40062299,40063048]	1134270
350	1131004	5	9000003		[40061105,40062300,40064048]	
351	1351003	1	9000001			
352	1351003	2	9000001	13510030	[40061156,40062297]	
353	1351003	3	9000002	13510031	[40061103,40062298]	
354	1351003	4	9000003	13510032	[40061104,40062299,40063048]	1353270
355	1351003	5	9000003		[40061105,40062300,40064048]	
356	1361003	1	9000001			
357	1361003	2	9000001	13610030	[40061156,40062297]	
358	1361003	3	9000002	13610031	[40061103,40062298]	
359	1361003	4	9000003	13610032	[40061104,40062299,40063048]	1363270
360	1361003	5	9000003		[40061105,40062300,40064048]	
361	1041005	1	9000001			
362	1041005	2	9000001	10410050	[40061156,40062297]	
363	1041005	3	9000002	10410051	[40061103,40062298]	
364	1041005	4	9000003	10410052	[40061104,40062299,40063048]	1045270
365	1041005	5	9000003		[40061105,40062300,40064048]	
366	1371002	1	9000001			
367	1371002	2	9000001	13710020	[40061156,40062297]	
368	1371002	3	9000002	13710021	[40061103,40062298]	
369	1371002	4	9000003	13710022	[40061104,40062299,40063048]	1372270
370	1371002	5	9000003		[40061105,40062300,40064048]	
371	1381003	1	9000001			
372	1381003	2	9000001	13810030	[40061156,40062297]	
373	1381003	3	9000002	13810031	[40061103,40062298]	
374	1381003	4	9000003	13810032	[40061104,40062299,40063048]	1383270
375	1381003	5	9000003		[40061105,40062300,40064048]	
376	1031005	1	9000001			
377	1031005	2	9000001	10310050	[40061156,40062297]	
378	1031005	3	9000002	10310051	[40061103,40062298]	
379	1031005	4	9000003	10310052	[40061104,40062299,40063048]	1035270
380	1031005	5	9000003		[40061105,40062300,40064048]	
381	1291003	1	9000001			
382	1291003	2	9000001	12910030	[40061156,40062297]	
383	1291003	3	9000002	12910031	[40061103,40062298]	
384	1291003	4	9000003	12910032	[40061104,40062299,40063048]	1293270
385	1291003	5	9000003		[40061105,40062300,40064048]	
386	1141004	1	9000001			
387	1141004	2	9000001	11410040	[40061156,40062297]	
388	1141004	3	9000002	11410041	[40061103,40062298]	
389	1141004	4	9000003	11410042	[40061104,40062299,40063048]	1144270
390	1141004	5	9000003		[40061105,40062300,40064048]	
391	1391003	1	9000001			
392	1391003	2	9000001	13910030	[40061156,40062297]	
393	1391003	3	9000002	13910031	[40061103,40062298]	
394	1391003	4	9000003	13910032	[40061104,40062299,40063048]	1393270
395	1391003	5	9000003		[40061105,40062300,40064048]	
396	1061004	1	9000001			
397	1061004	2	9000001	10610040	[40061156,40062297]	
398	1061004	3	9000002	10610041	[40061103,40062298]	
399	1061004	4	9000003	10610042	[40061104,40062299,40063048]	1064270
400	1061004	5	9000003		[40061105,40062300,40064048]	
401	1021007	1	9000001			
402	1021007	2	9000001	10210070	[40061156,40062297]	
403	1021007	3	9000002	10210071	[40061103,40062298]	
404	1021007	4	9000003	10210072	[40061104,40062299,40063048]	1027270
405	1021007	5	9000003		[40061105,40062300,40064048]	
406	1401003	1	9000001			
407	1401003	2	9000001	14010030	[40061156,40062297]	
408	1401003	3	9000002	14010031	[40061103,40062298]	
409	1401003	4	9000003	14010032	[40061104,40062299,40063048]	1403270
410	1401003	5	9000003		[40061105,40062300,40064048]	
411	1071005	1	9000001			
412	1071005	2	9000001	10710050	[40061156,40062297]	
413	1071005	3	9000002	10710051	[40061103,40062298]	
414	1071005	4	9000003	10710052	[40061104,40062299,40063048]	1075270
415	1071005	5	9000003		[40061105,40062300,40064048]	
416	1411003	1	9000001			
417	1411003	2	9000001	14110030	[40061156,40062297]	
418	1411003	3	9000002	14110031	[40061103,40062298]	
419	1411003	4	9000003	14110032	[40061104,40062299,40063048]	1413270
420	1411003	5	9000003		[40061105,40062300,40064048]	
421	1421003	1	9000001			
422	1421003	2	9000001	14210030	[40061156,40062297]	
423	1421003	3	9000002	14210031	[40061103,40062298]	
424	1421003	4	9000003	14210032	[40061104,40062299,40063048]	1423270
425	1421003	5	9000003		[40061105,40062300,40064048]	
