Id	PoolId	Weight	SkillId	Icon	Name	Description
1	1	100	101201	Assets/Product/Texture/Image/IconSkill/R2lihong1.png	精准连射	红球等级+1
2	1	100	101206	Assets/Product/Texture/Image/IconSkill/R2lihuang1.png	热场射击	黄球等级+1
3	1	100	101211	Assets/Product/Texture/Image/IconSkill/R2lilan1.png	磁弹速射	蓝球等级+1
4	1	100	101216	Assets/Product/Texture/Image/IconSkill/lipugong1.png	射击模式	普通攻击等级+1
5	2	100	101217	Assets/Product/Texture/Image/IconSkill/R2lidazhao1.png	必杀-零死角	必杀技等级+1
6	2	100	101218	Assets/Product/Texture/Image/IconSkill/QTE1.png	零死角-速射	qte等级+1
7	2	100	101221	Assets/Product/Texture/Image/IconSkill/R2lihexin1.png	控弹	核心被动+1
8	2	100	101223	Assets/Product/Texture/Image/IconSkill/R2lihexin1.png	进攻型	职业技等级+1
12	1	100	102201	Assets/Product/Texture/Image/IconSkill/R2luxiyahong1.png	乱舞	红球等级+1
13	1	100	102206	Assets/Product/Texture/Image/IconSkill/R2luxiyahuang1.png	雷域	黄球等级+1
14	1	100	102211	Assets/Product/Texture/Image/IconSkill/R2luxiyalan1.png	弧月斩	蓝球等级+1
15	1	100	102216	Assets/Product/Texture/Image/IconSkill/luxiyapugong1.png	迅刀式	普通攻击等级+1
16	2	100	102217	Assets/Product/Texture/Image/IconSkill/R2luxiyadazhao1.png	必杀-红莲剑	必杀技等级+1
17	2	100	102218	Assets/Product/Texture/Image/IconSkill/QTE1.png	散华	qte等级+1
18	2	100	102221	Assets/Product/Texture/Image/IconSkill/R2luxiyahexin1.png	引雷舞	核心被动+1
19	2	100	102223	Assets/Product/Texture/Image/IconSkill/R2luxiyahexin1.png	进攻型	职业技等级+1
20	1	100	103201	Assets/Product/Texture/Image/IconSkill/R2lifuhong1.png	离子双炮	红球等级+1
21	1	100	103206	Assets/Product/Texture/Image/IconSkill/R2lifuhuang1.png	豁免空间	黄球等级+1
22	1	100	103211	Assets/Product/Texture/Image/IconSkill/R2lifulan1.png	虚构障碍	蓝球等级+1
23	1	100	103216	Assets/Product/Texture/Image/IconSkill/lifupugong1.png	雷式攻击应用	普通攻击等级+1
24	2	100	103217	Assets/Product/Texture/Image/IconSkill/R2lifudazhao1.png	必杀-导电波	必杀技等级+1
25	2	100	103218	Assets/Product/Texture/Image/IconSkill/QTE1.png	新式纳米绽放	qte等级+1
26	2	100	103221	Assets/Product/Texture/Image/IconSkill/R2lifuhexin1.png	逆白鹭领域	核心被动+1
27	2	100	103223	Assets/Product/Texture/Image/IconSkill/R2lifuhexin1.png	辅助型	职业技等级+1
28	1	100	104201	Assets/Product/Texture/Image/IconSkill/R2biankahong1.png	定点射击	红球等级+1
29	1	100	104206	Assets/Product/Texture/Image/IconSkill/R2biankahuang1.png	翼射	黄球等级+1
30	1	100	104211	Assets/Product/Texture/Image/IconSkill/R2biankalan1.png	引弓	蓝球等级+1
31	1	100	104216	Assets/Product/Texture/Image/IconSkill/biankapugong1.png	快速拉弓	普通攻击等级+1
32	2	100	104217	Assets/Product/Texture/Image/IconSkill/R2biankadazhao1.png	必杀-天命之雨	必杀技等级+1
33	2	100	104218	Assets/Product/Texture/Image/IconSkill/QTE1.png	猎杀之雨	qte等级+1
34	2	100	104221	Assets/Product/Texture/Image/IconSkill/R2biankahexin1.png	饶恕箭筒	核心被动+1
35	2	100	104223	Assets/Product/Texture/Image/IconSkill/R2biankahexin1.png	进攻型	职业技等级+1
36	1	100	105101	Assets/Product/Texture/Image/IconSkill/R2yongyechaohong1.png	锯刃斩击	红球等级+1
37	1	100	105106	Assets/Product/Texture/Image/IconSkill/R2yongyechaohuang1.png	切割风暴	黄球等级+1
38	1	100	105111	Assets/Product/Texture/Image/IconSkill/R2yongyechaolan1.png	意识共振	蓝球等级+1
39	1	100	105116	Assets/Product/Texture/Image/IconSkill/yongyechaopugong1.png	锯刃切割	普通攻击等级+1
40	2	100	105117	Assets/Product/Texture/Image/IconSkill/R2yongyechaodazhao1.png	必杀-琉晶壁垒	必杀技等级+1
41	2	100	105118	Assets/Product/Texture/Image/IconSkill/QTE1.png	断！空！哔——！	qte等级+1
42	2	100	105121	Assets/Product/Texture/Image/IconSkill/R2yongyechaohexin1.png	EX-切割风暴	核心被动+1
43	2	100	105123	Assets/Product/Texture/Image/IconSkill/R2yongyechaohexin1.png	装甲型	职业技等级+1
44	1	100	106201	Assets/Product/Texture/Image/IconSkill/R2shenweihong1.png	大切断	红球等级+1
45	1	100	106206	Assets/Product/Texture/Image/IconSkill/R2shenweihuang1.png	逆流反击	黄球等级+1
46	1	100	106211	Assets/Product/Texture/Image/IconSkill/R2shenweilan1.png	突击模式	蓝球等级+1
47	1	100	106216	Assets/Product/Texture/Image/IconSkill/shenweipugong1.png	挥击	普通攻击等级+1
48	2	100	106217	Assets/Product/Texture/Image/IconSkill/R2shenweidazhao1.png	必杀-绝杀重压	必杀技等级+1
49	2	100	106218	Assets/Product/Texture/Image/IconSkill/QTE1.png	重压之风	qte等级+1
50	2	100	106221	Assets/Product/Texture/Image/IconSkill/R2shenweihexin1.png	攻防律动	核心被动+1
51	2	100	106223	Assets/Product/Texture/Image/IconSkill/R2shenweihexin1.png	装甲型	职业技等级+1
52	1	100	107201	Assets/Product/Texture/Image/IconSkill/R2kalieninahong1.png	散弹	红球等级+1
53	1	100	107206	Assets/Product/Texture/Image/IconSkill/R2kalieninahuang1.png	引信弹	黄球等级+1
54	1	100	107211	Assets/Product/Texture/Image/IconSkill/R2kalieninalan1.png	旋火弹	蓝球等级+1
55	1	100	107216	Assets/Product/Texture/Image/IconSkill/kalieninapugong1.png	炮斗术	普通攻击等级+1
56	2	100	107217	Assets/Product/Texture/Image/IconSkill/R2kalieninadazhao1.png	必杀-破碎轰鸣	必杀技等级+1
57	2	100	107218	Assets/Product/Texture/Image/IconSkill/QTE1.png	歼灭弹	qte等级+1
58	2	100	107221	Assets/Product/Texture/Image/IconSkill/R2kalieninahexin1.png	炮斗战术	核心被动+1
59	2	100	107223	Assets/Product/Texture/Image/IconSkill/R2kalieninahexin1.png	进攻型	职业技等级+1
60	1	100	108201	Assets/Product/Texture/Image/IconSkill/R2dubianhong1.png	黑樱	红球等级+1
61	1	100	108206	Assets/Product/Texture/Image/IconSkill/R2dubianhuang1.png	影刺	黄球等级+1
62	1	100	108211	Assets/Product/Texture/Image/IconSkill/R2dubianlan1.png	喋血	蓝球等级+1
63	1	100	108216	Assets/Product/Texture/Image/IconSkill/dubianpugong1.png	切割	普通攻击等级+1
64	2	100	108217	Assets/Product/Texture/Image/IconSkill/R2dubiandazhao1.png	必杀-黑夜刀锋	必杀技等级+1
65	2	100	108218	Assets/Product/Texture/Image/IconSkill/QTE1.png	闪坠	qte等级+1
66	2	100	108221	Assets/Product/Texture/Image/IconSkill/R2dubianhexin1.png	疾驰幻影	核心被动+1
67	2	100	108223	Assets/Product/Texture/Image/IconSkill/R2dubianhexin1.png	进攻型	职业技等级+1
68	1	100	102101	Assets/Product/Texture/Image/IconSkill/R1luxiyahong1.png	红莲-起手式	红球等级+1
69	1	100	102106	Assets/Product/Texture/Image/IconSkill/R1luxiyahuang1.png	红莲-闪击	黄球等级+1
70	1	100	102111	Assets/Product/Texture/Image/IconSkill/R1luxiyalan1.png	红莲-波动斩	蓝球等级+1
71	1	100	102116	Assets/Product/Texture/Image/IconSkill/luxiyapugong1.png	红莲-迅刀式	普通攻击等级+1
72	2	100	102117	Assets/Product/Texture/Image/IconSkill/R1luxiyadazhao1.png	必杀-红莲乱舞	必杀技等级+1
73	2	100	102118	Assets/Product/Texture/Image/IconSkill/QTE1.png	莲华快斩	qte等级+1
74	2	100	102121	Assets/Product/Texture/Image/IconSkill/R1luxiyahexin1.png	红莲-双刀术	核心被动+1
75	2	100	102123	Assets/Product/Texture/Image/IconSkill/R1luxiyahexin1.png	进攻型	职业技等级+1
76	1	100	103101	Assets/Product/Texture/Image/IconSkill/R1lifuhong1.png	激光炮击	红球等级+1
77	1	100	103106	Assets/Product/Texture/Image/IconSkill/R1lifuhuang1.png	虚无黑洞	黄球等级+1
78	1	100	103111	Assets/Product/Texture/Image/IconSkill/R1lifulan1.png	不稳定粒子	蓝球等级+1
79	1	100	103116	Assets/Product/Texture/Image/IconSkill/lifupugong1.png	光束轰击	普通攻击等级+1
80	2	100	103117	Assets/Product/Texture/Image/IconSkill/R1lifudazhao1.png	必杀-苍穹星降	必杀技等级+1
81	2	100	103118	Assets/Product/Texture/Image/IconSkill/QTE1.png	纳米场绽放	qte等级+1
82	2	100	103121	Assets/Product/Texture/Image/IconSkill/R1lifuhexin1.png	激光束群	核心被动+1
83	2	100	103123	Assets/Product/Texture/Image/IconSkill/R1lifuhexin1.png	辅助型	职业技等级+1
84	1	100	103301	Assets/Product/Texture/Image/IconSkill/R3lifuhong1.png	相斥光束	红球等级+1
85	1	100	103306	Assets/Product/Texture/Image/IconSkill/R3lifuhuang1.png	转移充能	黄球等级+1
86	1	100	103311	Assets/Product/Texture/Image/IconSkill/R3lifulan1.png	灰鸦领域	蓝球等级+1
87	1	100	103316	Assets/Product/Texture/Image/IconSkill/lifupugong1.png	自适应射线	普通攻击等级+1
88	2	100	103317	Assets/Product/Texture/Image/IconSkill/R3lifudazhao1.png	阿卡迪亚之门	必杀技等级+1
89	2	100	103318	Assets/Product/Texture/Image/IconSkill/QTE1.png	英灵之舞	qte等级+1
90	2	100	103321	Assets/Product/Texture/Image/IconSkill/R3lifuhexin1.png	女神连接系统	核心被动+1
91	2	100	103323	Assets/Product/Texture/Image/IconSkill/R3lifuhexin1.png	辅助型	职业技等级+1
92	1	100	106301	Assets/Product/Texture/Image/IconSkill/R3shenweihong1.png	逆反剑技	红球等级+1
93	1	100	106306	Assets/Product/Texture/Image/IconSkill/R3shenweihuang1.png	突击冲锋	黄球等级+1
94	1	100	106311	Assets/Product/Texture/Image/IconSkill/R3shenweilan1.png	崩剑	蓝球等级+1
95	1	100	106316	Assets/Product/Texture/Image/IconSkill/shenweipugong1.png	大刃切割	普通攻击等级+1
96	2	100	106317	Assets/Product/Texture/Image/IconSkill/R3shenweidazhao1.png	必杀-一体双心	必杀技等级+1
97	2	100	106318	Assets/Product/Texture/Image/IconSkill/QTE1.png	连锁回旋	qte等级+1
98	2	100	106321	Assets/Product/Texture/Image/IconSkill/R3Shenweihexin1.png	战意	核心被动+1
99	2	100	106323	Assets/Product/Texture/Image/IconSkill/R3Shenweihexin1.png	装甲型	职业技等级+1
100	1	100	101301	Assets/Product/Texture/Image/IconSkill/R3lihong1.png	连续射击	红球等级+1
101	1	100	101306	Assets/Product/Texture/Image/IconSkill/R3lihuang1.png	后跳射击	黄球等级+1
102	1	100	101311	Assets/Product/Texture/Image/IconSkill/R3lilan1.png	电力感应	蓝球等级+1
103	1	100	101316	Assets/Product/Texture/Image/IconSkill/lipugong1.png	连射模式	普通攻击等级+1
104	2	100	101317	Assets/Product/Texture/Image/IconSkill/R3lidazhao1.png	必杀-轨道打击	必杀技等级+1
105	2	100	101318	Assets/Product/Texture/Image/IconSkill/QTE1.png	死角奇袭	qte等级+1
106	2	100	101321	Assets/Product/Texture/Image/IconSkill/R3lihexin1.png	空间领主	核心被动+1
107	2	100	101323	Assets/Product/Texture/Image/IconSkill/R3lihexin1.png	进攻型	职业技等级+1
108	1	100	107301	Assets/Product/Texture/Image/IconSkill/R3kalieninahong1.png	光刃交击	红球等级+1
109	1	100	107306	Assets/Product/Texture/Image/IconSkill/R3kalieninahuang1.png	掩护炮击	黄球等级+1
110	1	100	107311	Assets/Product/Texture/Image/IconSkill/R3kalieninalan1.png	僚机召唤	蓝球等级+1
111	1	100	107316	Assets/Product/Texture/Image/IconSkill/kalieninapugong1.png	膛压解放	普通攻击等级+1
112	2	100	107317	Assets/Product/Texture/Image/IconSkill/R3kalieninadazhao1.png	必杀-大地伤痕	必杀技等级+1
113	2	100	107318	Assets/Product/Texture/Image/IconSkill/QTE1.png	重力坠落	qte等级+1
114	2	100	107321	Assets/Product/Texture/Image/IconSkill/R3kalieninahexin1.png	热能武装	核心被动+1
115	2	100	107323	Assets/Product/Texture/Image/IconSkill/R3kalieninahexin1.png	进攻型	职业技等级+1
116	1	100	105301	Assets/Product/Texture/Image/IconSkill/R3yongyechaohong1.png	律动冲击	红球等级+1
117	1	100	105306	Assets/Product/Texture/Image/IconSkill/R3yongyechaohuang1.png	跃动之环	黄球等级+1
118	1	100	105311	Assets/Product/Texture/Image/IconSkill/R3yongyechaolan1.png	爆碎震击	蓝球等级+1
119	1	100	105316	Assets/Product/Texture/Image/IconSkill/yongyechaopugong1.png	锯刃风暴	普通攻击等级+1
120	2	100	105317	Assets/Product/Texture/Image/IconSkill/R3yongyechaodazhao1.png	必杀-脉冲	必杀技等级+1
121	2	100	105318	Assets/Product/Texture/Image/IconSkill/QTE1.png	熔火圆斩	qte等级+1
122	2	100	105321	Assets/Product/Texture/Image/IconSkill/R3yongyechaohexin1.png	超频共振	核心被动+1
123	2	100	105323	Assets/Product/Texture/Image/IconSkill/R3yongyechaohexin1.png	装甲型	职业技等级+1
124	1	100	102301	Assets/Product/Texture/Image/IconSkill/R3luxiyahong1.png	赤渊-烁华	红球等级+1
125	1	100	102306	Assets/Product/Texture/Image/IconSkill/R3luxiyahuang1.png	赤渊-缭乱	黄球等级+1
126	1	100	102311	Assets/Product/Texture/Image/IconSkill/R3luxiyalan1.png	赤渊-碎光散	蓝球等级+1
127	1	100	102316	Assets/Product/Texture/Image/IconSkill/luxiyapugong1.png	赤渊-居合意	普通攻击等级+1
128	2	100	102317	Assets/Product/Texture/Image/IconSkill/R3luxiyadazhao1.png	必杀-渊裂之术	必杀技等级+1
129	2	100	102318	Assets/Product/Texture/Image/IconSkill/QTE1.png	极渊落华	qte等级+1
130	2	100	102321	Assets/Product/Texture/Image/IconSkill/R3luxiyahexin1.png	赤渊-刀光意	核心被动+1
131	2	100	102323	Assets/Product/Texture/Image/IconSkill/R3luxiyahexin1.png	进攻型	职业技等级+1
132	1	100	108301	Assets/Product/Texture/Image/IconSkill/R3dubianhong1.png	彗尾散	红球等级+1
133	1	100	108306	Assets/Product/Texture/Image/IconSkill/R3dubianhuang1.png	天体回旋	黄球等级+1
134	1	100	108311	Assets/Product/Texture/Image/IconSkill/R3dubianlan1.png	曳星袭	蓝球等级+1
135	1	100	108316	Assets/Product/Texture/Image/IconSkill/dubianpugong1.png	杀星	普通攻击等级+1
136	2	100	108317	Assets/Product/Texture/Image/IconSkill/R3dubiandazhao1.png	必杀-超星爆发	必杀技等级+1
137	2	100	108318	Assets/Product/Texture/Image/IconSkill/QTE1.png	十字瞬影	qte等级+1
138	2	100	108321	Assets/Product/Texture/Image/IconSkill/R3dubianhexin1.png	寰宇振荡	核心被动+1
139	2	100	108323	Assets/Product/Texture/Image/IconSkill/R3dubianhexin1.png	进攻型	职业技等级+1
140	1	100	109201	Assets/Product/Texture/Image/IconSkill/R2ailahong1.png	绚烂之势	红球等级+1
141	1	100	109206	Assets/Product/Texture/Image/IconSkill/R2ailahuang1.png	挥洒光影	黄球等级+1
142	1	100	109211	Assets/Product/Texture/Image/IconSkill/R2ailalan1.png	原色轮回	蓝球等级+1
143	1	100	109216	Assets/Product/Texture/Image/IconSkill/ailapugong1.png	绘花镰	普通攻击等级+1
144	2	100	109217	Assets/Product/Texture/Image/IconSkill/R2ailadazhao1.png	必杀-绽放时刻	必杀技等级+1
145	2	100	109218	Assets/Product/Texture/Image/IconSkill/QTE1.png	螺旋线收割	qte等级+1
146	2	100	109221	Assets/Product/Texture/Image/IconSkill/R2ailahexin1.png	矢量色块	核心被动+1
147	2	100	109223	Assets/Product/Texture/Image/IconSkill/R2ailahexin1.png	装甲型	职业技等级+1
148	1	100	111201	Assets/Product/Texture/Image/IconSkill/R2Sufeiyahong1.png	定向扫射	红球等级+1
149	1	100	111206	Assets/Product/Texture/Image/IconSkill/R2Sufeiyahuang1.png	喷气推进	黄球等级+1
150	1	100	111211	Assets/Product/Texture/Image/IconSkill/R2Sufeiyalan1.png	扩散打击	蓝球等级+1
151	1	100	111216	Assets/Product/Texture/Image/IconSkill/lipugong1.png	枪道	普通攻击等级+1
152	2	100	111217	Assets/Product/Texture/Image/IconSkill/R2Sufeiyadazhao1.png	必杀-聚合爆破	必杀技等级+1
153	2	100	111218	Assets/Product/Texture/Image/IconSkill/QTE1.png	火力掩护	qte等级+1
154	2	100	111221	Assets/Product/Texture/Image/IconSkill/R2Sufeiyahexin1.png	战场补给	核心被动+1
155	2	100	111223	Assets/Product/Texture/Image/IconSkill/R2Sufeiyahexin1.png	辅助型	职业技等级+1
156	1	100	104301	Assets/Product/Texture/Image/IconSkill/R3biankahong1.png	疾雷之矢	红球等级+1
157	1	100	104306	Assets/Product/Texture/Image/IconSkill/R3biankahuang1.png	超频骤雷	黄球等级+1
158	1	100	104311	Assets/Product/Texture/Image/IconSkill/R3biankalan1.png	磁力引雷	蓝球等级+1
159	1	100	104316	Assets/Product/Texture/Image/IconSkill/biankapugong1.png	流电惊雷	普通攻击等级+1
160	2	100	104317	Assets/Product/Texture/Image/IconSkill/R3biankadazhao1.png	必杀-雷霆震怒	必杀技等级+1
161	2	100	104318	Assets/Product/Texture/Image/IconSkill/QTE1.png	弩击轰雷	qte等级+1
162	2	100	104321	Assets/Product/Texture/Image/IconSkill/R3biankahexin1.png	千钧一发	核心被动+1
163	2	100	104323	Assets/Product/Texture/Image/IconSkill/R3biankahexin1.png	进攻型	职业技等级+1
164	1	100	112201	Assets/Product/Texture/Image/IconSkill/R2kuluomuhong1.png	云闪	红球等级+1
165	1	100	112206	Assets/Product/Texture/Image/IconSkill/R2kuluomuhuang1.png	涡流重击	黄球等级+1
166	1	100	112211	Assets/Product/Texture/Image/IconSkill/R2kuluomulan1.png	过载冲击	蓝球等级+1
167	1	100	112216	Assets/Product/Texture/Image/IconSkill/ailapugong1.png	雷暴	普通攻击等级+1
168	2	100	112217	Assets/Product/Texture/Image/IconSkill/R2kuluomudazhao1.png	必杀-雷霆充能	必杀技等级+1
169	2	100	112218	Assets/Product/Texture/Image/IconSkill/QTE1.png	惊雷	qte等级+1
170	2	100	112221	Assets/Product/Texture/Image/IconSkill/R2kuluomuhexin1.png	弧光之盾	核心被动+1
171	2	100	112223	Assets/Product/Texture/Image/IconSkill/R2kuluomuhexin1.png	装甲型	职业技等级+1
172	1	100	102401	Assets/Product/Texture/Image/IconSkill/R4luxiyahong1.png	永冻之路	红球等级+1
173	1	100	102406	Assets/Product/Texture/Image/IconSkill/R4luxiyahuang1.png	破碎冲击	黄球等级+1
174	1	100	102411	Assets/Product/Texture/Image/IconSkill/R4luxiyalan1.png	冰魄环流	蓝球等级+1
175	1	100	102416	Assets/Product/Texture/Image/IconSkill/luxiyapugong1.png	霜刃	普通攻击等级+1
176	2	100	102417	Assets/Product/Texture/Image/IconSkill/R4luxiyadazhao1.png	必杀-刹那冰华	必杀技等级+1
177	2	100	102418	Assets/Product/Texture/Image/IconSkill/QTE1.png	霜刃-冰碎	qte等级+1
178	2	100	102421	Assets/Product/Texture/Image/IconSkill/R4luxiyahexin1.png	质化寒流	核心被动+1
179	2	100	102423	Assets/Product/Texture/Image/IconSkill/R4luxiyahexin1.png	进攻型	职业技等级+1
180	1	100	113201	Assets/Product/Texture/Image/IconSkill/R2Weilahong1.png	猩红连斩	红球等级+1
181	1	100	113206	Assets/Product/Texture/Image/IconSkill/R2Weilahuang1.png	赤影突袭	黄球等级+1
182	1	100	113211	Assets/Product/Texture/Image/IconSkill/R2Weilalan1.png	侵蚀烙印	蓝球等级+1
183	1	100	113216	Assets/Product/Texture/Image/IconSkill/luxiyapugong1.png	祸刃	普通攻击等级+1
184	2	100	113217	Assets/Product/Texture/Image/IconSkill/R2Weiladazhao1.png	必杀-暗域力场	必杀技等级+1
185	2	100	113218	Assets/Product/Texture/Image/IconSkill/QTE1.png	黑蔷薇冲击	qte等级+1
186	2	100	113221	Assets/Product/Texture/Image/IconSkill/R2Weilahexin1.png	质量残像	核心被动+1
187	2	100	113223	Assets/Product/Texture/Image/IconSkill/R2Weilahexin1.png	辅助型	职业技等级+1
188	1	100	115201	Assets/Product/Texture/Image/IconSkill/R2Kamuhong1.png	裂创	红球等级+1
189	1	100	115206	Assets/Product/Texture/Image/IconSkill/R2Kamuhuang1.png	坏灭	黄球等级+1
190	1	100	115211	Assets/Product/Texture/Image/IconSkill/R2Kamulan1.png	瞬爪	蓝球等级+1
191	1	100	115216	Assets/Product/Texture/Image/IconSkill/kamupugong1.png	影绝	普通攻击等级+1
192	2	100	115217	Assets/Product/Texture/Image/IconSkill/R2Kamudazhao1.png	本能解放	必杀技等级+1
193	2	100	115218	Assets/Product/Texture/Image/IconSkill/QTE1.png	致命爪击	qte等级+1
194	2	100	115221	Assets/Product/Texture/Image/IconSkill/R2Kamuhexin1.png	狂气涌动	核心被动+1
195	2	100	115223	Assets/Product/Texture/Image/IconSkill/R2Kamuhexin1.png	先锋型	职业技等级+1
196	1	100	114301	Assets/Product/Texture/Image/IconSkill/R3Luosaitahong1.png	冽风	红球等级+1
197	1	100	114306	Assets/Product/Texture/Image/IconSkill/R3Luosaitahuang1.png	逆行冲击	黄球等级+1
198	1	100	114311	Assets/Product/Texture/Image/IconSkill/R3Luosaitalan1.png	罪吝追猎	蓝球等级+1
199	1	100	114316	Assets/Product/Texture/Image/IconSkill/luosaitapugong1.png	迅猛攻势	普通攻击等级+1
200	2	100	114317	Assets/Product/Texture/Image/IconSkill/R3Luosaitadazhao1.png	必杀-涤罪之枪	必杀技等级+1
201	2	100	114318	Assets/Product/Texture/Image/IconSkill/QTE1.png	光翼旋舞	qte等级+1
202	2	100	114321	Assets/Product/Texture/Image/IconSkill/R3Luosaitahexin1.png	凛冽之心	核心被动+1
203	2	100	114323	Assets/Product/Texture/Image/IconSkill/R3Luosaitahexin1.png	装甲型	职业技等级+1
204	1	100	152301	Assets/Product/Texture/Image/IconSkill/R2Quhong1.png	乾坤力斩	红球等级+1
205	1	100	152306	Assets/Product/Texture/Image/IconSkill/R2Quhuang1.png	铁骑征尘	黄球等级+1
206	1	100	152311	Assets/Product/Texture/Image/IconSkill/R2Qulan1.png	横扫六合	蓝球等级+1
207	1	100	152316	Assets/Product/Texture/Image/IconSkill/qupugong1.png	龙枪术-纵横	普通攻击等级+1
208	2	100	152317	Assets/Product/Texture/Image/IconSkill/R2Qudazhao1.png	必杀-龙枪乱舞	必杀技等级+1
209	2	100	152318	Assets/Product/Texture/Image/IconSkill/QTE1.png	龙闪	qte等级+1
210	2	100	152321	Assets/Product/Texture/Image/IconSkill/R2Quhexin1.png	意志凝结	核心被动+1
211	2	100	152323	Assets/Product/Texture/Image/IconSkill/R2Quhexin1.png	先锋型	职业技等级+1
212	1	100	116201	Assets/Product/Texture/Image/IconSkill/R2Changyuhong1.png	麟蛟探海	红球等级+1
213	1	100	116206	Assets/Product/Texture/Image/IconSkill/R2Changyuhuang1.png	凝云纵	黄球等级+1
214	1	100	116211	Assets/Product/Texture/Image/IconSkill/R2Changyulan1.png	断空掌	蓝球等级+1
215	1	100	116216	Assets/Product/Texture/Image/IconSkill/changyupugong1.png	游龙触	普通攻击等级+1
216	2	100	116217	Assets/Product/Texture/Image/IconSkill/R2Changyudazhao1.png	必杀-无形之式	必杀技等级+1
217	2	100	116218	Assets/Product/Texture/Image/IconSkill/QTE1.png	瞬凝拳	qte等级+1
218	2	100	116221	Assets/Product/Texture/Image/IconSkill/R2Changyuhexin1.png	追击	核心被动+1
219	2	100	116223	Assets/Product/Texture/Image/IconSkill/R2Changyuhexin1.png	装甲型	职业技等级+1
220	1	100	117301	Assets/Product/Texture/Image/IconSkill/R3Lunahong1.png	涡旋极星	红球等级+1
221	1	100	117306	Assets/Product/Texture/Image/IconSkill/R3Lunahuang1.png	苦难咫尺	黄球等级+1
222	1	100	117311	Assets/Product/Texture/Image/IconSkill/R3Lunalan1.png	南十字星	蓝球等级+1
223	1	100	117316	Assets/Product/Texture/Image/IconSkill/lunapugong1.png	荆冕审判	普通攻击等级+1
224	2	100	117317	Assets/Product/Texture/Image/IconSkill/R3Lunadazhao1.png	必杀-终焉降临	必杀技等级+1
225	2	100	117318	Assets/Product/Texture/Image/IconSkill/QTE1.png	刹那制裁	qte等级+1
226	2	100	117321	Assets/Product/Texture/Image/IconSkill/R3Lunahexin1.png	湮灭奇点	核心被动+1
227	2	100	117323	Assets/Product/Texture/Image/IconSkill/R3Lunahexin1.png	进攻型	职业技等级+1
228	1	100	118301	Assets/Product/Texture/Image/IconSkill/R32Bhong1.png	强击体势	红球等级+1
229	1	100	118306	Assets/Product/Texture/Image/IconSkill/R32Bhuang1.png	突防崩打	黄球等级+1
230	1	100	118311	Assets/Product/Texture/Image/IconSkill/R32Blan1.png	R020：幻象	蓝球等级+1
231	1	100	118316	Assets/Product/Texture/Image/IconSkill/R32Bpugong1.png	太刀连打	普通攻击等级+1
232	2	100	118317	Assets/Product/Texture/Image/IconSkill/R32Bdazhao1.png	必杀-破坏斩	必杀技等级+1
233	2	100	118318	Assets/Product/Texture/Image/IconSkill/QTE1.png	重剑式	qte等级+1
234	2	100	118321	Assets/Product/Texture/Image/IconSkill/R32Bhexin1.png	刃构型	核心被动+1
235	2	100	118323	Assets/Product/Texture/Image/IconSkill/R32Bhexin1.png	进攻型	职业技等级+1
236	1	100	119301	Assets/Product/Texture/Image/IconSkill/R39Shong1.png	R010：雷射	红球等级+1
237	1	100	119306	Assets/Product/Texture/Image/IconSkill/R39Shuang1.png	A110：迟缓	黄球等级+1
238	1	100	119311	Assets/Product/Texture/Image/IconSkill/R39Slan1.png	A080：电波	蓝球等级+1
239	1	100	119316	Assets/Product/Texture/Image/IconSkill/R39Spugong1.png	空刃速攻	普通攻击等级+1
240	2	100	119317	Assets/Product/Texture/Image/IconSkill/R39Sdazhao1.png	必杀-骇入攻击	必杀技等级+1
241	2	100	119321	Assets/Product/Texture/Image/IconSkill/QTE1.png	骇入战术	qte等级+1
242	2	100	119322	Assets/Product/Texture/Image/IconSkill/R39Shexin1.png	超频速攻	核心被动+1
243	2	100	119327	Assets/Product/Texture/Image/IconSkill/R39Shexin1.png	辅助型	职业技等级+1
244	1	100	120301	Assets/Product/Texture/Image/IconSkill/R3A2hong1.png	圆环上挑	红球等级+1
245	1	100	120306	Assets/Product/Texture/Image/IconSkill/R3A2huang1.png	连续追突	黄球等级+1
246	1	100	120311	Assets/Product/Texture/Image/IconSkill/R3A2lan1.png	A140：引力	蓝球等级+1
247	1	100	120316	Assets/Product/Texture/Image/IconSkill/R3A2pugong1.png	连突枪	普通攻击等级+1
248	2	100	120317	Assets/Product/Texture/Image/IconSkill/R3A2dazhao1.png	必杀-聚变暴走	必杀技等级+1
249	2	100	120318	Assets/Product/Texture/Image/IconSkill/QTE1.png	战术枪三段突	qte等级+1
250	2	100	120321	Assets/Product/Texture/Image/IconSkill/R3A2hexin1.png	实验原型	核心被动+1
251	2	100	120323	Assets/Product/Texture/Image/IconSkill/R3A2hexin1.png	装甲型	职业技等级+1
252	1	100	121201	Assets/Product/Texture/Image/IconSkill/R2Wanshihong1.png	枭羽霜旋	红球等级+1
253	1	100	121206	Assets/Product/Texture/Image/IconSkill/R2Wanshihuang1.png	基线控制	黄球等级+1
254	1	100	121211	Assets/Product/Texture/Image/IconSkill/R2Wanshilan1.png	霜环爆破	蓝球等级+1
255	1	100	121216	Assets/Product/Texture/Image/IconSkill/wanshipugong1.png	寒霜翼动	普通攻击等级+1
256	2	100	121217	Assets/Product/Texture/Image/IconSkill/R2Wanshidazhao1.png	必杀-零点绽放	必杀技等级+1
257	2	100	121218	Assets/Product/Texture/Image/IconSkill/QTE1.png	安睡馈赠	qte等级+1
258	2	100	121221	Assets/Product/Texture/Image/IconSkill/R2Wanshihexin1.png	寒流具象	核心被动+1
259	2	100	121223	Assets/Product/Texture/Image/IconSkill/R2Wanshihexin1.png	辅助型	职业技等级+1
260	1	100	153301	Assets/Product/Texture/Image/IconSkill/R3Sailinnahong1.png	狂岚落雷	红球等级+1
261	1	100	153306	Assets/Product/Texture/Image/IconSkill/R3Sailinnahuang1.png	雷顿跳弓	黄球等级+1
262	1	100	153311	Assets/Product/Texture/Image/IconSkill/R3Sailinnalan1.png	音磁旋涡	蓝球等级+1
263	1	100	153316	Assets/Product/Texture/Image/IconSkill/sailinnapugong1.png	雷鸢舞奏	普通攻击等级+1
264	2	100	153317	Assets/Product/Texture/Image/IconSkill/R3Sailinnadazhao1.png	风暴终曲	必杀技等级+1
265	2	100	153318	Assets/Product/Texture/Image/IconSkill/QTE1.png	夜鸢轻袭	qte等级+1
266	2	100	153321	Assets/Product/Texture/Image/IconSkill/R3Sailinnahexin1.png	三度叠置	核心被动+1
267	2	100	153323	Assets/Product/Texture/Image/IconSkill/R3Sailinnahexin1.png	先锋型	职业技等级+1
268	1	100	112301	Assets/Product/Texture/Image/IconSkill/R3Kuluomuhong1.png	逆源极光	红球等级+1
269	1	100	112306	Assets/Product/Texture/Image/IconSkill/R3Kuluomuhuang1.png	冰澈引流	黄球等级+1
270	1	100	112311	Assets/Product/Texture/Image/IconSkill/R3Kuluomulan1.png	暴冰亟斩	蓝球等级+1
271	1	100	112316	Assets/Product/Texture/Image/IconSkill/R3Kuluomupugong1.png	极境沉锋	普通攻击等级+1
272	2	100	112317	Assets/Product/Texture/Image/IconSkill/R3Kuluomudazhao1.png	必杀-冰壑爆发	必杀技等级+1
273	2	100	112318	Assets/Product/Texture/Image/IconSkill/QTE1.png	凛晓闪击	qte等级+1
274	2	100	112321	Assets/Product/Texture/Image/IconSkill/R3Kuluomuhexin1.png	寒魄知源	核心被动+1
275	2	100	112323	Assets/Product/Texture/Image/IconSkill/R3Kuluomuhexin1.png	装甲型	职业技等级+1
276	1	100	122201	Assets/Product/Texture/Image/IconSkill/R3Twentyonehong1.png	暗域降坠	红球等级+1
277	1	100	122206	Assets/Product/Texture/Image/IconSkill/R3Twentyonehuang1.png	暗暮锯轮	黄球等级+1
278	1	100	122211	Assets/Product/Texture/Image/IconSkill/R3Twentyonelan1.png	集束重演	蓝球等级+1
279	1	100	122216	Assets/Product/Texture/Image/IconSkill/twentyonepugong1.png	棱镜连射	普通攻击等级+1
280	2	100	122217	Assets/Product/Texture/Image/IconSkill/R3Twentyone1.png	必杀-影棱坍塌	必杀技等级+1
281	2	100	122218	Assets/Product/Texture/Image/IconSkill/QTE1.png	暮光锁阵	qte等级+1
282	2	100	122221	Assets/Product/Texture/Image/IconSkill/R3Twentyonehexin1.png	影棱集聚	核心被动+1
283	2	100	122223	Assets/Product/Texture/Image/IconSkill/R3Twentyonehexin1.png	装甲型	职业技等级+1
284	1	100	113301	Assets/Product/Texture/Image/IconSkill/R3Weilahong1.png	旋枪劫杀	红球等级+1
285	1	100	113306	Assets/Product/Texture/Image/IconSkill/R3Weilahuang1.png	紫电连舞	黄球等级+1
286	1	100	113311	Assets/Product/Texture/Image/IconSkill/R3Weilalan1.png	雷霆迅突	蓝球等级+1
287	1	100	113316	Assets/Product/Texture/Image/IconSkill/weilapugong1.png	枪舞	普通攻击等级+1
288	2	100	113317	Assets/Product/Texture/Image/IconSkill/R3Weiladazhao1.png	必杀-耀枪贯闪	必杀技等级+1
289	2	100	113318	Assets/Product/Texture/Image/IconSkill/QTE1.png	胜光战旗	qte等级+1
290	2	100	113321	Assets/Product/Texture/Image/IconSkill/R3Weilahexin1.png	降雷坠	核心被动+1
291	2	100	113323	Assets/Product/Texture/Image/IconSkill/R3Weilahexin1.png	装甲型	职业技等级+1
292	1	100	154301	Assets/Product/Texture/Image/IconSkill/R2Luolanhong1.png	奇炎旋舞	红球等级+1
293	1	100	154306	Assets/Product/Texture/Image/IconSkill/R2Luolanhuang1.png	烬裂闪踏	黄球等级+1
294	1	100	154311	Assets/Product/Texture/Image/IconSkill/R2Luolanlan1.png	追火逐猎	蓝球等级+1
295	1	100	154316	Assets/Product/Texture/Image/IconSkill/luolanpugong1.png	虚谬赝戏	普通攻击等级+1
296	2	100	154317	Assets/Product/Texture/Image/IconSkill/R2Luolandazhao1.png	诡戏高潮	必杀技等级+1
297	2	100	154318	Assets/Product/Texture/Image/IconSkill/QTE1.png	撼场礼花	qte等级+1
298	2	100	154321	Assets/Product/Texture/Image/IconSkill/R2Luolanhexin1.png	虚像艺术	核心被动+1
299	2	100	154323	Assets/Product/Texture/Image/IconSkill/R2Luolanhexin1.png	先锋型	职业技等级+1
300	1	100	103401	Assets/Product/Texture/Image/IconSkill/R4Lifuhong1.png	黄道恩典	红球等级+1
301	1	100	103406	Assets/Product/Texture/Image/IconSkill/R4Lifuhuang1.png	光羽弥撒	黄球等级+1
302	1	100	103411	Assets/Product/Texture/Image/IconSkill/R4Lifulan1.png	阑珊福音	蓝球等级+1
303	1	100	103416	Assets/Product/Texture/Image/IconSkill/R4Lifupugong1.png	悠远祝赞	普通攻击等级+1
304	2	100	103417	Assets/Product/Texture/Image/IconSkill/R4Lifudazhao1.png	必杀-伽蓝之海	必杀技等级+1
305	2	100	103418	Assets/Product/Texture/Image/IconSkill/QTE1.png	引道之诗	qte等级+1
306	2	100	103421	Assets/Product/Texture/Image/IconSkill/R4Lifuhexin1.png	永昼颂歌	核心被动+1
307	2	100	103423	Assets/Product/Texture/Image/IconSkill/R4Lifuhexin1.png	增幅型	职业技等级+1
308	1	100	153401	Assets/Product/Texture/Image/IconSkill/R4Sailinnahong1.png	蝶舞小夜曲	红球等级+1
309	1	100	153406	Assets/Product/Texture/Image/IconSkill/R4Sailinnahuang1.png	破军行进曲	黄球等级+1
310	1	100	153411	Assets/Product/Texture/Image/IconSkill/R4Sailinnalan1.png	星云回旋曲	蓝球等级+1
311	1	100	153416	Assets/Product/Texture/Image/IconSkill/R4Sailinnapugong1.png	行音击	普通攻击等级+1
312	2	100	153417	Assets/Product/Texture/Image/IconSkill/R4Sailinnadazhao1.png	幻想银河组曲	必杀技等级+1
313	2	100	153418	Assets/Product/Texture/Image/IconSkill/QTE1.png	音刃环绕	qte等级+1
314	2	100	153421	Assets/Product/Texture/Image/IconSkill/R4Sailinnahexin1.png	幻乐崩影	核心被动+1
315	2	100	153423	Assets/Product/Texture/Image/IconSkill/R4Sailinnahexin1.png	增幅型	职业技等级+1
316	1	100	155301	Assets/Product/Texture/Image/IconSkill/R2Pulaohong1.png	飞鹊剪枝	红球等级+1
317	1	100	155306	Assets/Product/Texture/Image/IconSkill/R2Pulaohuang1.png	龙威显圣	黄球等级+1
318	1	100	155311	Assets/Product/Texture/Image/IconSkill/R2Pulaolan1.png	落渊流华踢	蓝球等级+1
319	1	100	155316	Assets/Product/Texture/Image/IconSkill/R2Pulaopugong1.png	伏龙势	普通攻击等级+1
320	2	100	155317	Assets/Product/Texture/Image/IconSkill/R2Pulaodazhao1.png	灵刃镇厄舞	必杀技等级+1
321	2	100	155318	Assets/Product/Texture/Image/IconSkill/QTE1.png	御刃召来	qte等级+1
322	2	100	155321	Assets/Product/Texture/Image/IconSkill/R2Pulaohexin1.png	踏雪游龙	核心被动+1
323	2	100	155323	Assets/Product/Texture/Image/IconSkill/R2Pulaohexin1.png	先锋型	职业技等级+1
324	1	100	105401	Assets/Product/Texture/Image/IconSkill/R4Yongyechaohong1.png	焦热旋风	红球等级+1
325	1	100	105406	Assets/Product/Texture/Image/IconSkill/R4Yongyechaohuang1.png	量子压缩弹	黄球等级+1
326	1	100	105411	Assets/Product/Texture/Image/IconSkill/R4Yongyechaolan1.png	燃炎轰炸	蓝球等级+1
327	1	100	105416	Assets/Product/Texture/Image/IconSkill/R4Yongyechaopugong1.png	超·锯刃断斩	普通攻击等级+1
328	2	100	105417	Assets/Product/Texture/Image/IconSkill/R4Yongyechaodazhao1.png	万兆创星击	必杀技等级+1
329	2	100	105418	Assets/Product/Texture/Image/IconSkill/QTE1.png	天地鸣动	qte等级+1
330	2	100	105421	Assets/Product/Texture/Image/IconSkill/R4Yongyechaohexin1.png	熔钢之魂	核心被动+1
331	2	100	105423	Assets/Product/Texture/Image/IconSkill/R4Yongyechaohexin1.png	装甲型	职业技等级+1
332	1	100	156301	Assets/Product/Texture/Image/IconSkill/R2Hakamahong1.png	引力矩阵	红球等级+1
333	1	100	156306	Assets/Product/Texture/Image/IconSkill/R2Hakamahuang1.png	凝霜跃迁	黄球等级+1
334	1	100	156311	Assets/Product/Texture/Image/IconSkill/R2Hakamalan1.png	链合映射	蓝球等级+1
335	1	100	156316	Assets/Product/Texture/Image/IconSkill/R2Hakamapugong1.png	正弦刃	普通攻击等级+1
336	2	100	156317	Assets/Product/Texture/Image/IconSkill/R2Hakamadazhao1.png	霜流淬刃	必杀技等级+1
337	2	100	156318	Assets/Product/Texture/Image/IconSkill/QTE1.png	凇落	qte等级+1
338	2	100	156321	Assets/Product/Texture/Image/IconSkill/R2Hakamahexin1.png	巡猎指令	核心被动+1
339	2	100	156323	Assets/Product/Texture/Image/IconSkill/R2Hakamahexin1.png	先锋型	职业技等级+1
340	1	100	107401	Assets/Product/Texture/Image/IconSkill/R4Kalieninahong1.png	彗星推进	红球等级+1
341	1	100	107406	Assets/Product/Texture/Image/IconSkill/R4Kalieninahuang1.png	引力信标	黄球等级+1
342	1	100	107411	Assets/Product/Texture/Image/IconSkill/R4Kalieninalan1.png	曳星轨迹	蓝球等级+1
343	1	100	107416	Assets/Product/Texture/Image/IconSkill/R4Kalieninapugong1.png	坠星重锤	普通攻击等级+1
344	2	100	107417	Assets/Product/Texture/Image/IconSkill/R4Kalieninadazhao1.png	星碎地平线	必杀技等级+1
345	2	100	107418	Assets/Product/Texture/Image/IconSkill/QTE1.png	沉空落晓	qte等级+1
346	2	100	107421	Assets/Product/Texture/Image/IconSkill/R4Kalieninahexin1.png	深空漫步	核心被动+1
347	2	100	107423	Assets/Product/Texture/Image/IconSkill/R4Kalieninahexin1.png	装甲型	职业技等级+1
348	1	100	157301	Assets/Product/Texture/Image/IconSkill/R2Nuoanhong1.png	王牌突风	红球等级+1
349	1	100	157306	Assets/Product/Texture/Image/IconSkill/R2Nuoanhuang1.png	磁爆法则	黄球等级+1
350	1	100	157311	Assets/Product/Texture/Image/IconSkill/R2Nuoanlan1.png	裂夜雷鸣	蓝球等级+1
351	1	100	157316	Assets/Product/Texture/Image/IconSkill/R2Nuoanpugong1.png	无双连刃	普通攻击等级+1
352	2	100	157317	Assets/Product/Texture/Image/IconSkill/R2Nuoandazhao1.png	寒夜尽灭	必杀技等级+1
353	2	100	157318	Assets/Product/Texture/Image/IconSkill/QTE1.png	光脉环萤	qte等级+1
354	2	100	157321	Assets/Product/Texture/Image/IconSkill/R2Nuoanhexin1.png	升华之钥	核心被动+1
355	2	100	157323	Assets/Product/Texture/Image/IconSkill/R2Nuoanhexin1.png	先锋型	职业技等级+1
356	1	100	104401	Assets/Product/Texture/Image/IconSkill/R4Biankahong1.png	穿刺棘束	红球等级+1
357	1	100	104406	Assets/Product/Texture/Image/IconSkill/R4Biankahuang1.png	断罪镇杀	黄球等级+1
358	1	100	104411	Assets/Product/Texture/Image/IconSkill/R4Biankalan1.png	刻刃轮转	蓝球等级+1
359	1	100	104416	Assets/Product/Texture/Image/IconSkill/R4Biankapugong1.png	三烛杖剑	普通攻击等级+1
360	2	100	104417	Assets/Product/Texture/Image/IconSkill/R4Biankadazhao1.png	剑痕刻渊	必杀技等级+1
361	2	100	104418	Assets/Product/Texture/Image/IconSkill/QTE1.png	圣裁	qte等级+1
362	2	100	104421	Assets/Product/Texture/Image/IconSkill/R4Biankahexin1.png	垂灯耀目	核心被动+1
363	2	100	104423	Assets/Product/Texture/Image/IconSkill/R4Biankahexin1.png	进攻型	职业技等级+1
364	1	100	123201	Assets/Product/Texture/Image/IconSkill/R2Bangbinatahong1.png	镜隐霜丝	红球等级+1
365	1	100	123206	Assets/Product/Texture/Image/IconSkill/R2Bangbinatahuang1.png	横空掠影	黄球等级+1
366	1	100	123211	Assets/Product/Texture/Image/IconSkill/R2Bangbinatalan1.png	交叠足迹	蓝球等级+1
367	1	100	123216	Assets/Product/Texture/Image/IconSkill/R2Bangbinatapugong1.png	小弹腿	普通攻击等级+1
368	2	100	123217	Assets/Product/Texture/Image/IconSkill/R2Bangbinatadazhao1.png	无线牢笼	必杀技等级+1
369	2	100	123218	Assets/Product/Texture/Image/IconSkill/QTE1.png	巴朗赛舞步	qte等级+1
370	2	100	123221	Assets/Product/Texture/Image/IconSkill/R2Bangbinatahexin1.png	人形剧场	核心被动+1
371	2	100	123223	Assets/Product/Texture/Image/IconSkill/R2Bangbinatahexin1.png	进攻型	职业技等级+1
372	1	100	101401	Assets/Product/Texture/Image/IconSkill/R4Lianghong1.png	瞬弹急袭	红球等级+1
373	1	100	101406	Assets/Product/Texture/Image/IconSkill/R4Lianghuang1.png	掠影机动	黄球等级+1
374	1	100	101411	Assets/Product/Texture/Image/IconSkill/R4Lianglan1.png	坠火爆裂	蓝球等级+1
375	1	100	101416	Assets/Product/Texture/Image/IconSkill/R4Liangpugong1.png	武装速射	普通攻击等级+1
376	2	100	101417	Assets/Product/Texture/Image/IconSkill/R4Liangdazhao1.png	超宏爆发	必杀技等级+1
377	2	100	101418	Assets/Product/Texture/Image/IconSkill/QTE1.png	潜形灭杀	qte等级+1
378	2	100	101421	Assets/Product/Texture/Image/IconSkill/R4Lianghexin1.png	维度观测者	核心被动+1
379	2	100	101423	Assets/Product/Texture/Image/IconSkill/R4Lianghexin1.png	进攻型	职业技等级+1
380	1	100	109301	Assets/Product/Texture/Image/IconSkill/R3Ailahong1.png	《绯红印象》	红球等级+1
381	1	100	109306	Assets/Product/Texture/Image/IconSkill/R3Ailahuang1.png	《明黄冲击》	黄球等级+1
382	1	100	109311	Assets/Product/Texture/Image/IconSkill/R3Ailalan1.png	《群青跃动》	蓝球等级+1
383	1	100	109316	Assets/Product/Texture/Image/IconSkill/R3Ailapugong1.png	艾拉流随笔	普通攻击等级+1
384	2	100	109317	Assets/Product/Texture/Image/IconSkill/R3Ailadazhao1.png	极彩世界！	必杀技等级+1
385	2	100	109318	Assets/Product/Texture/Image/IconSkill/QTE1.png	虹光巡游	qte等级+1
386	2	100	109321	Assets/Product/Texture/Image/IconSkill/R3Ailahexin1.png	绚烂即兴秀~	核心被动+1
387	2	100	109323	Assets/Product/Texture/Image/IconSkill/R3Ailahexin1.png	增幅型	职业技等级+1
388	1	100	102501	Assets/Product/Texture/Image/IconSkill/R5Luxiyahong1.png	掠雷冲	红球等级+1
389	1	100	102506	Assets/Product/Texture/Image/IconSkill/R5Luxiyahuang1.png	十落斩	黄球等级+1
390	1	100	102511	Assets/Product/Texture/Image/IconSkill/R5Luxiyalan1.png	溯轮杀	蓝球等级+1
391	1	100	102516	Assets/Product/Texture/Image/IconSkill/R5Luxiyapugong1.png	深红绝击	普通攻击等级+1
392	2	100	102517	Assets/Product/Texture/Image/IconSkill/R5Luxiyadazhao1.png	囚影残空	必杀技等级+1
393	2	100	102518	Assets/Product/Texture/Image/IconSkill/QTE1.png	晖煌掠形	qte等级+1
394	2	100	102521	Assets/Product/Texture/Image/IconSkill/R5Luxiyahexin1.png	无我荒途	核心被动+1
395	2	100	102523	Assets/Product/Texture/Image/IconSkill/R5Luxiyahexin1.png	进攻型	职业技等级+1
396	1	100	124201	Assets/Product/Texture/Image/IconSkill/R2Hanyinhong1.png	此君谣	红球等级+1
397	1	100	124206	Assets/Product/Texture/Image/IconSkill/R2Hanyinhuang1.png	花蝶乱	黄球等级+1
398	1	100	124211	Assets/Product/Texture/Image/IconSkill/R2Hanyinlan1.png	晴风赋	蓝球等级+1
399	1	100	124216	Assets/Product/Texture/Image/IconSkill/R2Hanyinpugong1.png	游云动	普通攻击等级+1
400	2	100	124217	Assets/Product/Texture/Image/IconSkill/R2Hanyindazhao1.png	苍山悠梦境	必杀技等级+1
401	2	100	124218	Assets/Product/Texture/Image/IconSkill/QTE1.png	宵星踏	qte等级+1
402	2	100	124221	Assets/Product/Texture/Image/IconSkill/R2Hanyinhexin1.png	绫罗曼舞	核心被动+1
403	2	100	124223	Assets/Product/Texture/Image/IconSkill/R2Hanyinhexin1.png	辅助型	职业技等级+1
404	1	100	122301	Assets/Product/Texture/Image/IconSkill/R4Twentyonehong1.png	清扫猎径	红球等级+1
405	1	100	122306	Assets/Product/Texture/Image/IconSkill/R4Twentyonehuang1.png	截落飞羽	黄球等级+1
406	1	100	122311	Assets/Product/Texture/Image/IconSkill/R4Twentyonelan1.png	闪袭探爪	蓝球等级+1
407	1	100	122316	Assets/Product/Texture/Image/IconSkill/R4Twentyonepugong1.png	展露獠牙	普通攻击等级+1
408	2	100	122317	Assets/Product/Texture/Image/IconSkill/R4Twentyonedazhao1.png	撕裂夜幕的弧闪	必杀技等级+1
409	2	100	122318	Assets/Product/Texture/Image/IconSkill/QTE1.png	林间回响	qte等级+1
410	2	100	122321	Assets/Product/Texture/Image/IconSkill/R4Twentyonehexin1.png	暮影狂澜	核心被动+1
411	2	100	122323	Assets/Product/Texture/Image/IconSkill/R4Twentyonehexin1.png	增幅型	职业技等级+1
412	1	100	125201	Assets/Product/Texture/Image/IconSkill/R2Nuoketihong1.png	赤闪刹那	红球等级+1
413	1	100	125206	Assets/Product/Texture/Image/IconSkill/R2Nuoketihuang1.png	裂骨蹴击	黄球等级+1
414	1	100	125211	Assets/Product/Texture/Image/IconSkill/R2Nuoketilan1.png	爆袭穿踵	蓝球等级+1
415	1	100	125216	Assets/Product/Texture/Image/IconSkill/R2Nuoketipugong1.png	动擎涡旋	普通攻击等级+1
416	2	100	125217	Assets/Product/Texture/Image/IconSkill/R2Nuoketidazhao1.png	磁极爆裂杀	必杀技等级+1
417	2	100	125218	Assets/Product/Texture/Image/IconSkill/QTE1.png	瞬破特驱	qte等级+1
418	2	100	125221	Assets/Product/Texture/Image/IconSkill/R2Nuoketihexin1.png	动力咆哮	核心被动+1
419	2	100	125223	Assets/Product/Texture/Image/IconSkill/R2Nuoketihexin1.png	进攻型	职业技等级+1
420	1	100	126301	Assets/Product/Texture/Image/IconSkill/R3Yalishahong1.png	秩序虹光	红球等级+1
421	1	100	126306	Assets/Product/Texture/Image/IconSkill/R3Yalishahuang1.png	星穹坠闪	黄球等级+1
422	1	100	126311	Assets/Product/Texture/Image/IconSkill/R3Yalishalan1.png	骤羽裁决	蓝球等级+1
423	1	100	126316	Assets/Product/Texture/Image/IconSkill/R3Yalishapugong1.png	迅箭追袭	普通攻击等级+1
424	2	100	126317	Assets/Product/Texture/Image/IconSkill/R3Yalishadazhao1.png	天刻宏耀之锋	必杀技等级+1
425	2	100	126318	Assets/Product/Texture/Image/IconSkill/QTE1.png	正义终临	qte等级+1
426	2	100	126321	Assets/Product/Texture/Image/IconSkill/R3Yalishahexin1.png	双生回响	核心被动+1
427	2	100	126323	Assets/Product/Texture/Image/IconSkill/R3Yalishahexin1.png	增幅型	职业技等级+1
428	1	100	127301	Assets/Product/Texture/Image/IconSkill/R3Lamiyahong1.png	深溟涡动	红球等级+1
429	1	100	127306	Assets/Product/Texture/Image/IconSkill/R3Lamiyahuang1.png	卷跃破碎	黄球等级+1
430	1	100	127311	Assets/Product/Texture/Image/IconSkill/R3Lamiyalan1.png	寰洋断绝	蓝球等级+1
431	1	100	127316	Assets/Product/Texture/Image/IconSkill/R3Lamiyapugong1.png	刻暗激浪	普通攻击等级+1
432	2	100	127317	Assets/Product/Texture/Image/IconSkill/R3Lamiyadazhao1.png	亚特兰蒂斯的挽歌	必杀技等级+1
433	2	100	127318	Assets/Product/Texture/Image/IconSkill/QTE1.png	溯潮诡影	qte等级+1
434	2	100	127321	Assets/Product/Texture/Image/IconSkill/R3Lamiyahexin1.png	海沫幻象	核心被动+1
435	2	100	127323	Assets/Product/Texture/Image/IconSkill/R3Lamiyahexin1.png	进攻型	职业技等级+1
436	1	100	128201	Assets/Product/Texture/Image/IconSkill/R2Blackrockhong1.png	星曜利剑	红球等级+1
437	1	100	128206	Assets/Product/Texture/Image/IconSkill/R2Blackrockhuang1.png	星刻十字	黄球等级+1
438	1	100	128211	Assets/Product/Texture/Image/IconSkill/R2Blackrocklan1.png	牵绊之心	蓝球等级+1
439	1	100	128216	Assets/Product/Texture/Image/IconSkill/R2Blackrockpugong1.png	灭绝流星雨	普通攻击等级+1
440	2	100	128217	Assets/Product/Texture/Image/IconSkill/R2Blackrockdazhao1.png	编织世界者	必杀技等级+1
441	2	100	128218	Assets/Product/Texture/Image/IconSkill/QTE1.png	星芒幻身	qte等级+1
442	2	100	128221	Assets/Product/Texture/Image/IconSkill/R2Blackrockhexin1.png	无尽斗争	核心被动+1
443	2	100	128223	Assets/Product/Texture/Image/IconSkill/R2Blackrockhexin1.png	进攻型	职业技等级+1
444	1	100	108401	Assets/Product/Texture/Image/IconSkill/R4Dubianhong1.png	炽能迸发	红球等级+1
445	1	100	108406	Assets/Product/Texture/Image/IconSkill/R4Dubianhuang1.png	燃沙掠影	黄球等级+1
446	1	100	108411	Assets/Product/Texture/Image/IconSkill/R4Dubianlan1.png	强焰虹吸	蓝球等级+1
447	1	100	108416	Assets/Product/Texture/Image/IconSkill/R4Dubianpugong1.png	炙刃出鞘	普通攻击等级+1
448	2	100	108417	Assets/Product/Texture/Image/IconSkill/R4Dubiandazhao1.png	超态逆迭	必杀技等级+1
449	2	100	108418	Assets/Product/Texture/Image/IconSkill/QTE1.png	钳形围攻	qte等级+1
450	2	100	108421	Assets/Product/Texture/Image/IconSkill/R4Dubianhexin1.png	竭战反射	核心被动+1
451	2	100	108423	Assets/Product/Texture/Image/IconSkill/R4Dubianhexin1.png	装甲型	职业技等级+1
452	1	100	152401	Assets/Product/Texture/Image/IconSkill/R3Quhong1.png	临	红球等级+1
453	1	100	152406	Assets/Product/Texture/Image/IconSkill/R3Quhuang1.png	判	黄球等级+1
454	1	100	152411	Assets/Product/Texture/Image/IconSkill/R3Qulan1.png	破	蓝球等级+1
455	1	100	152416	Assets/Product/Texture/Image/IconSkill/R3Qupugong1.png	万世铭	普通攻击等级+1
456	2	100	152417	Assets/Product/Texture/Image/IconSkill/R3Qudazhao1.png	翎骨龙魄	必杀技等级+1
457	2	100	152418	Assets/Product/Texture/Image/IconSkill/QTE1.png	翎烁	qte等级+1
458	2	100	152421	Assets/Product/Texture/Image/IconSkill/R3Quhexin1.png	执铭化刃	核心被动+1
459	2	100	152423	Assets/Product/Texture/Image/IconSkill/R3Quhexin1.png	进攻型	职业技等级+1
460	1	100	129201	Assets/Product/Texture/Image/IconSkill/R2Buouxionghong1.png	音域潜袭	红球等级+1
461	1	100	129206	Assets/Product/Texture/Image/IconSkill/R2Buouxionghuang1.png	高频协奏	黄球等级+1
462	1	100	129211	Assets/Product/Texture/Image/IconSkill/R2Buouxionglan1.png	追逸指令	蓝球等级+1
463	1	100	129216	Assets/Product/Texture/Image/IconSkill/R2Buouxiongpugong1.png	逆相潮涟	普通攻击等级+1
464	2	100	129217	Assets/Product/Texture/Image/IconSkill/R2Buouxiongdazhao1.png	匿语声像	必杀技等级+1
465	2	100	129218	Assets/Product/Texture/Image/IconSkill/QTE1.png	协议入侵	qte等级+1
466	2	100	129221	Assets/Product/Texture/Image/IconSkill/R2Buouxionghexin1.png	源路渗透	核心被动+1
467	2	100	129223	Assets/Product/Texture/Image/IconSkill/R2Buouxionghexin1.png	辅助型	职业技等级+1
468	1	100	117401	Assets/Product/Texture/Image/IconSkill/R4Lunahong1.png	旋斩黯星	红球等级+1
469	1	100	117406	Assets/Product/Texture/Image/IconSkill/R4Lunahuang1.png	绯簇虚形	黄球等级+1
470	1	100	117411	Assets/Product/Texture/Image/IconSkill/R4Lunalan1.png	陨月判迹	蓝球等级+1
471	1	100	117416	Assets/Product/Texture/Image/IconSkill/R4Lunapugong1.png	环月之辉	普通攻击等级+1
472	2	100	117417	Assets/Product/Texture/Image/IconSkill/R4Lunadazhao1.png	赤月裁星	必杀技等级+1
473	2	100	117418	Assets/Product/Texture/Image/IconSkill/QTE1.png	临世湮殒	qte等级+1
474	2	100	117421	Assets/Product/Texture/Image/IconSkill/R4Lunahexin1.png	月冕权能	核心被动+1
475	2	100	117423	Assets/Product/Texture/Image/IconSkill/R4Lunahexin1.png	湮灭型	职业技等级+1
476	1	100	130201	Assets/Product/Texture/Image/IconSkill/R2Bulijitehong1.png	钢焰冲击	红球等级+1
477	1	100	130206	Assets/Product/Texture/Image/IconSkill/R2Bulijitehuang1.png	星激迅掣	黄球等级+1
478	1	100	130211	Assets/Product/Texture/Image/IconSkill/R2Bulijitelan1.png	磬石之固	蓝球等级+1
479	1	100	130216	Assets/Product/Texture/Image/IconSkill/R2Bulijitepugong1.png	回旋格击	普通攻击等级+1
480	2	100	130217	Assets/Product/Texture/Image/IconSkill/R2Bulijitedazhao1.png	灼日焚空	必杀技等级+1
481	2	100	130218	Assets/Product/Texture/Image/IconSkill/QTE1.png	力崩拳穿	qte等级+1
482	2	100	130221	Assets/Product/Texture/Image/IconSkill/R2Bulijitehexin1.png	灵巧身形	核心被动+1
483	2	100	130223	Assets/Product/Texture/Image/IconSkill/R2Bulijitehexin1.png	装甲型	职业技等级+1
484	1	100	124301	Assets/Product/Texture/Image/IconSkill/R3Hanyinghong1.png	骤弹曲破	红球等级+1
485	1	100	124306	Assets/Product/Texture/Image/IconSkill/R3Hanyinghuang1.png	低回慢弄	黄球等级+1
486	1	100	124311	Assets/Product/Texture/Image/IconSkill/R3Hanyinglan1.png	春肠易断	蓝球等级+1
487	1	100	124316	Assets/Product/Texture/Image/IconSkill/R3Hanyingpugong1.png	珏音	普通攻击等级+1
488	2	100	124317	Assets/Product/Texture/Image/IconSkill/R3Hanyingdazhao1.png	忘弦	必杀技等级+1
489	2	100	124318	Assets/Product/Texture/Image/IconSkill/QTE1.png	淮阴平楚	qte等级+1
490	2	100	124321	Assets/Product/Texture/Image/IconSkill/R3Hanyinghexin1.png	殊庭曲	核心被动+1
491	2	100	124323	Assets/Product/Texture/Image/IconSkill/R3Hanyinghexin1.png	装甲型	职业技等级+1
492	1	100	121301	Assets/Product/Texture/Image/IconSkill/R3Wanshihong1.png	寒冽极流	红球等级+1
493	1	100	121306	Assets/Product/Texture/Image/IconSkill/R3Wanshihuang1.png	枭影锐进	黄球等级+1
494	1	100	121311	Assets/Product/Texture/Image/IconSkill/R3Wanshilan1.png	飞霜裂空	蓝球等级+1
495	1	100	121316	Assets/Product/Texture/Image/IconSkill/R3Wanshipugong1.png	凛风鹰扬	普通攻击等级+1
496	2	100	121317	Assets/Product/Texture/Image/IconSkill/R3Wanshidazhao1.png	寂灭极寒	必杀技等级+1
497	2	100	121318	Assets/Product/Texture/Image/IconSkill/QTE1.png	抵近射袭	qte等级+1
498	2	100	121321	Assets/Product/Texture/Image/IconSkill/R3Wanshihexin1.png	明镜止水	核心被动+1
499	2	100	121323	Assets/Product/Texture/Image/IconSkill/R3Wanshihexin1.png	装甲型	职业技等级+1
500	1	100	102601	Assets/Product/Texture/Image/IconSkill/R6Luxiyahong1.png	旋光灿昼	红球等级+1
501	1	100	102606	Assets/Product/Texture/Image/IconSkill/R6Luxiyahuang1.png	流火鸣雷	黄球等级+1
502	1	100	102611	Assets/Product/Texture/Image/IconSkill/R6Luxiyalan1.png	赫焰飞芒	蓝球等级+1
503	1	100	102616	Assets/Product/Texture/Image/IconSkill/R6Luxiyapugong1.png	烈羽扬锋	普通攻击等级+1
504	2	100	102617	Assets/Product/Texture/Image/IconSkill/R6Luxiyadazhao1.png	明煌耀日	必杀技等级+1
505	2	100	102618	Assets/Product/Texture/Image/IconSkill/QTE1.png	驱光散雾	qte等级+1
506	2	100	102621	Assets/Product/Texture/Image/IconSkill/R6Luxiyahexin1.png	泽芒照夜	核心被动+1
507	2	100	102623	Assets/Product/Texture/Image/IconSkill/R6Luxiyahexin1.png	进攻型	职业技等级+1
508	1	100	131201	Assets/Product/Texture/Image/IconSkill/R2Bazhihong1.png	奥义·垒	红球等级+1
509	1	100	131206	Assets/Product/Texture/Image/IconSkill/R2Bazhihuang1.png	奥义·崩	黄球等级+1
510	1	100	131211	Assets/Product/Texture/Image/IconSkill/R2Bazhilan1.png	奥义·切	蓝球等级+1
511	1	100	131216	Assets/Product/Texture/Image/IconSkill/R2Bazhipugong1.png	骤岚	普通攻击等级+1
512	2	100	131217	Assets/Product/Texture/Image/IconSkill/R2Bazhidazhao1.png	振天霞闪	必杀技等级+1
513	2	100	131218	Assets/Product/Texture/Image/IconSkill/QTE1.png	破垒	qte等级+1
514	2	100	131221	Assets/Product/Texture/Image/IconSkill/R2Bazhihexin1.png	镜御雷流	核心被动+1
515	2	100	131223	Assets/Product/Texture/Image/IconSkill/R2Bazhihexin1.png	进攻型	职业技等级+1
516	1	100	105501	Assets/Product/Texture/Image/IconSkill/R5Yongyechaohong1.png	耀雷风暴	红球等级+1
517	1	100	105506	Assets/Product/Texture/Image/IconSkill/R5Yongyechaohuang1.png	星芒构解	黄球等级+1
518	1	100	105511	Assets/Product/Texture/Image/IconSkill/R5Yongyechaolan1.png	奔星突烁	蓝球等级+1
519	1	100	105516	Assets/Product/Texture/Image/IconSkill/R5Yongyechaopugong1.png	流光迸击	普通攻击等级+1
520	2	100	105517	Assets/Product/Texture/Image/IconSkill/R5Yongyechaodazhao1.png	决胜轰解！	必杀技等级+1
521	2	100	105518	Assets/Product/Texture/Image/IconSkill/QTE1.png	环星干涉	qte等级+1
522	2	100	105521	Assets/Product/Texture/Image/IconSkill/R5Yongyechaohexin1.png	星冕武装	核心被动+1
523	2	100	105523	Assets/Product/Texture/Image/IconSkill/R5Yongyechaohexin1.png	装甲型	职业技等级+1
524	1	100	132301	Assets/Product/Texture/Image/IconSkill/R3Cibeizhehong1.png	秘邃沉逝	红球等级+1
525	1	100	132306	Assets/Product/Texture/Image/IconSkill/R3Cibeizhehuang1.png	彼界浮象	黄球等级+1
526	1	100	132311	Assets/Product/Texture/Image/IconSkill/R3Cibeizhelan1.png	星天咏叹	蓝球等级+1
527	1	100	132316	Assets/Product/Texture/Image/IconSkill/R3Cibeizhepugong1.png	断灭箴言	普通攻击等级+1
528	2	100	132317	Assets/Product/Texture/Image/IconSkill/R3Cibeizhedazhao1.png	慈悲告解	必杀技等级+1
529	2	100	132318	Assets/Product/Texture/Image/IconSkill/QTE1.png	寰宿祝言	qte等级+1
530	2	100	132321	Assets/Product/Texture/Image/IconSkill/R3Cibeizhehexin1.png	圣状视界	核心被动+1
531	2	100	132323	Assets/Product/Texture/Image/IconSkill/R3Cibeizhehexin1.png	观测者	职业技等级+1
532	1	100	133301	Assets/Product/Texture/Image/IconSkill/R3Lilithhong1.png	谜灯谲影	红球等级+1
533	1	100	133306	Assets/Product/Texture/Image/IconSkill/R3Lilithhuang1.png	欺身戏法	黄球等级+1
534	1	100	133311	Assets/Product/Texture/Image/IconSkill/R3Lilithlan1.png	失乐圆舞	蓝球等级+1
535	1	100	133316	Assets/Product/Texture/Image/IconSkill/R3Lilithpugong1.png	魅夜放逐	普通攻击等级+1
536	2	100	133317	Assets/Product/Texture/Image/IconSkill/R3Lilithdazhao1.png	璀金璨梦之邀	必杀技等级+1
537	2	100	133318	Assets/Product/Texture/Image/IconSkill/QTE1.png	黄金的眷顾	qte等级+1
538	2	100	133321	Assets/Product/Texture/Image/IconSkill/R3Lilithhexin1.png	幻测谜术	核心被动+1
539	2	100	133323	Assets/Product/Texture/Image/IconSkill/R3Lilithhexin1.png	增幅型	职业技等级+1
540	1	100	153501	Assets/Product/Texture/Image/IconSkill/R5Sailinnahong1.png	炘焰和弦	红球等级+1
541	1	100	153506	Assets/Product/Texture/Image/IconSkill/R5Sailinnahuang1.png	辚霆转调	黄球等级+1
542	1	100	153511	Assets/Product/Texture/Image/IconSkill/R5Sailinnalan1.png	流韵穿刺	蓝球等级+1
543	1	100	153516	Assets/Product/Texture/Image/IconSkill/R5Sailinnapugong1.png	迭音连奏	普通攻击等级+1
544	2	100	153517	Assets/Product/Texture/Image/IconSkill/R5Sailinnadazhao1.png	赋格奏鸣曲	必杀技等级+1
545	2	100	153518	Assets/Product/Texture/Image/IconSkill/QTE1.png	交响辉芒	qte等级+1
546	2	100	153521	Assets/Product/Texture/Image/IconSkill/R5Sailinnahexin1.png	古典浪漫主义	核心被动+1
547	2	100	153523	Assets/Product/Texture/Image/IconSkill/R5Sailinnahexin1.png	进攻型	职业技等级+1
548	1	100	132201	Assets/Product/Texture/Image/IconSkill/R2Jetaviehong1.png	暝翼战刃	红球等级+1
549	1	100	132206	Assets/Product/Texture/Image/IconSkill/R2Jetaviehuang1.png	环矩轰击	黄球等级+1
550	1	100	132211	Assets/Product/Texture/Image/IconSkill/R2Jetavielan1.png	钢痕蚀刻	蓝球等级+1
551	1	100	132216	Assets/Product/Texture/Image/IconSkill/R2Jetaviepugong1.png	算法剖解	普通攻击等级+1
552	2	100	132217	Assets/Product/Texture/Image/IconSkill/R2Jetaviedazhao1.png	终凌推演	必杀技等级+1
553	2	100	132218	Assets/Product/Texture/Image/IconSkill/QTE1.png	暗境匿格	qte等级+1
554	2	100	132221	Assets/Product/Texture/Image/IconSkill/R2Jetaviehexin1.png	魔姬的强袭	核心被动+1
555	2	100	132223	Assets/Product/Texture/Image/IconSkill/R2Jetaviehexin1.png	进攻型	职业技等级+1
556	1	100	113401	Assets/Product/Texture/Image/IconSkill/R4Weilahong1.png	掠空斩焰	红球等级+1
557	1	100	113406	Assets/Product/Texture/Image/IconSkill/R4Weilahuang1.png	以火为契	黄球等级+1
558	1	100	113411	Assets/Product/Texture/Image/IconSkill/R4Weilalan1.png	盛燃巡光	蓝球等级+1
559	1	100	113416	Assets/Product/Texture/Image/IconSkill/R4Weilapugong1.png	灼流燎原	普通攻击等级+1
560	2	100	113417	Assets/Product/Texture/Image/IconSkill/R4Weiladazhao1.png	永火照临于此	必杀技等级+1
561	2	100	113418	Assets/Product/Texture/Image/IconSkill/QTE1.png	炽热逆影	qte等级+1
562	2	100	113421	Assets/Product/Texture/Image/IconSkill/R4Weilahexin1.png	终裁焚断之刻	核心被动+1
563	2	100	113423	Assets/Product/Texture/Image/IconSkill/R4Weilahexin1.png	增幅型	职业技等级+1
564	1	100	135301	Assets/Product/Texture/Image/IconSkill/R3Vergilhong1.png	阎魔刀	红球等级+1
565	1	100	135306	Assets/Product/Texture/Image/IconSkill/R3Vergilhuang1.png	贝奥武夫	黄球等级+1
566	1	100	135311	Assets/Product/Texture/Image/IconSkill/R3Vergillan1.png	魅影刃	蓝球等级+1
567	1	100	135316	Assets/Product/Texture/Image/IconSkill/R3Vergilpugong1.png	魔人之心	普通攻击等级+1
568	2	100	135317	Assets/Product/Texture/Image/IconSkill/R3Vergildazhao1.png	真魔人	必杀技等级+1
569	2	100	135318	Assets/Product/Texture/Image/IconSkill/QTE1.png	次元斩·切落	qte等级+1
570	2	100	135321	Assets/Product/Texture/Image/IconSkill/R3Vergilhexin1.png	狩魔技	核心被动+1
571	2	100	135323	Assets/Product/Texture/Image/IconSkill/R3Vergilhexin1.png	进攻型	职业技等级+1
572	1	100	136301	Assets/Product/Texture/Image/IconSkill/R3Dantehong1.png	魔剑但丁	红球等级+1
573	1	100	136306	Assets/Product/Texture/Image/IconSkill/R3Dantehuang1.png	浮士德	黄球等级+1
574	1	100	136311	Assets/Product/Texture/Image/IconSkill/R3Dantelan1.png	巴洛克	蓝球等级+1
575	1	100	136316	Assets/Product/Texture/Image/IconSkill/R3Dantepugong1.png	魔人之心	普通攻击等级+1
576	2	100	136317	Assets/Product/Texture/Image/IconSkill/R3Dantedazhao1.png	真魔人	必杀技等级+1
577	2	100	136318	Assets/Product/Texture/Image/IconSkill/QTE1.png	死亡剑舞·闪击	qte等级+1
578	2	100	136321	Assets/Product/Texture/Image/IconSkill/R3Dantehexin1.png	狩魔技	核心被动+1
579	2	100	136323	Assets/Product/Texture/Image/IconSkill/R3Dantehexin1.png	进攻型	职业技等级+1
580	1	100	104501	Assets/Product/Texture/Image/IconSkill/R5Biankahong1.png	裁暮	红球等级+1
581	1	100	104506	Assets/Product/Texture/Image/IconSkill/R5Biankahuang1.png	刑晖	黄球等级+1
582	1	100	104511	Assets/Product/Texture/Image/IconSkill/R5Biankalan1.png	断海	蓝球等级+1
583	1	100	104516	Assets/Product/Texture/Image/IconSkill/R5Biankapugong1.png	蛇腹鞭刃	普通攻击等级+1
584	2	100	104517	Assets/Product/Texture/Image/IconSkill/R5Biankadazhao1.png	终末祷词	必杀技等级+1
585	2	100	104518	Assets/Product/Texture/Image/IconSkill/QTE1.png	光隙协词	qte等级+1
586	2	100	104521	Assets/Product/Texture/Image/IconSkill/R5Biankahexin1.png	极渊墟生	核心被动+1
587	2	100	104523	Assets/Product/Texture/Image/IconSkill/R5Biankahexin1.png	进攻型	职业技等级+1
588	1	100	137201	Assets/Product/Texture/Image/IconSkill/R2Xiezouhong1.png	断续迭斩	红球等级+1
589	1	100	137206	Assets/Product/Texture/Image/IconSkill/R2Xiezouhuang1.png	缭旋缚刃	黄球等级+1
590	1	100	137211	Assets/Product/Texture/Image/IconSkill/R2Xiezoulan1.png	丝流缠束	蓝球等级+1
591	1	100	137216	Assets/Product/Texture/Image/IconSkill/R2Xiezoupugong1.png	剪裁定式	普通攻击等级+1
592	2	100	137217	Assets/Product/Texture/Image/IconSkill/R2Xiezoudazhao1.png	断织终章	必杀技等级+1
593	2	100	137218	Assets/Product/Texture/Image/IconSkill/QTE1.png	引针坠袭	qte等级+1
594	2	100	137221	Assets/Product/Texture/Image/IconSkill/R2Xiezouhexin1.png	斩噬犬牙	核心被动+1
595	2	100	137223	Assets/Product/Texture/Image/IconSkill/R2Xiezouhexin1.png	进攻型	职业技等级+1
596	1	100	138301	Assets/Product/Texture/Image/IconSkill/R3Weiluonikahong1.png	掣烈焚棘	红球等级+1
597	1	100	138306	Assets/Product/Texture/Image/IconSkill/R3Weiluonikahuang1.png	炽流贯铩	黄球等级+1
598	1	100	138311	Assets/Product/Texture/Image/IconSkill/R3Weiluonikalan1.png	异犄峥嵘	蓝球等级+1
599	1	100	138316	Assets/Product/Texture/Image/IconSkill/R3Weiluonikapugong1.png	龙棘序恶	普通攻击等级+1
600	2	100	138317	Assets/Product/Texture/Image/IconSkill/R3Weiluonikadazhao1.png	烬序重明	必杀技等级+1
601	2	100	138318	Assets/Product/Texture/Image/IconSkill/QTE1.png	焌恶苏生	qte等级+1
602	2	100	138321	Assets/Product/Texture/Image/IconSkill/R3Weiluonikahexin1.png	罪刑净狱	核心被动+1
603	2	100	138323	Assets/Product/Texture/Image/IconSkill/R3Weiluonikahexin1.png	增幅型	职业技等级+1
604	1	100	103501	Assets/Product/Texture/Image/IconSkill/R5Lifuhong1.png	彻无明	红球等级+1
605	1	100	103506	Assets/Product/Texture/Image/IconSkill/R5Lifuhuang1.png	散无妄	黄球等级+1
606	1	100	103511	Assets/Product/Texture/Image/IconSkill/R5Lifulan1.png	鉴无常	蓝球等级+1
607	1	100	103516	Assets/Product/Texture/Image/IconSkill/R5Lifupugong1.png	于樊笼中振羽	普通攻击等级+1
608	2	100	103517	Assets/Product/Texture/Image/IconSkill/R5Lifudazhao1.png	于万象中重生	必杀技等级+1
609	2	100	103518	Assets/Product/Texture/Image/IconSkill/QTE1.png	于寰宇中清歌	qte等级+1
610	2	100	103521	Assets/Product/Texture/Image/IconSkill/R5Lifuhexin1.png	醒世明光	核心被动+1
611	2	100	103523	Assets/Product/Texture/Image/IconSkill/R5Lifuhexin1.png	进攻型	职业技等级+1
612	1	100	129301	Assets/Product/Texture/Image/IconSkill/R3Buouxionghong1.png	双馈转子	红球等级+1
613	1	100	129306	Assets/Product/Texture/Image/IconSkill/R3Buouxionghuang1.png	超重低音混响	黄球等级+1
614	1	100	129311	Assets/Product/Texture/Image/IconSkill/R3Buouxionglan1.png	极巨化失调	蓝球等级+1
615	1	100	129316	Assets/Product/Texture/Image/IconSkill/R3Buouxiongpugong1.png	傅里叶展开	普通攻击等级+1
616	2	100	129317	Assets/Product/Texture/Image/IconSkill/R3Buouxiongdazhao1.png	“Z变换”	必杀技等级+1
617	2	100	129318	Assets/Product/Texture/Image/IconSkill/QTE1.png	参量均衡	qte等级+1
618	2	100	129321	Assets/Product/Texture/Image/IconSkill/R3Buouxionghexin1.png	集成霓虹	核心被动+1
619	2	100	129323	Assets/Product/Texture/Image/IconSkill/R3Buouxionghexin1.png	增幅型	职业技等级+1
620	1	100	114401	Assets/Product/Texture/Image/IconSkill/R4Luosaita/R4Luosaitahong1.png	邃罪重锋	红球等级+1
621	1	100	114406	Assets/Product/Texture/Image/IconSkill/R4Luosaita/R4Luosaitahuang1.png	囚祟蕴锋	黄球等级+1
622	1	100	114411	Assets/Product/Texture/Image/IconSkill/R4Luosaita/R4Luosaitalan1.png	夜行镝锋	蓝球等级+1
623	1	100	114416	Assets/Product/Texture/Image/IconSkill/R4Luosaita/R4Luosaitapugong1.png	双身维序	普通攻击等级+1
624	2	100	114417	Assets/Product/Texture/Image/IconSkill/R4Luosaita/R4Luosaitadazhao1.png	万维归葬·踏	必杀技等级+1
625	2	100	114418	Assets/Product/Texture/Image/IconSkill/QTE1.png	唯吾领域	qte等级+1
626	2	100	114421	Assets/Product/Texture/Image/IconSkill/R4Luosaita/R4Luosaitahexin1.png	战意感知	核心被动+1
627	2	100	114423	Assets/Product/Texture/Image/IconSkill/R4Luosaita/R4Luosaitahexin1.png	破甲型	职业技等级+1
628	1	100	139301	Assets/Product/Texture/Image/IconSkill/R3Nietiyahong1.png	审判刈临	红球等级+1
629	1	100	139306	Assets/Product/Texture/Image/IconSkill/R3Nietiyahuang1.png	归墟悼曲	黄球等级+1
630	1	100	139311	Assets/Product/Texture/Image/IconSkill/R3Nietiyalan1.png	葬仪典章	蓝球等级+1
631	1	100	139316	Assets/Product/Texture/Image/IconSkill/R3Nietiyapugong1.png	异日送唁	普通攻击等级+1
632	2	100	139317	Assets/Product/Texture/Image/IconSkill/R3Nietiyadazhao1.png	死与吻	必杀技等级+1
633	2	100	139318	Assets/Product/Texture/Image/IconSkill/QTE1.png	渡者之约	qte等级+1
634	2	100	139321	Assets/Product/Texture/Image/IconSkill/R3Nietiyahexin1.png	倦游鸟	核心被动+1
635	2	100	139323	Assets/Product/Texture/Image/IconSkill/R3Nietiyahexin1.png	增幅型	职业技等级+1
636	1	100	106401	Assets/Product/Texture/Image/IconSkill/R4Shenweihong1.png	炎阳斩光	红球等级+1
637	1	100	106406	Assets/Product/Texture/Image/IconSkill/R4Shenweihuang1.png	雷火天坠	黄球等级+1
638	1	100	106411	Assets/Product/Texture/Image/IconSkill/R4Shenweilan1.png	落心炎威	蓝球等级+1
639	1	100	106416	Assets/Product/Texture/Image/IconSkill/R4Shenweipugong1.png	炬身回火	普通攻击等级+1
640	2	100	106417	Assets/Product/Texture/Image/IconSkill/R4Shenweidazhao1.png	熔心旭燃	必杀技等级+1
641	2	100	106418	Assets/Product/Texture/Image/IconSkill/QTE1.png	炽电沸动	qte等级+1
642	2	100	106421	Assets/Product/Texture/Image/IconSkill/R4Shenweixin1.png	黄金太阳	核心被动+1
643	2	100	106423	Assets/Product/Texture/Image/IconSkill/R4Shenweixin1.png	破甲型	职业技等级+1
644	1	100	102701	Assets/Product/Texture/Image/IconSkill/R7Luxiyahong1.png	残渊哀鸣	红球等级+1
645	1	100	102706	Assets/Product/Texture/Image/IconSkill/R7Luxiyahuang1.png	暮途归斩	黄球等级+1
646	1	100	102711	Assets/Product/Texture/Image/IconSkill/R7Luxiyalan1.png	寒棘环生	蓝球等级+1
647	1	100	102716	Assets/Product/Texture/Image/IconSkill/R7Luxiyapugong1.png	恶道巡行	普通攻击等级+1
648	2	100	102717	Assets/Product/Texture/Image/IconSkill/R7Luxiyadazhao1.png	诸光尽默之渊	必杀技等级+1
649	2	100	102718	Assets/Product/Texture/Image/IconSkill/QTE1.png	残光戮时	qte等级+1
650	2	100	102721	Assets/Product/Texture/Image/IconSkill/R7Luxiyahexin1.png	时序遍历	核心被动+1
651	2	100	102723	Assets/Product/Texture/Image/IconSkill/R7Luxiyahexin1.png	进攻型	职业技等级+1
652	1	100	140301	Assets/Product/Texture/Image/IconSkill/R3Helentinehong1.png	缭妄自旋	红球等级+1
653	1	100	140306	Assets/Product/Texture/Image/IconSkill/R3Helentinehuang1.png	凋萎环殆	黄球等级+1
654	1	100	140311	Assets/Product/Texture/Image/IconSkill/R3Helentinelan1.png	枯毁拨除	蓝球等级+1
655	1	100	140316	Assets/Product/Texture/Image/IconSkill/R3Helentinepugong1.png	联结瓦解	普通攻击等级+1
656	2	100	140317	Assets/Product/Texture/Image/IconSkill/R3Helentinedazhao1.png	万象奇夜的喻言	必杀技等级+1
657	2	100	140318	Assets/Product/Texture/Image/IconSkill/QTE1.png	流体情绪	qte等级+1
658	2	100	140321	Assets/Product/Texture/Image/IconSkill/R3Helentinehexin1.png	寻求系统	核心被动+1
659	2	100	140323	Assets/Product/Texture/Image/IconSkill/R3Helentinehexin1.png	增幅型	职业技等级+1
660	1	100	107501	Assets/Product/Texture/Image/IconSkill/R5Kalieninahong1.png	觉舷击境	红球等级+1
661	1	100	107506	Assets/Product/Texture/Image/IconSkill/R5Kalieninahuang1.png	墟慑迸鸣	黄球等级+1
662	1	100	107511	Assets/Product/Texture/Image/IconSkill/R5Kalieninalan1.png	潜怒震荒	蓝球等级+1
663	1	100	107516	Assets/Product/Texture/Image/IconSkill/R5Kalieninapugong1.png	破浪摧空	普通攻击等级+1
664	2	100	107517	Assets/Product/Texture/Image/IconSkill/R5Kalienina1.png	万涛决海	必杀技等级+1
665	2	100	107518	Assets/Product/Texture/Image/IconSkill/QTE1.png	风潮起	qte等级+1
666	2	100	107521	Assets/Product/Texture/Image/IconSkill/R5Kalieninahexin1.png	瀚海定锚	核心被动+1
667	2	100	107523	Assets/Product/Texture/Image/IconSkill/R5Kalieninahexin1.png	破甲型	职业技等级+1
668	1	100	141301	Assets/Product/Texture/Image/IconSkill/R3Kurumihong1.png	时隙折跃	红球等级+1
669	1	100	141306	Assets/Product/Texture/Image/IconSkill/R3Kurumihuang1.png	溯洄凝望	黄球等级+1
670	1	100	141311	Assets/Product/Texture/Image/IconSkill/R3Kurumilan1.png	瞬光残影	蓝球等级+1
671	1	100	141316	Assets/Product/Texture/Image/IconSkill/R3Kurumipugong1.png	灼红之矢	普通攻击等级+1
672	2	100	141317	Assets/Product/Texture/Image/IconSkill/R3Kurumidazhao1.png	轮滞永劫	必杀技等级+1
673	2	100	141318	Assets/Product/Texture/Image/IconSkill/QTE1.png	绯色影落	qte等级+1
674	2	100	141321	Assets/Product/Texture/Image/IconSkill/R3Kurumihexin1.png	血夜刻痕	核心被动+1
675	2	100	141323	Assets/Product/Texture/Image/IconSkill/R3Kurumihexin1.png	进攻型	职业技等级+1
676	1	100	142301	Assets/Product/Texture/Image/IconSkill/R3Kurumihong1.png	时隙折跃	红球等级+1
677	1	100	142306	Assets/Product/Texture/Image/IconSkill/R3Kurumihuang1.png	溯洄凝望	黄球等级+1
678	1	100	142311	Assets/Product/Texture/Image/IconSkill/R3Kurumilan1.png	瞬光残影	蓝球等级+1
679	1	100	142316	Assets/Product/Texture/Image/IconSkill/R3Kurumipugong1.png	灼红之矢	普通攻击等级+1
680	2	100	142317	Assets/Product/Texture/Image/IconSkill/R3Kurumidazhao1.png	轮滞永劫	必杀技等级+1
681	2	100	142318	Assets/Product/Texture/Image/IconSkill/QTE1.png	绯色影落	qte等级+1
682	2	100	142321	Assets/Product/Texture/Image/IconSkill/R3Kurumihexin1.png	血夜刻痕	核心被动+1
683	2	100	142323	Assets/Product/Texture/Image/IconSkill/R3Kurumihexin1.png	进攻型	职业技等级+1
