Id	Type	Quality	Star	WeaponSkillId	Priority	Name	LogName	Description	RecommendCharacterId	DefaultLock	CharacterType	Site	SuitId	OverrunNoShow
2013001	1	3	3	2013001	2013001	制式枪	3星双枪 制式枪	使用通用型材质制作的制式枪，结构简单，操作方便。	1011002					
2014001	1	4	4	2014001	2014001	黑星	4星双枪 黑星	旧世纪时著名的老款手枪，虽然工艺粗糙但结构牢固，即使到现在还有不少在服役中。	1011002					
2015001	1	5	5	2015001	2015001	暗影紫光	5星双枪 暗影紫光	以无声高速攻击为目的设计的短枪，拥有最安静的枪火声和超高的子弹发射速度。	1011002					
2016001	1	6	6	2016001	2016001	噬狼枪	6星双枪 噬狼枪	强化了单点射击的特制枪械，虽然命中率不佳，但是在在破坏力上堪比巨狼。	1011002					
2016002	1	6	6	2016002	2016002	零度定标	6星双枪 零度定标	与空中花园的支援系统连接，自带能量管控与弹道导航运算能力的枪械	1011003					
2016003	1	6	6	2016003	2016003	赛因	6星双枪 赛因	枪管较长的大口径手枪，能对近距离目标造成不小的伤害，银白配色很受某人喜欢，并在枪身上加上了细小的文字，来寄托自己要用这把武器扫清罪恶的信念。	1111002					
2022001	2	2	2	2022001	2022001	制式刀	2星太刀 制式刀	刀身长1.0米，使用通用型高速钢锻造而成。	1021001					
2023001	2	3	3	2023001	2023001	护身刀	3星太刀 护身刀	刀身长0.8米，使用通用型高速钢锻造而成，比制式刀更加坚固，稍短的设计也更便于作为护身武器进行携带。	1021001					
2024001	2	4	4	2024001	2024001	无铭	4星太刀 无铭	没有铭刻工匠名字的刀刃，但依然无损它作为兵器的冰冷锐利。	1021001					
2024002	2	4	4	2024001	2024002	无铭	4星太刀 无铭	没有铭刻工匠名字的刀刃，但依然无损它作为兵器的冰冷锐利。	1021001					
2025001	2	5	5	2025001	2025001	九字之定	5星太刀 九字之定	以名刀作为蓝本制作的奇怪太刀，本身理念过于古老所以不太能适应战场	1021001					
2026001	2	6	6	2026001	2026001	红莲狂士	6星太刀 红莲狂士	除了刀本身的锋利以外，红莲狂士还装载了能够直连意识海的系统，通过同调构造体能够让攻击模式产生质的变化。	1021001					
2026002	2	6	6	2026002	2026002	影打—逆断	6星太刀 影打—逆断	逆断并不是武器，而是某个实验计划的代号，而将该实验体现在武器上的第一把就是这把影打—逆断。	1021002					
2026003	2	6	6	2026003	2026003	天狼星	6星太刀 天狼星	武器强度相比其它武器相差无几，但由于极致惊艳的外观，被广泛追捧、收藏。						
2026004	2	6	6	2026004	2026004	红樱	6星太刀 红樱	刀身长1.0米，将多种素材用十分暴力的方式杂糅在一起锻造而成，令人意外的是刀身的强度并没有因此而下降。不知为何，随着斩击次数的增加，刀身的颜色变得越发鲜红。	1021003					
2026005	2	6	6	2026005	2026005	朱桦	6星太刀 朱桦	刀身长0.9米，使用复合工艺锻造而成，精密程度极高。随着温度的变化，刀身的颜色也会逐渐发生改变，在极端情况下甚至会出现淡淡的暗红色冰纹	1021004					
2026006	2	6	6	2026006	2026006	沙利叶	6星太刀 沙利叶	刀身长0.9米，刀刃可以由单刃展开为双刃，为敌人留下双倍的伤痕。它在刺入敌人体内后并不会造成多少伤害，但是在拔出时会将敌人体内的循环液一并抽出，形成长久的痛苦折磨。	1131002					
2032001	3	2	2	2032001	2032001	浮游装置	2星浮游炮 浮游装置	通用型无线遥距攻击武器。	1031001					
2033001	3	3	3	2033001	2033001	半自律攻击炮	3星浮游炮 半自律攻击炮	能根据使用者的意志进行简单攻击的半自动化浮游炮。	1031001					
2034001	3	4	4	2034001	2034001	型鱼挂载	4星浮游炮 型鱼挂载	搭载了研发的最新行动计算机制，并附带强大火力，在战场上可自由行动的浮游攻击装置。偶尔会脱离使用者的控制。	1031001					
2035001	3	5	5	2035001	2035001	卫士挂载	5星浮游炮 卫士挂载	装入了代号为“辉光妖精”的模拟人格，可以自行处理战斗，防卫，能量管理等多种行动的浮游兵器。据说长期使用后甚至会与使用者产生情感联系。	1031001					
2036001	3	6	6	2036001	2036001	零式	6星浮游炮 零式	浮游攻击装置的初期实验型号，保留了很多旧式炮装的设计，虽然活动性很差，但破坏力是一流的。	1031001					
2036002	3	6	6	2036002	2036002	神赐者	6星浮游炮 神赐者	辅助机型专用的浮游武装，牺牲了部分攻击性能用以强化电磁指挥场，适合群体作战用的武器。	1031002					
2036003	3	6	6	2036003	2036003	天龙之风	6星浮游炮 天龙之风	清廷白鹭队的专属武装之一，搭配华丽的命名和性能，能够确保构造体战无不胜。	1031003					
2043001	4	3	3	2043001	2043001	练习用复合弓	3星弓 练习用复合弓	最常见的复合弓，弓道练习场的标准配置。	1041002					
2044001	4	4	4	2044001	2044001	滑轮复合弓	4星弓 滑轮复合弓	使用滑轮增强射击力度的复合弓，每一箭的威力都可以与枪械相比。	1041002					
2045001	4	5	5	2045001	2045001	猎隼E-3320	5星弓 猎隼E-3320	黑野旗下武器工厂研发的新式弓箭，有着威力强大却缺乏稳定性的特点，首批出厂后就因为驾驭者稀少而停产。	1041002					
2046001	4	6	6	2046001	2046001	雷米尔	6星弓 雷米尔	以堕天使为名制作的机械复合弓，带有自动诱导的射击装置，无论什么环境都能确切了结敌人。	1041002					
2046002	4	6	6	2046002	2046002	莱特宁	6星弓 莱特宁	莱特宁在制作过程中加入了部分特殊元素，使它的导电性能大大提升，不仅如此，它还有着良好的耐电性和耐高温性，这让莱特宁能够适应地表大多数恶劣的坏境。	1041003					
2046003	4	6	6	2046003	2046003	阿斯特莉亚	6星弓 阿斯特莉亚	这把长弓融会了材料学的顶尖设计，能够承载高强度的反复张弓，甚至在快速射击时，能在弓弦的幻影中听到些许星空的回响。在苦难和不公的泥淖中挣扎的人常常呼唤着希望与正义，假如乌托邦真的存在的话，阿斯特莉亚就是应答。	1261003					
2053001	5	3	3	2053001	2053001	作业用链锯	3星电锯 作业用链锯	通用型链锯，在工业领域十分常见。	1051001					
2054001	5	4	4	2054001	2054001	噪音	4星电锯 噪音	旧型使用燃油作为动力的巨大链锯，缺点是启动时需要努力发动引擎。	1051001					
2055001	5	5	5	2055001	2055001	电光石火	5星电锯 电光石火	专门作为武器研制出来的第一代大型链锯，测试时切列机械发出的火花令人印象深刻，从而变成了产品的代号。	1051001					
2056001	5	6	6	2056001	2056001	奇美拉-逆断	6星电锯 奇美拉-逆断	逆断并不是武器，而是某个实验计划的代号，而这把武器因为使用了一部分该计划的实验成果所以被称为奇美拉。	1051001					
2056002	5	6	6	2056002	2056002	机韵	6星电锯 机韵	机韵属于液压电锯，它有着强劲的动力，能够随着启动时间的增加逐渐加快链条的切割速度，同时它装载的特殊试剂能够提升链条的温度，使机韵在切割时能够削弱目标的火焰抗性。	1051003					
2063001	6	3	3	2063001	2063001	大剑	3星武器 大剑	通用型大剑，如同它的名字一般朴实无华。	1061002					
2064001	6	4	4	2064001	2064001	压乱者	4星大剑 压乱者	集防御和攻击范围大等优点于一身的大剑，一般是用于镇暴的。	1061002					
2065001	6	5	5	2065001	2065001	动轮大剑	5星大剑 动轮大剑	可变形的奇怪大剑，内装有压缩能源罐，在蓄满以后能够利用剑身作为发射器射出冲击波。	1061002					
2065050	6	5	5	2065050	2065050	伯利恒之星	5星大剑 伯利恒之星	以圣诞树为原型制作的大剑，剑尖的伯利恒之星紧紧吸附在剑身之上，能够随意甩动而不会被甩飞出去。剑刃并不锋利，但是却有着合适的重量，作为武器来说也有着不错的杀伤力。	1061002	true				
2066001	6	6	6	2066001	2066001	大神威	6星大剑 大神威	本身的武器名并不是这个，神威在拿到手以后用十分合手为由替换成了大神威这个滑稽的名字，能够同调所有者并增强其实力。	1061002					
2066002	6	6	6	2066002	2066002	漆黑	6星大剑 漆黑	从某个感染构造体手中回收改装的武器，光是握在手中就能感受到曾经持有者的执念。	1061003					
2073001	7	3	3	2073001	2073001	火箭筒	3星火炮 火箭筒	造价低廉，结构简单但是实用的火箭筒，十分适合单兵携带。	1071002					
2074001	7	4	4	2074001	2074001	螺旋炮	4星火炮 螺旋炮	炮身在射击时会适应弹药进行有规律的自转，能够大幅提升弹药的使用效能。	1071002					
2075001	7	5	5	2075001	2075001	熔岩之柱	5星火炮 熔岩之柱	内藏有一个小型热能炉的试作大炮，在使用的时候还需要注意不要让其过热。	1071002					
2075002	7	5	5	2075002	2075002	开门红	5星火炮 开门红	以爆竹为原型设计的火箭筒，末端的爆竹可以在攻击时装填进炮身一起发射出去，但是每次发射后都需要等待几秒钟让炮身散热。	1071002					
2076001	7	6	6	2076001	2076001	狂乱融合炮	6星火炮 狂乱融合炮	据说是以前反对地球统一政府的反社会分子所使用的武器，不在意可用性，不断往上加载模块后，锻造出这种带狂暴气质的火炮。	1071002					
2076002	7	6	6	2076002	2076002	核基红龙	6星火炮 核基红龙	使用了高能动力装置的手炮。极限状态下其喷射的热焰如同传说中龙族的吐息。	1071003					
2083001	8	3	3	2083001	2083001	双手刀	3星短刀 双手刀	十分常见的匕首，各方面素质都比较普通。	1081002					
2084001	8	4	4	2084001	2084001	切割猎手	4星短刀 切割猎手	刀身在灵活性上花了不少功夫，就算是不会使用短刀的构造体也能十分容易使用。	1081002					
2085001	8	5	5	2085001	2085001	石之心	5星短刀 石之心	材质上使用特别合金的“超重”短刀，虽然小巧但实际破坏力非凡。	1081002					
2085002	8	5	5	2085002	2085002	元夜	5星短刀 元夜	元宵特制匕首，刀身印有特殊的文字，饱含了浓浓的祝福。	1081002					
2086001	8	6	6	2086001	2086001	斩魂者	6星短刀 斩魂者	附有离子振动模式的短刀，能够在刺穿敌人的瞬间破坏缺口部分的构造，不是相当熟练的构造体基本不能驾驭这把武器。	1081002					
2086002	8	6	6	2086002	2086002	镇命者	6星短刀 镇命者	镇命者能够通过刀柄上的按钮让刀刃快速震动，大大增强切割能力，同时刀身中融入了微量放射性元素，使它在攻击的同时，对敌人组成元件造成的穿透性损伤有所提高。	1081003					
2093001	9	3	3	2093001	2093001	制式镰刀	3星镰刀 制式镰刀	常见的镰刀，切割性能优秀。	1091002					
2094001	9	4	4	2094001	2094001	黯淡	4星镰刀 黯淡	在制式镰刀的基础上加上了把手和让刀身能够折叠起来的装置，便于携带。	1091002					
2095001	9	5	5	2095001	2095001	褪色	5星镰刀 褪色	虽然制作时期已经比较久远，以至于刀刃上的涂层都有所褪色，但是并不影响它作为武器的锋利程度。	1091002					
2096001	9	6	6	2096001	2096001	魏紫	6星镰刀 魏紫	魏紫明亮的利刃在攻击的同时会在敌人身上留下浓厚的腐蚀涂层，快速削减感染体的外部装甲，当腐蚀涂层渗透进机体内部时，甚至能造成短暂的短路。	1091002					
2096002	9	6	6	2096002	2096002	圣艾尔摩	6星镰刀 圣艾尔摩	圣艾尔摩采用了导电性极高的合金制作而成，可折叠式的设计使圣艾尔摩更加便于携带，挥舞时能够看到它划过的一道道蓝白色闪光，那是刀刃剧烈放电的特征。	1121002					
2096003	9	6	6	2096003	2096003	伽拉忒亚	6星镰刀 伽拉忒亚	出于对现存兵装的不满，全新的理念构筑出了伽拉忒亚。完美的容器映照着制造者的心灵，将一切纳入己身，传达后者的情感，为所有敌人送去终曲。	1561003					
2104001	10	4	4	2104001	2104001	噬光	4星独域大剑 噬光	经历过无数战斗的大剑，剑刃已经出现了磨损，为了不耽误战斗，随意地用绷带对剑身进行了加固。	1511003		2			
2105001	10	5	5	2105001	2105001	掠影	5星独域大剑 掠影	这是一把质地坚硬的钝刀，刻意未开刃的设计就是为了狠狠地折磨它的敌人，但也因为未开刃的缘故，这把大剑对使用者的能力有着较高的要求。	1511003		2			
2106001	10	6	6	2106001	2106001	塔纳托斯	6星独域大剑 塔纳托斯	剑柄处搭载的机械装置能大幅提升它的切割能力。刀刃处能够产生剧烈的高温，让它能够轻松熔断各种机械结构。为了适用于长时间单兵作战，它还搭载了简易的自动维护装置，拉动扳手即可对剑身进行清洁和修复。	1511003		2			
2114001	11	4	4	2114001	2114001	异端开拓者	4星枪盾 异端开拓者	象征开拓的轨道骑枪，第一种正式投入军用装备的轨道骑枪型装备，搭载了不亚于野战炮等级的炮击威力和强大的格斗性能，	1141003					
2115001	11	5	5	2115001	2115001	RL-03C 黑刺	5星枪盾 RL-03C 黑刺	供特种部队构造体使用，特殊制式的轨道骑枪；弹头内置震荡力场，能在侵入装甲之后分解装甲的结构。	1141003					
2116001	11	6	6	2116001	2116001	冈格尼尔	6星枪盾 冈格尼尔	使用尚在试验阶段的高能释放元件为核心制作的轨道骑枪，被工程师们冠以神枪之名的它必有其当得起这一名号的理由。	1141003					
2125001	12	5	5	2125001	2125001	纯白契约	5星太刀&大剑 纯白契约	东洋武士过去使用的白刀。						
2126001	12	6	6	2126001	2126001	纯白契约·改	6星太刀&大剑 纯白契约 改	东洋武士过去使用的白刀。						
2134001	13	4	4	2134001	2134001	黑铁寒星 陆式	4星独域龙枪 黑铁寒星 陆式	古朴的长枪，巧思凝在暗处，刃锋凛凛生寒。 ——即使只是摆在架上，也教人不由得退开半步。	1521003		2			
2135001	13	5	5	2135001	2135001	归云	5星独域龙枪 归云	鎏金镔铁铸寒章，通天寒刃扫彷徨。 待得天下无干戈，浊酒封油入尘匣。	1521003		2			
2136001	13	6	6	2136001	2136001	青赫	6星独域龙枪 青赫	直刃开天，弯刀辟地。 蜡杆遍体漆黑，不容天地之间一丝杂色。 得吾在手之人——唯君临天下一道。	1521003		2			
2144001	14	4	4	2144001	2144001	崩甲 玖式	4星拳套 崩甲 玖式	根据近战使用者的身体特性进行了特种优化的制式装备。在拳套和目标产生物理接触之后，便会开启增强模式增加打击力。	1161002					
2145001	14	5	5	2145001	2145001	白麟出涧	5星拳套 白麟出涧	搭载了不应该出现在拳套上的动力设计，以不顾后果的设计方针做出来的强力武器。	1161002					
2146001	14	6	6	2146001	2146001	八极	6星拳套 八极	这套武器的技术资料已经遗失，唯一制造它的方式就是借助标准工业蓝图，以精确到微米和纳秒的方式执行操作指令。——当然其威力也让这一切物有所值。	1161002					
2155001	15	5	5	2155001	2155001	四零式战术长枪	5星战术枪 四零式战术长枪	寄叶部队的最新武器。						
2156001	15	6	6	2156001	2156001	四零式战术长枪·改	6星战术枪 四零式战术长枪·改	寄叶部队的最新武器。						
2165001	16	5	5	2165001	2165001	漆黑誓约	5星太刀 漆黑誓约	东洋武士过去使用的黑刀。						
2166001	16	6	6	2166001	2166001	漆黑誓约·改	6星太刀 漆黑誓约·改	东洋武士过去使用的黑刀。						
2174001	17	4	4	2174001	2174001	始	4星增幅器 始	过时而简陋的构造让始显得脆弱不堪，但历经无数岁月的它依旧能起到对机体的增幅作用。	1171003					
2175001	17	5	5	2175001	2175001	冕饵	5星增幅器 冕饵	初代增幅器“始”的改良版本，在原本的基础上对结构进行了加固，并且改良了能量传输回路，使其输出功效大幅提高。	1171003					
2176001	17	6	6	2176001	2176001	奥兹玛	6星增幅器 奥兹玛	增幅器奥兹玛，使用它进行机体增幅时必须提供足够的算力支持，否则很难发挥它的真正功效，甚至会被它的算力消耗拖累而导致机体性能受限。它的增幅涵盖了机体的方方面面，甚至是机体对于帕弥什的抵抗或运用，双刃剑就是它的最佳形容词。	1171003					
2184001	18	4	4	2184001	2184001	子弹蚁	4星枪械组 子弹蚁	根据空中花园军事武器采购合同号SMS-FY-AF-0223标准采购。寰宇重工，质量值得信赖。	1211002					
2185001	18	5	5	2185001	2185001	FA2D-AP	5星枪械组 FA2D-AP	谜样的实验型反器材枪械组合，使用特殊合金铸造枪管以发射特殊的穿甲弹。	1211002					
2186001	18	6	6	2186001	2186001	天平	6星枪械组 天平	枪管的一端是羽毛一般轻的特制箭形弹，另一端是一个不可抗力的结局。	1211002					
2194001	19	4	4	2194001	2194001	序曲	4星独域提琴剑 序曲	我即为始，万物之始。一切音符和咏叹，都在我的身后。	1531003		2			
2195001	19	5	5	2195001	2195001	奥黛特	5星独域提琴剑 奥黛特	闪光的钢刃带动揉紧的琴弦——优雅、轻若无物，力破万钧。	1531003		2			
2196001	19	6	6	2196001	2196001	林中主人	6星独域提琴剑 林中主人	婉转、悠扬而厚重。如林中之风、山雀群起的振翅，和可喜的胜利。	1531003		2			
2204001	20	4	4	2204001	2204001	制式铳刃	4星铳刃 制式铳刃	根据卡拉一型铳刃批量化制造的武器，在威力和成本间找到了微妙的平衡点。	1121003					
2205001	20	5	5	2205001	2205001	卡拉一型铳刃	5星铳刃 卡拉一型铳刃	阿卡狄亚行动时期遗留下来的铳刃，制作工艺早已遗失，如今空中花园仅能进行简单的维护以保证其正常运转。卡拉一型铳刃比起使用，更具有优秀的研究价值，其为空中花园后续其他铳刃的开发提供了优秀的数据模板。	1121003					
2206001	20	6	6	2206001	2206001	阿波罗	6星铳刃 阿波罗	并不是所有构造体都能承受它不断散发的寒意，枪械与刀刃的契合度在低温的淬炼下达到了奇妙的巅峰。枪口宣泄出的能量在涡轮中得到极致的转化利用，驱动着刀刃发出强烈的共鸣。	1121003					
2214001	21	4	4	2214001	2214001	协作者	4星协作子机 协作者	早期由黑野实验室研发制造的初代协作子机，在其外接医疗机的原型上进行了精妙的改造，保留一定程度上平衡使用者意识海作用的同时，将其战力最大化，成为未来协作子机的改进不可或缺的样机。	1221002					
2215001	21	5	5	2215001	2215001	阿尼姆斯	5星协作子机 阿尼姆斯	阿西莫夫基于大量实验得到的数据模板研制而得的协作子机。在初版子机的基础上，阿尼姆斯能做到的不仅是平衡意识海，更能与使用者共享意识海。无论是具备多种战斗模式的协作子机，还是作为战力补充、性能优秀的光束炮，通过阿尼姆斯特殊的外链方式，二者都能在战斗中与使用者达成高度默契，成为使用者身躯的一部分。如此浑然天成......如同最美丽而巧妙的武器。	1221002					
2216001	21	6	6	2216001	2216001	呼噜	6星协作子机 呼噜	拥有着最为超前的构造体意识海外链技术，与可作用于独立战术分析的强大算力的协作子机。唯有当“他”为那名白发构造体所用时，才能完全发挥出“他”极致的性能。如同战场上封喉的那一颗子弹，斗兽场最具爆发力的狂兽；当你在沙场中看见“他”，会怀疑自己是否注视着一个为战斗而生的灵魂。	1221002					
2224001	22	4	4	2224001	2224001	拓荒	4星独域链刀 拓荒	过去部分地区开拓荒地时使用的武器，结构简单，功能多样，但想要熟练掌握它的锁链功能并不容易。	1541003		2			
2225001	22	5	5	2225001	2225001	纷繁玫瑰	5星独域链刀 纷繁玫瑰	没人知道它枪口下一秒喷出的是带来死亡的子弹还是愚弄他人的鲜花，亦没人知道它链刀上醒目的红光是威胁的警告还是对危机即将到来友善的提醒。这把畸形的武器就和它诡变多端的使用者一样被迷雾笼罩，让人分辨不清它真正的行动。	1541003		2			
2226001	22	6	6	2226001	2226001	杜兰德尔	6星独域链刀 杜兰德尔	杜兰德尔早已遗失在黄金时代漫长的历史之中，传闻它的锋刃可以贯穿世间万物，它的准星可以让敌人无所遁形。永不磨灭的杜兰德尔将伴其使用者战斗至生命的最后一刻，为守护之人献上最为绝对的忠诚。	1541003		2			
2234001	23	4	4	2234001	2234001	长旒旗枪	4星旗枪 长旒旗枪	科学理事会开发的原型武器之一，为什么科学理事会会产生要在战场上选用旗枪这般张扬的武器的原因尚不明朗。不过仔细一想，这也可能是这类型武器最终并没有被议会认可投入量产的原因之一吧。	1131003					
2235001	23	5	5	2235001	2235001	绯煌骑士	5星旗枪 绯煌骑士	带着砂金一般飘尾的改造型旗枪，为了表达其性能优于原型。武器设计师别出心裁地部分改变了其旗帜的部分设计，让其在众多原型旗枪之中显得鹤立鸡群。	1131003					
2236001	23	6	6	2236001	2236001	不死鸟	6星旗枪 不死鸟	这面旗枪经过多次试炼和残酷战场的毁损，但记忆金属和自修复结构让它始终光洁如新，恍若崭新出库，其永远挺立的样子让人隐隐联想到某位不死的传奇构造体。又抑或，所谓的‘记忆金属和自修复结构’只是一个善意的谎言，真相是每天都有科学理事会的助手潜入整备室，用新的旗枪换下了旧的？	1131003					
2244001	24	4	4	2244001	2244001	天启	4星权杖 天启	不断旋转的光轮大大增强了天启作为武器的输出效率，这一设计也因此被之后各种型号的权杖沿用。	1031004					
2245001	24	5	5	2245001	2245001	双极星间	5星权杖 双极星间	外挂组件时刻围绕着中心旋转，其间放射出的光芒亦如极星般闪耀。	1031004					
2246001	24	6	6	2246001	2246001	赫斯提亚	6星权杖 赫斯提亚	朴素的着色，简单的结构，却承载着远超常规的能量。关于它的记录稀少而朦胧，只因大道至简，无需赘余的修饰与注解。当你见到它时，一切便已明了。	1031004					
2254001	25	4	4	2254001	2254001	基准调式	4星笛剑 基准调式	音符的律动以我为基，万物的变化尽在耳畔。	1531004					
2255001	25	5	5	2255001	2255001	那不勒斯的独奏	5星笛剑 那不勒斯的独奏	黑色的笛身内敛深沉，心底藏起了所有的天真，当魔法尽数消失殆尽，她用剑守护起最后的责任。	1531004					
2256001	25	6	6	2256001	2256001	萨拉斯特罗	6星笛剑 萨拉斯特罗	笛身纯白如雪，点缀着旭日的金辉，这是在隆冬尽头初升的太阳，象征着春意的重生。	1531004					
2264001	26	4	4	2264001	2264001	灰钢	4星回旋龙厄 灰钢	材料采用了最新的合金工艺，虽然性能卓越，却也有着远超制式武器的重量。	1551003		2			
2265001	26	5	5	2265001	2265001	霜尺	5星回旋龙厄 霜尺	刃口一反传统采用了直刃设计，为了增加武器整体的稳定性，设计师添加了额外的金属扣锁。	1551003		2			
2266001	26	6	6	2266001	2266001	无隅	6星回旋龙厄 无隅	该设计出自某位舞姬之手，或许正是因为这样，这把武器在外观上更像是表演用的道具。	1551003		2			
2274001	27	4	4	2274001	2274001	怒飙	4星超电锯 怒飙	采用制式合金材料打造的量产锯片组件，便宜、大只、实用，多快好省。	1051004					
2275001	27	5	5	2275001	2275001	红移	5星超电锯 红移	改进设计的锯片组件增加了上翘刀头和加强锯片，使得整机更加厚重。在使用者的强烈要求下改进了个性化涂装，一切以“酷”为终极目标。	1051004					
2276001	27	6	6	2276001	2276001	聚爆	6星超电锯 聚爆	七实亲自设计的最新超电锯方案，采用了更为复杂的接合结构和相当亮眼的涂装。由能量核心的急剧升温驱动锯片，爆发力达到顶点。	1051004					
2284001	28	4	4	2284001	2284001	试作型重破锤	4星重破锤 试作型重破锤	从一种工程设备改装而来的奇特武器，主要是用于探索新的武器方向。为了补足攻击范围的过近的缺点特意增加了远程火力。	1071004					
2285001	28	5	5	2285001	2285001	绝境破碎者	5星重破锤 绝境破碎者	将试作型装备收集的数据与使用者的意见反馈结合。新武器比起原型更加偏向战斗使用。微调了握持点、增加功率，修正弹道……改进的地方成百上千，而诞生的作品足以破碎对于它的质疑，以及面临的绝望。	1071004					
2286001	28	6	6	2286001	2286001	暗寂闪光	6星重破锤 暗寂闪光	暗寂闪光的研发足以改变空中花园的武器研发流程。无论是颠覆性的功能型外观，还是一切为了最大的杀伤效能的理念。甚至是使用者卡列尼娜亲自前往武器设计局强烈要求解除安全措施等事件。而研发最终的成果，一定能够如同使用者卡列尼娜所说。“将一切挡路的敌人砸飞到宇宙尽头。”	1071004					
2294001	29	4	4	2294001	2294001	全村的希望	4星释能剑 全村的希望	“冒险者即将踏上旅程时被托付的武器，一般来说都是全村的希望吧？不觉得这个名字很合适吗？一想到接下来是赌上全村的希望在战斗，就觉得心中充满了勇气。”	1571003		2			
2295001	29	5	5	2295001	2295001	高频粒子刀	5星释能剑 高频粒子刀	空中花园改良了旧设计图存在的性能问题，选用强韧的材料重新制作了这把释能剑。“高频粒子刀”这个名字是诺安自己起的，似乎是源自于某部他看过的漫画。 “这名字起得很好，下次别起了。”——武器设计H	1571003		2			
2296001	29	6	6	2296001	2296001	普罗米修斯	6星释能剑 普罗米修斯	空中花园武装研发部门再次改良设计图后制造的释能剑，升级了制作材料，能与副手那把陈旧的长剑形成完美搭配。但它在性能全面升级后，反而会受到旧设计限制，时常需要保养和维护——而诺安的做法是锤它两下。	1571003		2			
2304001	30	4	4	2304001	2304001	薄暮幻象	4星剑杖 薄暮幻象	可展开的变形剑格功能赋予了这把武器灵活的战斗风格，灰暗的配色其貌不扬，却隐藏着惊人的能量。	1041004					
2305001	30	5	5	2305001	2305001	极夜	5星剑杖 极夜	配合最新的特化机体而改造了剑刃与剑身的结构。涂装也被漆成更为通透的黑色。存储在剑中的能量借由剑刃释放之时，世界仿佛陷入永恒的极夜之中。	1041004					
2306001	30	6	6	2306001	2306001	赫卡忒	6星剑杖 赫卡忒	黑野科技的最高结晶之一。优雅与狂野的完美结合。当那名执行者以祈祷般的姿态挥舞此剑之时，就像神话中多面的岔路女神降临——为盟友送来胜利，为敌人献上终曲。	1041004					
2314001	31	4	4	2314001	2314001	无心利刃	4星螳螂刃 无心利刃	只是一把刀刃，刀刃当然没有心，刀刃只需要能够被使用就足够了……不是吗？	1231002					
2315001	31	5	5	2315001	2315001	彗星之锋	5星螳螂刃 彗星之锋	一把内置可变型刀刃的复合型型武器，使用最新的分子动力学技术，银色刀锋弧度更加流畅，散发出微微的蓝色光芒。	1231002					
2316001	31	6	6	2316001	2316001	静谧人形之声	6星螳螂刃 静谧人形之声	空中花园研发出的新一代特级武器，在减轻结构重量的同时，利用氩蒸汽真空冷凝技术反复强化刀锋韧性和锐度，达到一般金属都无法达到的刀刃强度，因反复锻打和淬火，它的刀锋几乎化为蓝色暗芒，挥舞时似有无形光线牵扯使用者，以人形之力带来静谧无声的死亡。	1231002					
2324001	32	4	4	2324001	2324001	试作型复合兵装	4星复合兵装 试作型复合兵装	复合兵装的试作版，可以根据战斗情况适时覆盖近程、中程、远程射击需要。为了防止相对脆弱的换形构件成为弱点，所用材料都经过了超电磁强化，确保兵装在切换形态时绝对顺畅。	1011004					
2325001	32	5	5	2325001	2325001	核子熔断·δ	5星复合兵装 核子熔断·δ	通过空中花园军事武器开发特别批准，搭载了实验性δ射线基核作为能量核心的复合兵装。这是如此体量的δ射线首次直接应用于武器之上，因此需要使用者有能力把握δ基核输出能量与瞬时冷却的节奏。	1011004					
2326001	32	6	6	2326001	2326001	时隧之钥-斯托克斯	6星复合兵装 “时隧之钥”-斯托克斯	人类需要能够对抗时代的希望。为了让那台特化机体及其专用配备符合定位，寰宇重工、武器设计局和使用者里进行了多次联合讨论。在额外搭载了辅助使用的战术AI后，这把武器可以说是在各个维度上都延展到了临界值。“不需要为使用条件妥协。我不会让任何差错出现。”	1011004					
2334001	33	4	4	2334001	2334001	试作型“画笔”	4星光束铳枪 试作型“画笔”	以多功能画具为最初开发目的而研制出的意外产物。在添加了各种各样的方便功能后，成功在科学理事会的武器测试上拿下绝佳成绩。	1091003					
2335001	33	5	5	2335001	2335001	二重虹光	5星光束铳枪 二重虹光	改进后的光束铳枪为了适配艺术协会研究的最新机体，在各项参数上都进行了精心的调整。应本人的强烈要求，绘画机能得以保留，如今已成为艾拉最趁手的画笔之一。	1091003					
2336001	33	6	6	2336001	2336001	星海漫游者	6星光束铳枪 星海漫游者	经历了严格最终调试的艾拉专用光束铳枪。听取了众多构造体的建议与灵感，聚集了大家的心意与才思而得以完成的梦幻武装。	1091003					
2344001	34	4	4	2344001	2344001	迅羽	4星封刃太刀 迅羽	由两柄长短太刀组成的特制武装，兼具灵活轻巧的风格与凶兽般的锋利。	1021005					
2345001	34	5	5	2345001	2345001	绯霆	5星封刃太刀 绯霆	糅合了升格网络的力量，具备斩断雷霆之势的名刀。刀风宛如赤色的疾电，以汹涌的气势将一切敌人吞噬殆尽。	1021005					
2346001	34	6	6	2346001	2346001	夜煌	6星封刃太刀 夜煌	由未知的物质锻造而成，只供一人使用的太刀组。当刀鞘中储存的能量随着拔刀释放之时，仿佛从黑夜中撕开一道属于破晓的曙光。	1021005					
2354001	35	4	4	2354001	2354001	雨断	4星折扇 雨断	利用机械教会技术强化改造之后的扇子。金丝玉线，旃檀为骨，颇具九龙风韵。	1241002					
2355001	35	5	5	2355001	2355001	风回	5星折扇 风回	根据使用者的需求，额外增加了特殊装饰设计，比起武器，它更像是某种舞蹈道具，挥舞间会溢出盈盈光彩。但最好不要因此小觑它的威力，当它在战场上被展开时，才是真正的一舞动四方。	1241002					
2356001	35	6	6	2356001	2356001	今古	6星折扇 今古	以特殊金属打造扇面上的锋刃，在原有设计图基础上加强了扇子的武器作用，却也因此让这把武器光芒愈盛，起手转折间皆璀璨生辉，愈发夺目。在设计稿完成之后，蒲牢偷偷跑来，在大骨上耐心地加上一朵花。	1241002					
2364001	36	4	4	2364001	2364001	噬雷	4星爪刃 噬雷	参照掠食动物的爪子设计的切割类武器。由于使用方式大幅度偏离人类战斗的思维，因此只有寥寥无几的构造体得以适配。	1221003					
2365001	36	5	5	2365001	2365001	三重奏	5星爪刃 三重奏	为适配21号充满野性的战斗风格而设计的专属武装。三根强化后的能量爪刃能轻松撕毁一切障碍。	1221003					
2366001	36	6	6	2366001	2366001	玛纳加尔姆	6星爪刃 玛纳加尔姆	如同寄宿着一头凶恶猛兽，一旦挥舞便会发出刺耳嗥叫的爪刃。刀刃闪烁着冰冷的光芒，像是一只离群的孤狼，正借着破碎的月光研磨利爪。	1221003					
2374001	37	4	4	2374001	2374001	黄金之心	4星机械臂 黄金之心	以特殊合金铸造的超固体锻层组装，能承受高温高压的机械臂。关于构造体武器性的问题，这件武器本身就是最好的回答。	1251002					
2375001	37	5	5	2375001	2375001	FPT-II改	5星机械臂 FPT-II改	采用红黑配色，流线型的外壳设计的机械臂。应武器使用者的要求加装了额外的排气和整流系统，以此最大限度地发挥这副武器的性能。	1251002					
2376001	37	6	6	2376001	2376001	赤红咆哮	6星机械臂 赤红咆哮	工程学和暴力美学结合的极致，诺克提本人认为最“趁手”的武器。在这副机械臂里流淌着的费米子，反复地在微观层面制造着湮灭，即便是静止不动，也能听到那来自红色核心深处的轰鸣与咆哮，那诉说着爆燃和毁灭的渴望。不过诺克提自己并不在意这些，只要武器足够猛就够了。	1251002					
2384001	38	4	4	2384001	2384001	环礁	4星异刃戟 环礁	设计灵感源于海边的礁石。不规则的刃身让招式变幻莫测。很少有人能使用好这把武器。	1271003					
2385001	38	5	5	2385001	2385001	逆行交点	5星异刃戟 逆行交点	阴云密布，暴雨倾盆，刀光划破雨幕，显出武器真容——银白色涂装，轻薄的刃身，但没人会怀疑它的优雅与致命。	1271003					
2386001	38	6	6	2386001	2386001	墨提斯	6星异刃戟 墨提斯	拉弥亚在亚特兰蒂斯看过一些书籍，书上说海神的武器是三叉戟，持有三叉戟的人可以拥有统领大海的力量，甚至可以带回海中的死者。当然传说只是传说，拉弥亚只是从海中捡起破旧的武器，利用帕弥什的力量把它改造成了现在的样子。	1271003					
2395001	39	5	5	2395001	2395001	黑岩巨炮	5星刃炮 黑岩巨炮	能够在一秒内发射出20发岩石子弹，也能变换成巨大剑刃的形态。	1281002					
2396001	39	6	6	2396001	2396001	★黑岩巨炮	6星刃炮 ★黑岩巨炮	如岩石一般的外表和构造——就像它的主人一样来历不明。	1281002					
2404001	40	4	4	2404001	2404001	漆色渡鸦	4星拓刀 漆色渡鸦	新型的军用复合金属的又一次验证，保证韧性和强度的情况下，将武器的重量降到最低，泛用性极强。	1081004					
2405001	40	5	5	2405001	2405001	苍白羽赫	5星拓刀 苍白羽赫	更换单分子振动刀片后，作战效能提高显著，代价是放弃部分武器稳定度，换句话说，这变相增加了对使用者握力的要求。为了弥补这个缺憾，握把处的重新设计也是亮点之一，通过贴合人体工学的设计，能够尽可能减少挥舞武器时产生的不必要抖动。	1081004					
2406001	40	6	6	2406001	2406001	暗夜猎隼	6星拓刀 暗夜猎隼	最大程度强化武器的杀伤威力，又要适用于不同的作战环境，最好的办法是让使用者背上四把乃至五把不同的武器吗？当然不是，而是将这些武器融为一体。这是史无前例的多功能多形态设计，造价高昂，使用逻辑复杂，没有量产可能，只赋予强者。	1081004					
2414001	41	4	4	2414001	2414001	翠墨雀凌	4星长剑 翠墨雀凌	采用新式合金打造的长剑，剑锋锐利而剑身修长，配色主要为简黑与墨绿，依据图纸设计的量产型武器。	1521004					
2415001	41	5	5	2415001	2415001	鸿浩锋羽	5星长剑 鸿浩锋羽	拥有极致华美的外表，光是剑身的花纹雕琢就具备足够的复杂度。刻意为之的结构设计能够完美平衡灵活性与杀伤力，是专为君王打造的武器。	1521004					
2416001	41	6	6	2416001	2416001	铭钥阙影	6星长剑 铭钥阙影	此剑铸金为刃合玉为骨，经三家名匠手，取其华而集其长。采先进制动机关，可开关切换形态，攻则迅疾威猛，如罡风凌草。                                                      ——不只是适配王者的武器，更是一柄通往万世铭的钥匙。	1521004					
2424001	42	4	4	2424001	2424001	PESW-II改	4星战术耳机 PESW-II改	试作型军用耳机，搭载了第二代通讯协议框架，在高速运算和电子攻防方面具有相对优势，拥有可靠的续航能力，能够适应不同的作战场合。	1291002					
2425001	42	5	5	2425001	2425001	白夜噪点	5星战术耳机 白夜噪点	采用第三代通信协议架构的便携式计算机，不仅能作为电子战的战术终端，同时拥有高规格的防火墙。除此之外，正如它的外形所示，本身是真实的头戴式耳机，搭载了军用级别的单元，负责音频分析之余，也实时监测环境情报，麻雀虽小，五脏俱全。	1291002					
2426001	42	6	6	2426001	2426001	骇客锐音	6星战术耳机 骇客锐音	加装了增幅型干涉装置和微型主动雷达，能对靠近的目标进行侦测和追踪，并对可疑讯号进行记录。高速信道和拟态防火墙确保了武器的攻防一体，兼顾电子战效率的同时，又消除了近距离作战时的情报误差。无论从哪个方面看，都远远超出设计初衷，与它可爱的外观相去甚远。	1291002					
2434001	43	4	4	2434001	2434001	再临	4星月轮 再临	这是一份跨越了无数逆境，从红潮中凝聚而成的全新力量。它的形态虽然还尚显稚嫩，但是已经初具了能让整个世界都为之动摇的锐光。	1171004					
2435001	43	5	5	2435001	2435001	黯月摧朽	5星月轮 黯月摧朽	推枯折腐，朽燃木生。只有绝对的毁灭才能带来真正的新生，而任何人都无法阻拦变革的脚步已经到来——她从不畏惧变化带来的代价。	1171004					
2436001	43	6	6	2436001	2436001	律条重塑	6星月轮 律条重塑	无论是怎样的法则，都将不能成为它的枷锁。将所视之物全部崩毁，重构，然后又一瞬间在掌中捏碎，如同孩童搬弄积木一样的随心所欲正是它力量的真实姿态，一切的律条都要在指尖抬起的瞬间尽数重塑。	1171004					
2444001	44	4	4	2444001	2444001	标准型战术旋棍	4星战术旋棍 标准型战术旋棍	专门为支援部队研发，无比注重稳定性的标准型量产标准武装。兼具简单易懂的使用方式和任何人都能轻易操作的便捷结构，使得它可以适用于大部分救援行动。	1301002					
2445001	44	5	5	2445001	2445001	不毁玓光	5星战术旋棍 不毁玓光	在标准型战术旋棍成功的设计经验上，进一步精准控制成本后迭代出来的特化型武装。旋棍内部装载的能量护盾系统经过了成百上千次压力测试，以确保它在各种极端环境下都能为使用者抵挡住致命一击。	1301002					
2446001	44	6	6	2446001	2446001	塞斯特斯	6星战术旋棍 塞斯特斯	空中花园的武装研发部门在得到了充足预算后，自信满满地交出的诚意之作。在这件武装上使用了大量先进而精巧的工艺，以确保它能应对任何重压的考验。同时，它也是一件强大的凶器，其中蕴含的强大破坏力足以把任何斗胆挡在前面的敌人化为齑粉。	1301002					
2454001	45	4	4	2454001	2454001	塞上秋	4星琵琶 塞上秋	九龙记载中有一首名词，叫作《明妃曲》。马上琵琶行万里，汉宫长有隔生春——当黄沙将断弦都埋没，再至梅子黄时，却无人再看红了樱桃，绿了芭蕉。	1241003					
2455001	45	5	5	2455001	2455001	月上海棠	5星琵琶 月上海棠	怀抱碧春来，盈如鹊踏枝。上弦惊楼月，下弦满棠边。静待夜中，一曲《霓裳》惊九天。	1241003					
2456001	45	6	6	2456001	2456001	鹏游蝶梦	6星琵琶 鹏游蝶梦	黄粱缥缈，庄生梦蝶，眼前景色究竟是真实存在着，亦或仅是镜花水月、空中楼阁。蝶随音起，梦由心生，待弹奏完词的这一阙，再去深究苦乐与虚实吧。	1241003					
2464001	46	4	4	2464001	2464001	落膛之时	4星左轮手枪 落膛之时	被特意强调了不要出现过于复杂的装饰设计，因为携带的时候会很麻烦，最最重要的是——会影响万事随时随地可能出现的就地休眠。	1211003					
2465001	46	5	5	2465001	2465001	故魂永息	5星左轮手枪 故魂永息	秉持“命中的前提是找到良好的视距”这一原则，拥有不输狙击枪的高精瞄准性能。使用者对它寄予了别样的期望，希望能做到像某个远古时代的传说之物那样，不止是捍卫生者的平安，更能保护已死魂灵在通往永生的路上不受伤害，愿逝者安息。	1211003					
2466001	46	6	6	2466001	2466001	明瞳续昼	6星左轮手枪 明瞳续昼	经过多次测试调整后保证了极致的枪弹速度，又按万事的建议加强了无人机的辅助性能，在快速出击的同时也保证了火力的精准爆发。被追问原因时，他的回复是因为不想出现速度和力量缺失其一的状况，避免遗憾重演。	1211003					
2474001	47	4	4	2474001	2474001	试作型LB-疾光	4星光纹太刀 试作型LB-疾光	根据军部最新订单制作的试作型兵器，刀茎嵌有光纹核心，外壳刃体由高熵合金打造，削铁如泥。原用于测试光纹技术的强度支撑阈值，因成品质量远超预期，正式服役列装。	1021006					
2475001	47	5	5	2475001	2475001	雾隐冥光	5星光纹太刀 雾隐冥光	经历了无数的生死鏖战，少女将每场战斗目睹到的技艺都铭记于心，每次挥刀时，那些来自历史的回响便会提醒着她：属于她的战斗仍将继续，为了那些仍在战斗的人，为了那些无法再战斗的人。	1021006					
2476001	47	6	6	2476001	2476001	拂晓炎翎	6星光纹太刀 拂晓炎翎	灰扬烬燃，金乌涤暗。不论深渊如何晦暗，红莲之火依旧会盛放破晓的辉光，不论未来的路上有着怎样的阻碍，少女也一定会乘着希望振翅凯旋，就像她约定的那样。	1021006					
2484001	48	4	4	2484001	2484001	夜行罗刹	4星动力臂组 夜行罗刹	以军用机械臂为基础试制的新型兵器，采用超固体锻层工艺，适应多种作战环境，显著提升了单兵技战术上限。不论是军事作战，亦或是民间商用，该技术模型都有着广阔的前景。	1311002					
2485001	48	5	5	2485001	2485001	祓世御雷	5星动力臂组 祓世御雷	“往古有夜，风高絮舞，云霭蔽月，魑魅夜行。忽闻惊雷破雾，有权现驾电而来，着袈裟锡杖，飒沓杖鸣，霍闪刹那，有如万军铁骑，邪魅皆散。是为祓世御雷，于兹迄今，传颂不衰。”——《御园志异抄》	1311002					
2486001	48	6	6	2486001	2486001	擎殛明王	6星动力臂组 擎殛明王	薄冰陌路，踽踽独行，归乡人背负着岁月枷梏，如一萍孤舟，再行至迷宫尽头。阔别千秋，花香馥郁依旧，万华虚实陆离，这一次，她抓住了刹那电光，降下万钧霆霓，糜灭万般幻孽。	1311002					
2494001	49	4	4	2494001	2494001	试作型盾斧 ZL-07	4星盾斧 试作型盾斧 ZL-07	采用制式合金材料打造的盾斧，攻防兼备，实现了多形态自由切换，但因重量问题没有被批准量产。	1051005					
2495001	49	5	5	2495001	2495001	ZL-09改 辉扬	5星盾斧 ZL-09改 辉扬	白金配色与它战斗时迸发的辉光，一如黄金时代机甲动画的辉煌色彩。去战场上举起“辉扬”，去开拓另一条尚未褪去光芒的道路吧。	1051005					
2496001	49	6	6	2496001	2496001	隧星盛耀	6星盾斧 隧星盛耀	完美复刻少女天马行空想象的传奇神武，每个部件都可以延伸出一套闪瞎人眼的组合技。它的目标是斩断一切无聊的东西，比如孤独与悲伤，即便是“不可更改”的命运，也必将被它斩裂。	1051005					
2504001	50	4	4	2504001	2504001	未元探钥	4星钥杖 未元探钥	用以穿越未知空间的钥型探测仪，该原型机可以使用几乎无法达到的算力探索不可观测宇宙。	1321003					
2505001	50	5	5	2505001	2505001	寰映星键	5星钥杖 寰映星键	在不断膨胀的宇宙中，它触碰着光也无法抵达的领域，这把“钥匙”承载着难以统计的信息，如倒影映射着寰宇间的一切灭亡和新生。	1321003					
2506001	50	6	6	2506001	2506001	伊始与终焉之权	6星钥杖 伊始与终焉之权	终点本身也已经穷尽，尘埃从诞生到归于湮灭，这柄权杖如命运本身一般无法预测，它所创造和毁灭的界限已无法根据空间和时间尺度进行判断。	1321003					
2514001	51	4	4	2514001	2514001	瑰夜绮影	4星月伞 瑰夜绮影	外观设计参考了黄金时代某知名犯罪电影中女主角的手持伞刃。在战斗上具备一定的实用价值，但过于笨重的伞柄使它只能陈列于收藏家的展柜之中。	1331003					
2515001	51	5	5	2515001	2515001	璃昼谜魇	5星月伞 璃昼谜魇	相较于前作，低密度材料制成的伞柄使其成为了真正意义上的“武器”。为昭示工艺的迭代升级，伞面也被替换为了低调的半透明白色。	1331003					
2516001	51	6	6	2516001	2516001	繁宵蜃景之哀	6星月伞 繁宵蜃景之哀	在莉莉丝通过的试炼后，由升格网络辅助重构的武器。奢华的铂金纹饰上附着高浓度帕弥什镀层，使其成为优雅而犀利的杀敌道具。	1331003					
2524001	52	4	4	2524001	2524001	凝诗	4星弦剑 凝诗	由科学理事会设计的试作型弦剑，配套的压制装置也兼具入门级乐器的功能。当弦剑被当作琴弓拉起的时候，战场上便会响起一股清澈的萦鸣。	1531005					
2525001	52	5	5	2525001	2525001	月桂之冠	5星弦剑 月桂之冠	由科学理事会打造的升级型弦剑，强化了能和压制装置配合，作为“指挥棒”使用的合奏机能。当每次弦剑顶端的流光在空中划过，压制装置便会跟随使用者的命令演奏出交响乐团般的和声。	1531005					
2526001	52	6	6	2526001	2526001	奥菲厄斯的摇篮	6星弦剑 奥菲厄斯的摇篮	由艺术协会和科学理事会联合开发，以“献给将终生奉献给艺术之人”为概念打造的武器，但此武器在制作工艺和设计上和普通乐器并没有太大的区别。唯一的决定性差异便是，它使用了大量的惰性贵金属，保证即使在百年后，千年后，也能如今天一样发出清澈明亮的音色。	1531005					
2534001	53	4	4	2534001	2534001	泛用型MK-2	4星聚能剑炮 泛用型MK-2	由莱博维茨公司设计制造的泛用型聚能剑炮，被广泛配给到武装人员手上。	1341002					
2535001	53	5	5	2535001	2535001	翩行潜夜	5星聚能剑炮 翩行潜夜	由泛用型迭代而成。具备卓越的输出功率，并搭载了称得上是不计成本的智能瞄准模块。显然，莱博维茨认为使用者值得他们“支付”这个代价。	1341002					
2536001	53	6	6	2536001	2536001	终局裁决者	6星聚能剑炮 终局裁决者	由矩阵的算力辅助生成。即便日常仅以不到10%的功率输出，它依旧具备极其骇人的破坏力。没有敌人看到过它完全充能的样子，只因目睹接口聚能的下一个瞬间，他们便已成为了枪下亡魂。	1341002					
2544001	54	4	4	2544001	2544001	炽陨	4星双刃枪 炽陨	设计者参考了黄金时代古典故事中关于武神的传说，是少见的兼顾外观优雅和极致动能的良好适配方案，并能灵活适配不同的战场条件，迅速切换为长枪和双刀模式，让使用者可以兼顾近战远程的多样性要求。	1131004					
2545001	54	5	5	2545001	2545001	灼夜	5星双刃枪 灼夜	根据使用者的要求，设计者极大地强化了该武器的蓄能模块，并再次调节了握持部分和攻击部分的配重比。	1131004					
2546001	54	6	6	2546001	2546001	烬劫归墟	6星双刃枪 烬劫归墟	基于此前数次实战中的战场统计数据的卓越性，相关部门追加了比此前更多的预算，再度大幅升级了武器的外观涂装和充能模组，在该武器完成最终调试的那天，设计师如释重负地打开了一罐全糖的冰镇可乐。	1131004					
2555001	55	5	5	2555001	2555001	阎魔刀·影打	5星阎魔刀 阎魔刀·影打	与阎魔刀外观相似的宝刀，虽不具有阎魔刀分离一切的威力，但依然能够将眼前的敌人轻易斩断。	1351003					
2556001	55	6	6	2556001	2556001	阎魔刀	6星阎魔刀 阎魔刀	这是一柄强大的宝刀，可将恶魔与人分开。传言说这是维吉尔的父亲留给他的纪念物,也是他力量的来源。	1351003					
2565001	56	5	5	2565001	2565001	猎魔大剑	5星魔剑 猎魔大剑	仿制魔剑但丁制作的大剑，外形极其相似，制作时加入了蕴含魔力的材料，可以将火焰的力量增强。	1361003					
2566001	56	6	6	2566001	2566001	魔剑但丁	6星魔剑 魔剑但丁	是但丁使用自己的力量令武器相合，还是叛逆之刃自行所为，暂时还没有确定的答案，但无论如何，这柄魔剑已经是一把新的武器。	1361003					
2574001	57	4	4	2574001	2574001	殛罪	4星蛇腹剑 殛罪	可变形的剑身设计赋予了武器强大的性能，虽为泛用级量产型武器，但威力不容小觑。	1041005					
2575001	57	5	5	2575001	2575001	涤光裂夜	5星蛇腹剑 涤光裂夜	变形后的剑身每一格都可作为独立作战单元运转，在越严苛的作战条件下，它蕴含于其中的惊人性能越能体现得淋漓尽致。	1041005					
2576001	57	6	6	2576001	2576001	奥罗拉	6星蛇腹剑 奥罗拉	光洁，修长而优雅的外形，与致命，危险又压倒性的威力，在这件武器上达到了完美的平衡。当比安卡第一次将它握在手心的时候，其剑芯亮起的辉芒让人有如看到了天际初升的霞光。	1041005					
2584001	58	4	4	2584001	2584001	离裂	4星剪刀 离裂	按斜奏的要求保留了较为朴素的设计，没有添加过多装饰。熟悉的外形令她想起回忆中曾使用过的普通手剪，布料绵软柔和的触感仿佛还存于指尖——她仍记得那段缝剪衣物的平淡之梦。	1371002					
2585001	58	5	5	2585001	2585001	断脊	5星剪刀 断脊	在研发中以流畅度为第一导向不断优化，最终达成目前的绝佳效果。	1371002					
2586001	58	6	6	2586001	2586001	噬铰骨殇	6星剪刀 噬铰骨殇	稍显独特的配色是设计者最为满意的部分。“简洁干练又不失锋利！正是这样的设计才最完美。标新立异也没什么不好，不在意别人的眼光才能坚持做自己。”	1371002					
2594001	59	4	4	2594001	2594001	刺烬	4星骑枪 刺烬	比武用的角逐骑枪看起来华丽，其实用的是类似翼骑兵所使用的空心骑枪结构，手感兼顾沉稳和配重协调。	1381003					
2595001	59	5	5	2595001	2595001	辉穹	5星骑枪 辉穹	根据使用手感，大幅修改了重量和能量传导率。即使能够保持住平衡，骑枪本身沉重的重量仍是一个严苛的事实。想要驾驭好这种重骑枪，就必须进行更多的实战。	1381003					
2596001	59	6	6	2596001	2596001	怒霆敕天	6星骑枪 怒霆敕天	历经千百鏖战完成的究极体骑枪。能够让使用者高高跃起在空中，并在最高点改变自身姿态，利用自身的重量增加俯冲时的力量。	1381003					
2604001	60	4	4	2604001	2604001	试作型镜轮MW-03	4星悬浮镜轮 试作型镜轮MW-03	在丽芙新机体的基础上制作，将极昼机体使用的权杖迭代为悬浮的核心，同时在核心周围增添了可操控的飞刃。工程部队将这种试作新型武器命名为“连旋飞刃”。	1031005					
2605001	60	5	5	2605001	2605001	苍染之莲	5星悬浮镜轮 苍染之莲	连旋飞刃的完全版，增强了核心与使用者之间的链接，同时为飞刃实现了极致的轻量化，优化了远程与中近距离切割两种模式之间的衔接。	1031005					
2606001	60	6	6	2606001	2606001	空境悬海的涟漪	6星悬浮镜轮 空境悬海的涟漪	空中之莲，莲中之海，海上涟漪。将万千思绪揉碎在深邃的水镜中，被少女捧在手心，牵引起舞。	1031005					
2614001	61	4	4	2614001	2614001	月壤踏步	4星数码战靴 月壤踏步	苍白土壤，白色宇航员，于月壤上留下脚印。我们选择登月，非因其易，但因其艰。	1291003					
2615001	61	5	5	2615001	2615001	空岛电音	5星数码战靴 空岛电音	亮片灯球，喧闹街机，当啷游戏币。机械布偶，红白摇杆，蓝黑色秘密。空中童话，磁力电子乐，少女行徙在散场后的电音节。	1291003					
2616001	61	6	6	2616001	2616001	霓虹穿梭机	6星数码战靴 霓虹穿梭机	透明手柄，摇晃糖罐，气鼓鼓的粉色泡泡糖。踩踏飞行器，穿梭红蓝森林城市大厦，今夜放送第七大道最佳节目，欢迎收听布朗尼深夜电台。	1291003					
2624001	62	4	4	2624001	2624001	余震战戟	4星辉光战戟 余震战戟	早期机械战戟，内置小型能量核心，攻击时因机械共振产生“余震”效果，适配中近距离冲锋与压制，但本身没有多少合适的使用者，只有一小部分样品保留了下来。	1141004					
2625001	62	5	5	2625001	2625001	幻象型光戟	5星辉光战戟 幻象型光戟	彻底放弃人型适配性设计，戟身出力大幅提升，能量波动剧烈。因负荷远超常规武装上限，普通构造体意识海难以承受，仅极少数特殊构造体能稳定驾驭。	1141004					
2626001	62	6	6	2626001	2626001	幻象戟·统合	6星辉光战戟 幻象戟·统合	马尔库特专属配套的战术级武器，以“幻象型”为基底深度改装，完美适配机体机能。武器本身可作为统合阵列的核心支点，衔接仿生鲸等机械单位的能量链路，稳定区域内的统合效果。	1141004					
2634001	63	4	4	2634001	2634001	止殇	4星裁决镰刃 止殇	造型借鉴了神话中死神的武器，设计过程中更加入了渡鸦的变形要素。镰刃的研发工作，直到原型武器出厂前，都被视为不可能完成的任务。	1391003					
2635001	63	5	5	2635001	2635001	黯羽	5星裁决镰刃 黯羽	为了尽可能提高战力，算法组同事尝试将作战数据反向输送给镰刃中枢——辅助机摩利甘。事实证明，这个策略行之有效，也恐怖至极。	1391003					
2636001	63	6	6	2636001	2636001	旧日讣告	6星裁决镰刃 旧日讣告	黑夜和星空交融之刃，武器本身如同上帝造物般循于规律，羽刃生长在最合适的位置，合金支撑仿若骨骼造就。当你紧握它时，便会心房颤栗。	1391003					
2644001	64	4	4	2644001	2644001	折锋	4星爆能巨剑 折锋	使用新型合金制成的可收缩刀刃，为配合新机体的出力提升尤其增强了金属强度。也正因如此，当内部的锋刃顺着滑槽落至底端时，总会发出非常悦耳的金属碰撞声。	1061004					
2645001	64	5	5	2645001	2645001	斩光	5星爆能巨剑 斩光	为了让如此庞大的剑刃能够被更好挥舞，在改进过程中修改了配重比率，现在更多的重量集中在可伸缩的刀刃之上。本意是希望使用者利用惯性驾驭这一沉重的武器，不过好像对于神威来说没什么区别。	1061004					
2646001	64	6	6	2646001	2646001	朗日耀斑	6星爆能巨剑 朗日耀斑	每当它被挥舞，火光总是追不上锋刃的速度。在它所挥砍之处，除了利落的切口以外，还剩下几颗火星，垂落在地，忽闪忽明；它们明灭的节奏，恍若血滴残留的呼吸，一下……又一下。	1061004					
2654001	65	4	4	2654001	2654001	试作型枪刃组AX-01	4星转轮长刃 试作型枪刃组AX-01	早期尝试将能量引擎小型化并内嵌于刀柄的试验性武器，护手处装有一枚棘轮击发装置，实现多档输出切换，拔刀触发引擎后，可短暂为刀刃附加动能，使刀刃在瞬间进入高频振动切削状态。该设计在理论上可显著提升单位时间内的切割效率，并强化近距离压制能力。	1021007					
2655001	65	5	5	2655001	2655001	BX-02M 寒渊	5星转轮长刃 BX-02M 寒渊	在原型基础上彻底重构能量驱动结构，取消冗余限制模块，使刀刃可进入持续的超高频振动状态，所到之处气流骤变，在极短时间内形成压制性冲击波。输出负荷已超出常规构造体耐受阈值。由于能量反馈信号直接回流至使用者意识海，若神经同步率不足，将产生严重的感知过载与运动失控现象。仅极少数高同步率个体能够稳定驾驭。	1021007					
2656001	65	6	6	2656001	2656001	无光暮途	6星转轮长刃 无光暮途	经阿尔法改装的战术级武装。武器内置完整的自适应能量调制系统，可实时解析使用者的意识信号，并动态调整输出频率，使刀刃始终处于最优切削状态。转轮结构不再作为物理限制器，而是成为能量分配的核心节点。整把武器与使用者形成闭环反馈系统，其运行效率取决于意识同步精度，而非机械性能上限。	1021007					
2664001	66	4	4	2664001	2664001	法兰	4星折叠圆锯 法兰	家族设计师从法兰盘在卷片轴的应用中得到灵感，制作了该武器。类法兰盘的结构，使得电锯本身的压力承载能力得到大幅提升，同时极致轻量化了链锯结构。	1401003					
2665001	66	5	5	2665001	2665001	片基灰雾	5星折叠圆锯 片基灰雾	世上并无永远缤纷的图景。过往靓丽鲜明的记忆，在颠沛的旅途中，总是向着那灰白的底色迈进。	1401003					
2666001	66	6	6	2666001	2666001	遥听归乡的晚钟	6星折叠圆锯 遥听归乡的晚钟	每个人都是大地的一部分。海流冲走泥土，大陆就失去了一块；任何人的死都让我受损，因为我与人类息息相关：因此，别去打听丧钟为谁而鸣，它正为我们敲响。它提醒我们，这里不是我们的安息之所，我们要站起，走向那真正的家乡。	1401003					
2674001	67	4	4	2674001	2674001	曦刃尺浪	4星浮海舶锚 曦刃尺浪	为适配海上作战环境，该型武器选用马氏体时效钢作为主体材料，兼具更高的结构强度、化学稳定性与耐腐蚀性能。其内部集成了小型高密度空气压缩机，必要时可驱动锚爪折叠收缩，使装备在海面短暂滑行机动。	1071005					
2675001	67	5	5	2675001	2675001	附浪辉砂	5星浮海舶锚 附浪辉砂	在原型机基础上新增了气动平衡系统。该系统通过压力传感器实时感知使用者姿态，动态调整配重倾斜方向，从而保障海上作战时的操控稳定性。	1071005					
2676001	67	6	6	2676001	2676001	尼弗尔海姆的辰星	6星浮海舶锚 尼弗尔海姆的辰星	在大海上的声音，有许多种。搏风击浪的嘶喊、水手们唱起的歌谣、欢庆声、风暴声、浪涛声。或痛苦，或喜悦，或宁静，或吵闹。阿特拉斯的辰星便是那承载之物——它将大海上一切有声与无声的，尽数托举，递往彼端。	1071005					
2685001	68	5	5	2685001	2685001	指针	5星刻刻帝·双枪 指针	“时之天使”刻刻帝的力量具现，化为一长一短的两把枪械形态，与表盘之上的指针相呼应。	1411003					
2686001	68	6	6	2686001	2686001	时针&分针	6星刻刻帝·双枪 时针&分针	“时之天使”刻刻帝力量的究极完成形态，能够将十二种属性迥异、威力不同的子弹注入枪膛。尤其是六之弹<Vav>，更是承载着将时崎狂三的意识送回过往，重作抉择的力量。	1411003					
2694001	69	4	4	2694001	2694001	铁誓	4星十字重炮 铁誓	以环大西洋军工技术为底层架构打造的重型军械。核心采用高密度能量堆叠模块，可在极短时间内完成大口径炮弹的装填与激发。十字形炮架兼作散热与承力结构，纵使连续高负荷射击，也能稳稳保持武器的稳定性——以机动性为代价，换取压倒一切的正面火力。	1421003					
2695001	69	5	5	2695001	2695001	渊下锻火	5星十字重炮 渊下锻火	在原型基础上重构了能量循环与后坐补偿系统。多级泄压结构将射击瞬间的冲击导向十字炮架四端，使用者得以在近乎失衡的火力反噬下依旧可以承受其夸张的后坐力而不丧失瞄准精度。该武器对操作者的力量与耐受要求极高，真正能将其性能压榨至极限的，至今寥寥无几。	1421003					
2696001	69	6	6	2696001	2696001	不孤航炬	6星十字重炮 不孤航炬	阿德莱德武器的最终形态，在前代基础上彻底解封了能量上限，配合重构的十字炮架与全向导流结构，单发火力被提升至前所未有的量级。作为武器，所有为使用者保留的保险与限制皆已剥离，至此，这件武器不再只是一件军械，更是一柄被举向长夜的炬火，为渡厄而燃，引航而燃。	1421003					
2980201	2	4	4	2013001	100	沙利叶	展示武器沙利叶							
2980202	2	4	4	2013001	100	卢佩卡里亚	展示武器卢佩卡里亚							
2981101	11	4	4	2013001	100	冈格尼尔	展示武器冈格尼尔							
2981102	11	4	4	2013001	100	旌风雪冠	展示武器旌风雪冠							
2982001	2	4	4	2013001	100	朱桦	展示武器朱桦							
2981301	13	4	4	2013001	100	星瀚云渺	展示武器星瀚云渺							
2981401	14	4	4	2013001	100	八极	展示武器八极							
2980301	3	4	4	2013001	100	流光武器时装	婚纱武器							
2980401	4	4	4	2013001	100	比安卡武器时装	婚纱武器							
2981701	17	4	4	2013001	100	露娜武器时装	腐蚀增幅器							
2984001	2	4	4	2013001	100	粉樱	FPS武器							
2984002	2	4	4	2013001	100	紫鸢	FPS武器							
2984003	2	4	4	2013001	100	噬狼枪	FPS武器							
2991001	99	1	1	2991001	10000	武器强化素材	1星武器武器强化素材	强化泛用机体武器的专用强化套组，视其容量大小能给武器带来不同的提升。						
2992001	99	2	2	2992001	11000	武器强化素材	2星武器武器强化素材	强化泛用机体武器的专用强化套组，视其容量大小能给武器带来不同的提升。						
2993001	99	3	3	2993001	12000	武器强化素材	3星武器武器强化素材	强化泛用机体武器的专用强化套组，视其容量大小能给武器带来不同的提升。						
2994001	99	4	4	2994001	13000	武器强化素材	4星武器武器强化素材	强化泛用机体武器的专用强化套组，视其容量大小能给武器带来不同的提升。						
3911001	99	1	1		1000106	意识强化素材	1星意识意识强化素材1号位	提升意识芯片的强化套组，根据容量大小能给意识带来不同的提升。			1	1	1901	
3912001	99	2	2		1000206	意识强化素材	2星意识意识强化素材1号位	提升意识芯片的强化套组，根据容量大小能给意识带来不同的提升。			1	1	1902	
3913001	99	3	3		1000306	意识强化素材	3星意识意识强化素材1号位	提升意识芯片的强化套组，根据容量大小能给意识带来不同的提升。			1	1	1903	
3914001	99	4	4		1000406	意识强化素材	4星意识意识强化素材1号位	提升意识芯片的强化套组，根据容量大小能给意识带来不同的提升。			1	1	1904	
3915001	99	5	5		1000506	意识强化素材	5星意识意识强化素材1号位	提升意识芯片的强化套组，根据容量大小能给意识带来不同的提升。			1	1	1905	
3916001	99	6	6		1000606	意识强化素材	6星意识意识强化素材1号位	提升意识芯片的强化套组，根据容量大小能给意识带来不同的提升。			1	1	1906	
3921001	99	1	1		1000105	意识强化素材	1星意识意识强化素材2号位	提升意识芯片的强化套组，根据容量大小能给意识带来不同的提升。			1	2	1901	
3922001	99	2	2		1000205	意识强化素材	2星意识意识强化素材2号位	提升意识芯片的强化套组，根据容量大小能给意识带来不同的提升。			1	2	1902	
3923001	99	3	3		1000305	意识强化素材	3星意识意识强化素材2号位	提升意识芯片的强化套组，根据容量大小能给意识带来不同的提升。			1	2	1903	
3924001	99	4	4		1000405	意识强化素材	4星意识意识强化素材2号位	提升意识芯片的强化套组，根据容量大小能给意识带来不同的提升。			1	2	1904	
3925001	99	5	5		1000505	意识强化素材	5星意识意识强化素材2号位	提升意识芯片的强化套组，根据容量大小能给意识带来不同的提升。			1	2	1905	
3926001	99	6	6		1000605	意识强化素材	6星意识意识强化素材2号位	提升意识芯片的强化套组，根据容量大小能给意识带来不同的提升。			1	2	1906	
3931001	99	1	1		1000104	意识强化素材	1星意识意识强化素材3号位	提升意识芯片的强化套组，根据容量大小能给意识带来不同的提升。			1	3	1901	
3932001	99	2	2		1000204	意识强化素材	2星意识意识强化素材3号位	提升意识芯片的强化套组，根据容量大小能给意识带来不同的提升。			1	3	1902	
3933001	99	3	3		1000304	意识强化素材	3星意识意识强化素材3号位	提升意识芯片的强化套组，根据容量大小能给意识带来不同的提升。			1	3	1903	
3934001	99	4	4		1000404	意识强化素材	4星意识意识强化素材3号位	提升意识芯片的强化套组，根据容量大小能给意识带来不同的提升。			1	3	1904	
3935001	99	5	5		1000504	意识强化素材	5星意识意识强化素材3号位	提升意识芯片的强化套组，根据容量大小能给意识带来不同的提升。			1	3	1905	
3936001	99	6	6		1000604	意识强化素材	6星意识意识强化素材3号位	提升意识芯片的强化套组，根据容量大小能给意识带来不同的提升。			1	3	1906	
3941001	99	1	1		1000103	意识强化素材	1星意识意识强化素材4号位	提升意识芯片的强化套组，根据容量大小能给意识带来不同的提升。			1	4	1901	
3942001	99	2	2		1000203	意识强化素材	2星意识意识强化素材4号位	提升意识芯片的强化套组，根据容量大小能给意识带来不同的提升。			1	4	1902	
3943001	99	3	3		1000303	意识强化素材	3星意识意识强化素材4号位	提升意识芯片的强化套组，根据容量大小能给意识带来不同的提升。			1	4	1903	
3944001	99	4	4		1000403	意识强化素材	4星意识意识强化素材4号位	提升意识芯片的强化套组，根据容量大小能给意识带来不同的提升。			1	4	1904	
3945001	99	5	5		1000503	意识强化素材	5星意识意识强化素材4号位	提升意识芯片的强化套组，根据容量大小能给意识带来不同的提升。			1	4	1905	
3946001	99	6	6		1000603	意识强化素材	6星意识意识强化素材4号位	提升意识芯片的强化套组，根据容量大小能给意识带来不同的提升。			1	4	1906	
3951001	99	1	1		1000102	意识强化素材	1星意识意识强化素材5号位	提升意识芯片的强化套组，根据容量大小能给意识带来不同的提升。			1	5	1901	
3952001	99	2	2		1000202	意识强化素材	2星意识意识强化素材5号位	提升意识芯片的强化套组，根据容量大小能给意识带来不同的提升。			1	5	1902	
3953001	99	3	3		1000302	意识强化素材	3星意识意识强化素材5号位	提升意识芯片的强化套组，根据容量大小能给意识带来不同的提升。			1	5	1903	
3954001	99	4	4		1000402	意识强化素材	4星意识意识强化素材5号位	提升意识芯片的强化套组，根据容量大小能给意识带来不同的提升。			1	5	1904	
3955001	99	5	5		1000502	意识强化素材	5星意识意识强化素材5号位	提升意识芯片的强化套组，根据容量大小能给意识带来不同的提升。			1	5	1905	
3956001	99	6	6		1000602	意识强化素材	6星意识意识强化素材5号位	提升意识芯片的强化套组，根据容量大小能给意识带来不同的提升。			1	5	1906	
3961001	99	1	1		1000101	意识强化素材	1星意识意识强化素材6号位	提升意识芯片的强化套组，根据容量大小能给意识带来不同的提升。			1	6	1901	
3962001	99	2	2		1000201	意识强化素材	2星意识意识强化素材6号位	提升意识芯片的强化套组，根据容量大小能给意识带来不同的提升。			1	6	1902	
3963001	99	3	3		1000301	意识强化素材	3星意识意识强化素材6号位	提升意识芯片的强化套组，根据容量大小能给意识带来不同的提升。			1	6	1903	
3964001	99	4	4		1000401	意识强化素材	4星意识意识强化素材6号位	提升意识芯片的强化套组，根据容量大小能给意识带来不同的提升。			1	6	1904	
3965001	99	5	5		1000501	意识强化素材	5星意识意识强化素材6号位	提升意识芯片的强化套组，根据容量大小能给意识带来不同的提升。			1	6	1905	
3966001	99	6	6		1000601	意识强化素材	6星意识意识强化素材6号位	提升意识芯片的强化套组，根据容量大小能给意识带来不同的提升。			1	6	1906	
3012001		2	2		1201006	梅尔妮	2星意识梅尔妮1号位	某位曾经存在的伟人的意识芯片，组合后能够提升泛用机体的攻击力。			1	1	1201	
3013001		3	3		1301006	彼诺芙	3星意识彼诺芙1号位	某位曾经存在的伟人的意识芯片，组合后能够提升泛用机体的近战攻击力。			1	1	1301	
3013002		3	3		1304006	帕芙莉	3星意识帕芙莉1号位	某位曾经存在的伟人的意识芯片，组合后能够提升泛用机体的远程攻击力。			1	1	1304	
3014001		4	4		1401006	阿基米德	4星意识阿基米德1号位	某位曾经存在的伟人的意识芯片，组合后能够提升泛用机体的物理伤害。			1	1	1401	
3014002		4	4		1404006	爱迪生	4星意识爱迪生1号位	某位曾经存在的伟人的意识芯片，组合后能够提升泛用机体的属性伤害。			1	1	1404	
3014003		4	4		1407006	爱丽丝	4星意识爱丽丝1号位	某位曾经存在的伟人的意识芯片，组合后能够提升泛用机体治疗相关的数值。			1	1	1407	
3014004		4	4		1410006	坎宁安	4星意识坎宁安1号位	某位曾经存在的伟人的意识芯片，组合后能够为受伤的泛用机体带来物理增益。			1	1	1410	
3014005		4	4		1413006	库莉珂-永恒	4星意识库莉珂-永恒1号位	某位曾经存在的“主角”的意识芯片，组合后能够召唤机器人。		true	1	1	1413	
3015001		5	5		1501006	嘉莉埃妮	5星意识嘉莉埃妮1号位	某位曾经存在的伟人的意识芯片，组合后能够强化泛用机体的物理攻击。			1	1	1501	
3015002		5	5		1502006	爱芙	5星意识爱芙1号位	某位曾经存在的伟人的意识芯片，组合后使用各类技能的同时能为自己带来增益。			1	1	1502	
3015003		5	5		1503006	艾克	5星意识艾克1号位	某位曾经存在的伟人的意识芯片，组合后能强化泛用机体本身的属性攻击。			1	1	1503	
3015004		5	5		1504006	伏尔泰	5星意识伏尔泰1号位	某位曾经存在的伟人的意识芯片，组合后能在攻击敌人的同时减少敌人的防御。			1	1	1504	
3015005		5	5		1505006	歌罗达	5星意识歌罗达1号位	某位曾经存在的伟人的意识芯片，组合后能在攻击敌人的同时为敌人添加不同的属性减益。			1	1	1505	
3015006		5	5		1506006	黎塞留	5星意识黎塞留1号位	某位曾经存在的伟人的意识芯片，组合后能使泛用机体进行治疗时为目标带来物理增益。			1	1	1506	
3015007		5	5		1507006	萨曼达	5星意识萨曼达1号位	某位曾经存在的伟人的意识芯片，组合后能让泛用机体通过使用属性攻击来扰乱战场。			1	1	1507	
3015008		5	5		1508006	莫扎特	5星意识莫扎特1号位	某位曾经存在的伟人的意识芯片，组合后能使泛用机体更自由的使用超算空间。			1	1	1508	
3015050		5	5		1550006	丽芙·驯鹿	5星意识丽芙·驯鹿1号位	丽芙的圣诞庆祝装扮。		true	1	1	1550	
3016001		6	6		1601006	康德丽娜	6星意识康德丽娜1号位	某位曾经存在的伟人的意识芯片，组合后能够提高泛用机体的普通攻击。			1	1	1601	
3016002		6	6		1602006	莎士比亚	6星意识莎士比亚1号位	某位曾经存在的伟人的意识芯片，组合后能够提升泛用机体的火属性伤害。			1	1	1602	
3016003		6	6		1603006	海森	6星意识海森1号位	某位曾经存在的伟人的意识芯片，组合后能够提升泛用机体的雷属性伤害。			1	1	1603	
3016004		6	6		1604006	达尔文	6星意识达尔文1号位	某位曾经存在的伟人的意识芯片，组合后消除信号球的同时能给泛用机体带来额外增益。			1	1	1604	
3016005		6	6		1605006	汉娜	6星意识汉娜1号位	某位曾经存在的伟人的意识芯片，组合后能够让泛用机体增幅三消以后的各项增益。			1	1	1605	
3016006		6	6		1606006	库莉珂	6星意识库莉珂1号位	某位曾经存在的“主角”的意识芯片，组合后能够提升泛用机体的必杀技相关的伤害。			1	1	1606	
3016007		6	6		1607006	达芬奇	6星意识达芬奇1号位	某位曾经存在的伟人的意识芯片，组合后能够在使用QTE技能时获得各种增益。			1	1	1607	
3016008		6	6		1608006	凯瑟琳	6星意识凯瑟琳1号位	某位曾经存在的伟人的意识芯片，组合后担任前锋作战时会获得各种增益。			1	1	1608	
3016009		6	6		1609006	爱因斯坦娜	6星意识爱因斯坦娜1号位	某位曾经存在的伟人的意识芯片，组合后能够在使用属性技能的同时强化自身。			1	1	1609	
3016010		6	6		1610006	费列特二世	6星意识费列特二世1号位	某位曾经存在的伟人的意识芯片，组合后在治疗时能额外强化被治疗者的能力。			1	1	1610	
3016011		6	6		1611006	桂尼	6星意识桂尼1号位	某位曾经存在的伟人的意识芯片，组合后在治疗时能给敌我双方带来不同的效果。			1	1	1611	
3016012		6	6		1612006	腓特烈	6星意识腓特烈1号位	某位曾经存在的伟人的意识芯片，组合后能够通过闪避来强化泛用机体。			1	1	1612	
3022001		2	2		1201005	梅尔妮	2星意识梅尔妮2号位	某位曾经存在的伟人的意识芯片，组合后能提升泛用机体的生命值。			1	2	1201	
3023001		3	3		1301005	彼诺芙	3星意识彼诺芙2号位	某位曾经存在的伟人的意识芯片，组合后能减少泛用机体受到的近战伤害。			1	2	1301	
3023002		3	3		1304005	帕芙莉	3星意识帕芙莉2号位	某位曾经存在的伟人的意识芯片，组合后能减少泛用机体受到的远程伤害。			1	2	1304	
3024001		4	4		1401005	阿基米德	4星意识阿基米德2号位	某位曾经存在的伟人的意识芯片，组合后能提升三消后的物理伤害。			1	2	1401	
3024002		4	4		1404005	爱迪生	4星意识爱迪生2号位	某位曾经存在的伟人的意识芯片，组合后能够提升三消后的属性伤害。			1	2	1404	
3024003		4	4		1407005	爱丽丝	4星意识爱丽丝2号位	某位曾经存在的伟人的意识芯片，组合后对敌人造成伤害的同时减弱敌人。			1	2	1407	
3024004		4	4		1410005	坎宁安	4星意识坎宁安2号位	某位曾经存在的伟人的意识芯片，组合后能够强化泛用机体对霸体敌人的攻击伤害。			1	2	1410	
3025001		5	5		1501005	嘉莉埃妮	5星意识嘉莉埃妮2号位	某位曾经存在的伟人的意识芯片，组合后能够强化泛用机体的物理攻击。			1	2	1501	
3025002		5	5		1502005	爱芙	5星意识爱芙2号位	某位曾经存在的伟人的意识芯片，组合后使用各类技能的同时能为自己带来增益。			1	2	1502	
3025003		5	5		1503005	艾克	5星意识艾克2号位	某位曾经存在的伟人的意识芯片，组合后能强化泛用机体本身的属性攻击。			1	2	1503	
3025004		5	5		1504005	伏尔泰	5星意识伏尔泰2号位	某位曾经存在的伟人的意识芯片，组合后能在攻击敌人的同时减少敌人的防御。			1	2	1504	
3025005		5	5		1505005	歌罗达	5星意识歌罗达2号位	某位曾经存在的伟人的意识芯片，组合后能在攻击敌人的同时为敌人添加不同的属性减益。			1	2	1505	
3025006		5	5		1506005	黎塞留	5星意识黎塞留2号位	某位曾经存在的伟人的意识芯片，组合后能使泛用机体进行治疗时为目标带来物理增益。			1	2	1506	
3025007		5	5		1507005	萨曼达	5星意识萨曼达2号位	某位曾经存在的伟人的意识芯片，组合后能让泛用机体通过使用属性攻击来扰乱战场。			1	2	1507	
3025008		5	5		1508005	莫扎特	5星意识莫扎特2号位	某位曾经存在的伟人的意识芯片，组合后能使泛用机体更自由的使用超算空间。			1	2	1508	
3025050		5	5		1550005	丽芙·驯鹿	5星意识丽芙·驯鹿2号位	丽芙的圣诞庆祝装扮。		true	1	2	1550	
3026001		6	6		1601005	康德丽娜	6星意识康德丽娜2号位	某位曾经存在的伟人的意识芯片，组合后能够提高泛用机体的普通攻击。			1	2	1601	
3026002		6	6		1602005	莎士比亚	6星意识莎士比亚2号位	某位曾经存在的伟人的意识芯片，组合后能够提升泛用机体的火属性伤害。			1	2	1602	
3026003		6	6		1603005	海森	6星意识海森2号位	某位曾经存在的伟人的意识芯片，组合后能够提升泛用机体的雷属性伤害。			1	2	1603	
3026004		6	6		1604005	达尔文	6星意识达尔文2号位	某位曾经存在的伟人的意识芯片，组合后消除信号球的同时能给泛用机体带来额外增益。			1	2	1604	
3026005		6	6		1605005	汉娜	6星意识汉娜2号位	某位曾经存在的伟人的意识芯片，组合后能够让泛用机体增幅三消以后的各项增益。			1	2	1605	
3026006		6	6		1606005	库莉珂	6星意识库莉珂2号位	某位曾经存在的“主角”的意识芯片，组合后能够提升泛用机体的必杀技相关的伤害。			1	2	1606	
3026007		6	6		1607005	达芬奇	6星意识达芬奇2号位	某位曾经存在的伟人的意识芯片，组合后能够在使用QTE技能时获得各种增益。			1	2	1607	
3026008		6	6		1608005	凯瑟琳	6星意识凯瑟琳2号位	某位曾经存在的伟人的意识芯片，组合后担任前锋作战时会获得各种增益。			1	2	1608	
3026009		6	6		1609005	爱因斯坦娜	6星意识爱因斯坦娜2号位	某位曾经存在的伟人的意识芯片，组合后能够在使用属性技能的同时强化自身。			1	2	1609	
3026010		6	6		1610005	费列特二世	6星意识费列特二世2号位	某位曾经存在的伟人的意识芯片，组合后在治疗时能额外强化被治疗者的能力。			1	2	1610	
3026011		6	6		1611005	桂尼	6星意识桂尼2号位	某位曾经存在的伟人的意识芯片，组合后在治疗时能给敌我双方带来不同的效果。			1	2	1611	
3026012		6	6		1612005	腓特烈	6星意识腓特烈2号位	某位曾经存在的伟人的意识芯片，组合后能够通过闪避来强化泛用机体。			1	2	1612	
3032001		2	2		1201004	梅尔妮	2星意识梅尔妮3号位	某位曾经存在的伟人的意识芯片，组合后能提升泛用机体初始能量值。			1	3	1201	
3033001		3	3		1301004	彼诺芙	3星意识彼诺芙3号位	某位曾经存在的伟人的意识芯片，组合后能提升泛用机体的被治疗量。			1	3	1301	
3033002		3	3		1304004	帕芙莉	3星意识帕芙莉3号位	某位曾经存在的伟人的意识芯片，组合后能提升泛用机体的治疗量。			1	3	1304	
3034001		4	4		1401004	阿基米德	4星意识阿基米德3号位	某位曾经存在的伟人的意识芯片，组合后能提升超算空间内的物理伤害。			1	3	1401	
3034002		4	4		1404004	爱迪生	4星意识爱迪生3号位	某位曾经存在的伟人的意识芯片，组合后能提升超算空间内的属性伤害。			1	3	1404	
3034003		4	4		1407004	爱丽丝	4星意识爱丽丝3号位	某位曾经存在的伟人的意识芯片，组合后在造成伤害的同时能减低目标的伤害。			1	3	1407	
3034004		4	4		1410004	坎宁安	4星意识坎宁安3号位	某位曾经存在的伟人的意识芯片，组合后能够加深敌人受到的伤害。			1	3	1410	
3035001		5	5		1501004	嘉莉埃妮	5星意识嘉莉埃妮3号位	某位曾经存在的伟人的意识芯片，组合后能够强化泛用机体的物理攻击。			1	3	1501	
3035002		5	5		1502004	爱芙	5星意识爱芙3号位	某位曾经存在的伟人的意识芯片，组合后使用各类技能的同时能为自己带来增益。			1	3	1502	
3035003		5	5		1503004	艾克	5星意识艾克3号位	某位曾经存在的伟人的意识芯片，组合后能强化泛用机体本身的属性攻击。			1	3	1503	
3035004		5	5		1504004	伏尔泰	5星意识伏尔泰3号位	某位曾经存在的伟人的意识芯片，组合后能在攻击敌人的同时减少敌人的防御。			1	3	1504	
3035005		5	5		1505004	歌罗达	5星意识歌罗达3号位	某位曾经存在的伟人的意识芯片，组合后能在攻击敌人的同时为敌人添加不同的属性减益。			1	3	1505	
3035006		5	5		1506004	黎塞留	5星意识黎塞留3号位	某位曾经存在的伟人的意识芯片，组合后能使泛用机体进行治疗时为目标带来物理增益。			1	3	1506	
3035007		5	5		1507004	萨曼达	5星意识萨曼达3号位	某位曾经存在的伟人的意识芯片，组合后能让泛用机体通过使用属性攻击来扰乱战场。			1	3	1507	
3035008		5	5		1508004	莫扎特	5星意识莫扎特3号位	某位曾经存在的伟人的意识芯片，组合后能使泛用机体更自由的使用超算空间。			1	3	1508	
3035050		5	5		1550004	丽芙·驯鹿	5星意识丽芙·驯鹿3号位	丽芙的圣诞庆祝装扮。		true	1	3	1550	
3036001		6	6		1601004	康德丽娜	6星意识康德丽娜3号位	某位曾经存在的伟人的意识芯片，组合后能够提高泛用机体的普通攻击。			1	3	1601	
3036002		6	6		1602004	莎士比亚	6星意识莎士比亚3号位	某位曾经存在的伟人的意识芯片，组合后能够提升泛用机体的火属性伤害。			1	3	1602	
3036003		6	6		1603004	海森	6星意识海森3号位	某位曾经存在的伟人的意识芯片，组合后能够提升泛用机体的雷属性伤害。			1	3	1603	
3036004		6	6		1604004	达尔文	6星意识达尔文3号位	某位曾经存在的伟人的意识芯片，组合后消除信号球的同时能给泛用机体带来额外增益。			1	3	1604	
3036005		6	6		1605004	汉娜	6星意识汉娜3号位	某位曾经存在的伟人的意识芯片，组合后能够让泛用机体增幅三消以后的各项增益。			1	3	1605	
3036006		6	6		1606004	库莉珂	6星意识库莉珂3号位	某位曾经存在的“主角”的意识芯片，组合后能够提升泛用机体的必杀技相关的伤害。			1	3	1606	
3036007		6	6		1607004	达芬奇	6星意识达芬奇3号位	某位曾经存在的伟人的意识芯片，组合后能够在使用QTE技能时获得各种增益。			1	3	1607	
3036008		6	6		1608004	凯瑟琳	6星意识凯瑟琳3号位	某位曾经存在的伟人的意识芯片，组合后担任前锋作战时会获得各种增益。			1	3	1608	
3036009		6	6		1609004	爱因斯坦娜	6星意识爱因斯坦娜3号位	某位曾经存在的伟人的意识芯片，组合后能够在使用属性技能的同时强化自身。			1	3	1609	
3036010		6	6		1610004	费列特二世	6星意识费列特二世3号位	某位曾经存在的伟人的意识芯片，组合后在治疗时能额外强化被治疗者的能力。			1	3	1610	
3036011		6	6		1611004	桂尼	6星意识桂尼3号位	某位曾经存在的伟人的意识芯片，组合后在治疗时能给敌我双方带来不同的效果。			1	3	1611	
3036012		6	6		1612004	腓特烈	6星意识腓特烈3号位	某位曾经存在的伟人的意识芯片，组合后能够通过闪避来强化泛用机体。			1	3	1612	
3042001		2	2		1201003	梅尔妮	2星意识梅尔妮4号位	某位曾经存在的伟人的意识芯片，组合后能够提升泛用机体的攻击力。			1	4	1201	
3043001		3	3		1301003	彼诺芙	3星意识彼诺芙4号位	某位曾经存在的伟人的意识芯片，组合后能够提升泛用机体的近战攻击力。			1	4	1301	
3043002		3	3		1304003	帕芙莉	3星意识帕芙莉4号位	某位曾经存在的伟人的意识芯片，组合后能够提升泛用机体的远程攻击力。			1	4	1304	
3044001		4	4		1401003	阿基米德	4星意识阿基米德4号位	某位曾经存在的伟人的意识芯片，组合后能够提升泛用机体的物理伤害。			1	4	1401	
3044002		4	4		1404003	爱迪生	4星意识爱迪生4号位	某位曾经存在的伟人的意识芯片，组合后能够提升泛用机体的属性伤害。			1	4	1404	
3044003		4	4		1407003	爱丽丝	4星意识爱丽丝4号位	某位曾经存在的伟人的意识芯片，组合后能够提升泛用机体治疗相关的数值。			1	4	1407	
3044004		4	4		1410003	坎宁安	4星意识坎宁安4号位	某位曾经存在的伟人的意识芯片，组合后能够为受伤的泛用机体带来物理增益。			1	4	1410	
3044005		4	4		1413003	库莉珂-永恒	4星意识库莉珂-永恒4号位	某位曾经存在的“主角”的意识芯片，组合后能够召唤机器人。		true	1	4	1413	
3045001		5	5		1501003	嘉莉埃妮	5星意识嘉莉埃妮4号位	某位曾经存在的伟人的意识芯片，组合后能够强化泛用机体的物理攻击。			1	4	1501	
3045002		5	5		1502003	爱芙	5星意识爱芙4号位	某位曾经存在的伟人的意识芯片，组合后使用各类技能的同时能为自己带来增益。			1	4	1502	
3045003		5	5		1503003	艾克	5星意识艾克4号位	某位曾经存在的伟人的意识芯片，组合后能强化泛用机体本身的属性攻击。			1	4	1503	
3045004		5	5		1504003	伏尔泰	5星意识伏尔泰4号位	某位曾经存在的伟人的意识芯片，组合后能在攻击敌人的同时减少敌人的防御。			1	4	1504	
3045005		5	5		1505003	歌罗达	5星意识歌罗达4号位	某位曾经存在的伟人的意识芯片，组合后能在攻击敌人的同时为敌人添加不同的属性减益。			1	4	1505	
3045006		5	5		1506003	黎塞留	5星意识黎塞留4号位	某位曾经存在的伟人的意识芯片，组合后能使泛用机体进行治疗时为目标带来物理增益。			1	4	1506	
3045007		5	5		1507003	萨曼达	5星意识萨曼达4号位	某位曾经存在的伟人的意识芯片，组合后能让泛用机体通过使用属性攻击来扰乱战场。			1	4	1507	
3045008		5	5		1508003	莫扎特	5星意识莫扎特4号位	某位曾经存在的伟人的意识芯片，组合后能使泛用机体更自由的使用超算空间。			1	4	1508	
3045050		5	5		1550003	丽芙·驯鹿	5星意识丽芙·驯鹿4号位	丽芙的圣诞庆祝装扮。		true	1	4	1550	
3046001		6	6		1601003	康德丽娜	6星意识康德丽娜4号位	某位曾经存在的伟人的意识芯片，组合后能够提高泛用机体的普通攻击。			1	4	1601	
3046002		6	6		1602003	莎士比亚	6星意识莎士比亚4号位	某位曾经存在的伟人的意识芯片，组合后能够提升泛用机体的火属性伤害。			1	4	1602	
3046003		6	6		1603003	海森	6星意识海森4号位	某位曾经存在的伟人的意识芯片，组合后能够提升泛用机体的雷属性伤害。			1	4	1603	
3046004		6	6		1604003	达尔文	6星意识达尔文4号位	某位曾经存在的伟人的意识芯片，组合后消除信号球的同时能给泛用机体带来额外增益。			1	4	1604	
3046005		6	6		1605003	汉娜	6星意识汉娜4号位	某位曾经存在的伟人的意识芯片，组合后能够让泛用机体增幅三消以后的各项增益。			1	4	1605	
3046006		6	6		1606003	库莉珂	6星意识库莉珂4号位	某位曾经存在的“主角”的意识芯片，组合后能够提升泛用机体的必杀技相关的伤害。			1	4	1606	
3046007		6	6		1607003	达芬奇	6星意识达芬奇4号位	某位曾经存在的伟人的意识芯片，组合后能够在使用QTE技能时获得各种增益。			1	4	1607	
3046008		6	6		1608003	凯瑟琳	6星意识凯瑟琳4号位	某位曾经存在的伟人的意识芯片，组合后担任前锋作战时会获得各种增益。			1	4	1608	
3046009		6	6		1609003	爱因斯坦娜	6星意识爱因斯坦娜4号位	某位曾经存在的伟人的意识芯片，组合后能够在使用属性技能的同时强化自身。			1	4	1609	
3046010		6	6		1610003	费列特二世	6星意识费列特二世4号位	某位曾经存在的伟人的意识芯片，组合后在治疗时能额外强化被治疗者的能力。			1	4	1610	
3046011		6	6		1611003	桂尼	6星意识桂尼4号位	某位曾经存在的伟人的意识芯片，组合后在治疗时能给敌我双方带来不同的效果。			1	4	1611	
3046012		6	6		1612003	腓特烈	6星意识腓特烈4号位	某位曾经存在的伟人的意识芯片，组合后能够通过闪避来强化泛用机体。			1	4	1612	
3052001		2	2		1201002	梅尔妮	2星意识梅尔妮5号位	某位曾经存在的伟人的意识芯片，组合后能提升泛用机体的生命值。			1	5	1201	
3053001		3	3		1301002	彼诺芙	3星意识彼诺芙5号位	某位曾经存在的伟人的意识芯片，组合后能减少泛用机体受到的近战伤害。			1	5	1301	
3053002		3	3		1304002	帕芙莉	3星意识帕芙莉5号位	某位曾经存在的伟人的意识芯片，组合后能减少泛用机体受到的远程伤害。			1	5	1304	
3054001		4	4		1401002	阿基米德	4星意识阿基米德5号位	某位曾经存在的伟人的意识芯片，组合后能提升三消后的物理伤害。			1	5	1401	
3054002		4	4		1404002	爱迪生	4星意识爱迪生5号位	某位曾经存在的伟人的意识芯片，组合后能够提升三消后的属性伤害。			1	5	1404	
3054003		4	4		1407002	爱丽丝	4星意识爱丽丝5号位	某位曾经存在的伟人的意识芯片，组合后对敌人造成伤害的同时减弱敌人。			1	5	1407	
3054004		4	4		1410002	坎宁安	4星意识坎宁安5号位	某位曾经存在的伟人的意识芯片，组合后能够强化泛用机体对霸体敌人的攻击伤害。			1	5	1410	
3055001		5	5		1501002	嘉莉埃妮	5星意识嘉莉埃妮5号位	某位曾经存在的伟人的意识芯片，组合后能够强化泛用机体的物理攻击。			1	5	1501	
3055002		5	5		1502002	爱芙	5星意识爱芙5号位	某位曾经存在的伟人的意识芯片，组合后使用各类技能的同时能为自己带来增益。			1	5	1502	
3055003		5	5		1503002	艾克	5星意识艾克5号位	某位曾经存在的伟人的意识芯片，组合后能强化泛用机体本身的属性攻击。			1	5	1503	
3055004		5	5		1504002	伏尔泰	5星意识伏尔泰5号位	某位曾经存在的伟人的意识芯片，组合后能在攻击敌人的同时减少敌人的防御。			1	5	1504	
3055005		5	5		1505002	歌罗达	5星意识歌罗达5号位	某位曾经存在的伟人的意识芯片，组合后能在攻击敌人的同时为敌人添加不同的属性减益。			1	5	1505	
3055006		5	5		1506002	黎塞留	5星意识黎塞留5号位	某位曾经存在的伟人的意识芯片，组合后能使泛用机体进行治疗时为目标带来物理增益。			1	5	1506	
3055007		5	5		1507002	萨曼达	5星意识萨曼达5号位	某位曾经存在的伟人的意识芯片，组合后能让泛用机体通过使用属性攻击来扰乱战场。			1	5	1507	
3055008		5	5		1508002	莫扎特	5星意识莫扎特5号位	某位曾经存在的伟人的意识芯片，组合后能使泛用机体更自由的使用超算空间。			1	5	1508	
3055050		5	5		1550002	丽芙·驯鹿	5星意识丽芙·驯鹿5号位	丽芙的圣诞庆祝装扮。		true	1	5	1550	
3056001		6	6		1601002	康德丽娜	6星意识康德丽娜5号位	某位曾经存在的伟人的意识芯片，组合后能够提高泛用机体的普通攻击。			1	5	1601	
3056002		6	6		1602002	莎士比亚	6星意识莎士比亚5号位	某位曾经存在的伟人的意识芯片，组合后能够提升泛用机体的火属性伤害。			1	5	1602	
3056003		6	6		1603002	海森	6星意识海森5号位	某位曾经存在的伟人的意识芯片，组合后能够提升泛用机体的雷属性伤害。			1	5	1603	
3056004		6	6		1604002	达尔文	6星意识达尔文5号位	某位曾经存在的伟人的意识芯片，组合后消除信号球的同时能给泛用机体带来额外增益。			1	5	1604	
3056005		6	6		1605002	汉娜	6星意识汉娜5号位	某位曾经存在的伟人的意识芯片，组合后能够让泛用机体增幅三消以后的各项增益。			1	5	1605	
3056006		6	6		1606002	库莉珂	6星意识库莉珂5号位	某位曾经存在的“主角”的意识芯片，组合后能够提升泛用机体的必杀技相关的伤害。			1	5	1606	
3056007		6	6		1607002	达芬奇	6星意识达芬奇5号位	某位曾经存在的伟人的意识芯片，组合后能够在使用QTE技能时获得各种增益。			1	5	1607	
3056008		6	6		1608002	凯瑟琳	6星意识凯瑟琳5号位	某位曾经存在的伟人的意识芯片，组合后担任前锋作战时会获得各种增益。			1	5	1608	
3056009		6	6		1609002	爱因斯坦娜	6星意识爱因斯坦娜5号位	某位曾经存在的伟人的意识芯片，组合后能够在使用属性技能的同时强化自身。			1	5	1609	
3056010		6	6		1610002	费列特二世	6星意识费列特二世5号位	某位曾经存在的伟人的意识芯片，组合后在治疗时能额外强化被治疗者的能力。			1	5	1610	
3056011		6	6		1611002	桂尼	6星意识桂尼5号位	某位曾经存在的伟人的意识芯片，组合后在治疗时能给敌我双方带来不同的效果。			1	5	1611	
3056012		6	6		1612002	腓特烈	6星意识腓特烈5号位	某位曾经存在的伟人的意识芯片，组合后能够通过闪避来强化泛用机体。			1	5	1612	
3062001		2	2		1201001	梅尔妮	2星意识梅尔妮6号位	某位曾经存在的伟人的意识芯片，组合后能提升泛用机体初始能量值。			1	6	1201	
3063001		3	3		1301001	彼诺芙	3星意识彼诺芙6号位	某位曾经存在的伟人的意识芯片，组合后能提升泛用机体的被治疗量。			1	6	1301	
3063002		3	3		1304001	帕芙莉	3星意识帕芙莉6号位	某位曾经存在的伟人的意识芯片，组合后能提升泛用机体的治疗量。			1	6	1304	
3064001		4	4		1401001	阿基米德	4星意识阿基米德6号位	某位曾经存在的伟人的意识芯片，组合后能提升超算空间内的物理伤害。			1	6	1401	
3064002		4	4		1404001	爱迪生	4星意识爱迪生6号位	某位曾经存在的伟人的意识芯片，组合后能提升超算空间内的属性伤害。			1	6	1404	
3064003		4	4		1407001	爱丽丝	4星意识爱丽丝6号位	某位曾经存在的伟人的意识芯片，组合后在造成伤害的同时能减低目标的伤害。			1	6	1407	
3064004		4	4		1410001	坎宁安	4星意识坎宁安6号位	某位曾经存在的伟人的意识芯片，组合后能够加深敌人受到的伤害。			1	6	1410	
3065001		5	5		1501001	嘉莉埃妮	5星意识嘉莉埃妮6号位	某位曾经存在的伟人的意识芯片，组合后能够强化泛用机体的物理攻击。			1	6	1501	
3065002		5	5		1502001	爱芙	5星意识爱芙6号位	某位曾经存在的伟人的意识芯片，组合后使用各类技能的同时能为自己带来增益。			1	6	1502	
3065003		5	5		1503001	艾克	5星意识艾克6号位	某位曾经存在的伟人的意识芯片，组合后能强化泛用机体本身的属性攻击。			1	6	1503	
3065004		5	5		1504001	伏尔泰	5星意识伏尔泰6号位	某位曾经存在的伟人的意识芯片，组合后能在攻击敌人的同时减少敌人的防御。			1	6	1504	
3065005		5	5		1505001	歌罗达	5星意识歌罗达6号位	某位曾经存在的伟人的意识芯片，组合后能在攻击敌人的同时为敌人添加不同的属性减益。			1	6	1505	
3065006		5	5		1506001	黎塞留	5星意识黎塞留6号位	某位曾经存在的伟人的意识芯片，组合后能使泛用机体进行治疗时为目标带来物理增益。			1	6	1506	
3065007		5	5		1507001	萨曼达	5星意识萨曼达6号位	某位曾经存在的伟人的意识芯片，组合后能让泛用机体通过使用属性攻击来扰乱战场。			1	6	1507	
3065008		5	5		1508001	莫扎特	5星意识莫扎特6号位	某位曾经存在的伟人的意识芯片，组合后能使泛用机体更自由的使用超算空间。			1	6	1508	
3065050		5	5		1550001	丽芙·驯鹿	5星意识丽芙·驯鹿6号位	丽芙的圣诞庆祝装扮。		true	1	6	1550	
3066001		6	6		1601001	康德丽娜	6星意识康德丽娜6号位	某位曾经存在的伟人的意识芯片，组合后能够提高泛用机体的普通攻击。			1	6	1601	
3066002		6	6		1602001	莎士比亚	6星意识莎士比亚6号位	某位曾经存在的伟人的意识芯片，组合后能够提升泛用机体的火属性伤害。			1	6	1602	
3066003		6	6		1603001	海森	6星意识海森6号位	某位曾经存在的伟人的意识芯片，组合后能够提升泛用机体的雷属性伤害。			1	6	1603	
3066004		6	6		1604001	达尔文	6星意识达尔文6号位	某位曾经存在的伟人的意识芯片，组合后消除信号球的同时能给泛用机体带来额外增益。			1	6	1604	
3066005		6	6		1605001	汉娜	6星意识汉娜6号位	某位曾经存在的伟人的意识芯片，组合后能够让泛用机体增幅三消以后的各项增益。			1	6	1605	
3066006		6	6		1606001	库莉珂	6星意识库莉珂6号位	某位曾经存在的“主角”的意识芯片，组合后能够提升泛用机体的必杀技相关的伤害。			1	6	1606	
3066007		6	6		1607001	达芬奇	6星意识达芬奇6号位	某位曾经存在的伟人的意识芯片，组合后能够在使用QTE技能时获得各种增益。			1	6	1607	
3066008		6	6		1608001	凯瑟琳	6星意识凯瑟琳6号位	某位曾经存在的伟人的意识芯片，组合后担任前锋作战时会获得各种增益。			1	6	1608	
3066009		6	6		1609001	爱因斯坦娜	6星意识爱因斯坦娜6号位	某位曾经存在的伟人的意识芯片，组合后能够在使用属性技能的同时强化自身。			1	6	1609	
3066010		6	6		1610001	费列特二世	6星意识费列特二世6号位	某位曾经存在的伟人的意识芯片，组合后在治疗时能额外强化被治疗者的能力。			1	6	1610	
3066011		6	6		1611001	桂尼	6星意识桂尼6号位	某位曾经存在的伟人的意识芯片，组合后在治疗时能给敌我双方带来不同的效果。			1	6	1611	
3066012		6	6		1612001	腓特烈	6星意识腓特烈6号位	某位曾经存在的伟人的意识芯片，组合后能够通过闪避来强化泛用机体。			1	6	1612	
3016014		6	6		1614006	巴顿	6星意识巴顿1号位	某位曾经存在的伟人的意识芯片，组合后能够通过闪避来强化泛用机体。			1	1	1614	
3026014		6	6		1614005	巴顿	6星意识巴顿2号位	某位曾经存在的伟人的意识芯片，组合后能够通过闪避来强化泛用机体。			1	2	1614	
3036014		6	6		1614004	巴顿	6星意识巴顿3号位	某位曾经存在的伟人的意识芯片，组合后能够通过闪避来强化泛用机体。			1	3	1614	
3046014		6	6		1614003	巴顿	6星意识巴顿4号位	某位曾经存在的伟人的意识芯片，组合后能够通过闪避来强化泛用机体。			1	4	1614	
3056014		6	6		1614002	巴顿	6星意识巴顿5号位	某位曾经存在的伟人的意识芯片，组合后能够通过闪避来强化泛用机体。			1	5	1614	
3066014		6	6		1614001	巴顿	6星意识巴顿6号位	某位曾经存在的伟人的意识芯片，组合后能够通过闪避来强化泛用机体。			1	6	1614	
3016013		6	6		1613006	芭斯隆	6星意识芭斯隆1号位	某位曾经存在的伟人的意识芯片，组合后能够提升泛用机体的暗属性伤害。			1	1	1613	
3026013		6	6		1613005	芭斯隆	6星意识芭斯隆2号位	某位曾经存在的伟人的意识芯片，组合后能够提升泛用机体的暗属性伤害。			1	2	1613	
3036013		6	6		1613004	芭斯隆	6星意识芭斯隆3号位	某位曾经存在的伟人的意识芯片，组合后能够提升泛用机体的暗属性伤害。			1	3	1613	
3046013		6	6		1613003	芭斯隆	6星意识芭斯隆4号位	某位曾经存在的伟人的意识芯片，组合后能够提升泛用机体的暗属性伤害。			1	4	1613	
3056013		6	6		1613002	芭斯隆	6星意识芭斯隆5号位	某位曾经存在的伟人的意识芯片，组合后能够提升泛用机体的暗属性伤害。			1	5	1613	
3066013		6	6		1613001	芭斯隆	6星意识芭斯隆6号位	某位曾经存在的伟人的意识芯片，组合后能够提升泛用机体的暗属性伤害。			1	6	1613	
3016015		6	6		1615006	辰积原	6星意识辰积原1号位	某位曾经存在的伟人的意识芯片，组合后能够提升泛用机体的冰属性伤害。			1	1	1615	
3026015		6	6		1615005	辰积原	6星意识辰积原2号位	某位曾经存在的伟人的意识芯片，组合后能够提升泛用机体的冰属性伤害。			1	2	1615	
3036015		6	6		1615004	辰积原	6星意识辰积原3号位	某位曾经存在的伟人的意识芯片，组合后能够提升泛用机体的冰属性伤害。			1	3	1615	
3046015		6	6		1615003	辰积原	6星意识辰积原4号位	某位曾经存在的伟人的意识芯片，组合后能够提升泛用机体的冰属性伤害。			1	4	1615	
3056015		6	6		1615002	辰积原	6星意识辰积原5号位	某位曾经存在的伟人的意识芯片，组合后能够提升泛用机体的冰属性伤害。			1	5	1615	
3066015		6	6		1615001	辰积原	6星意识辰积原6号位	某位曾经存在的伟人的意识芯片，组合后能够提升泛用机体的冰属性伤害。			1	6	1615	
3016016		6	6		1616006	科亚	6星独域机体意识科亚1号位	某位曾经存在之人的意识芯片，组合后能够提升独域机体的攻击能力。			2	1	1616	
3026016		6	6		1616005	科亚	6星独域机体意识科亚2号位	某位曾经存在之人的意识芯片，组合后能够提升独域机体的攻击能力。			2	2	1616	
3036016		6	6		1616004	科亚	6星独域机体意识科亚3号位	某位曾经存在之人的意识芯片，组合后能够提升独域机体的攻击能力。			2	3	1616	
3046016		6	6		1616003	科亚	6星独域机体意识科亚4号位	某位曾经存在之人的意识芯片，组合后能够提升独域机体的攻击能力。			2	4	1616	
3056016		6	6		1616002	科亚	6星独域机体意识科亚5号位	某位曾经存在之人的意识芯片，组合后能够提升独域机体的攻击能力。			2	5	1616	
3066016		6	6		1616001	科亚	6星独域机体意识科亚6号位	某位曾经存在之人的意识芯片，组合后能够提升独域机体的攻击能力。			2	6	1616	
3015051		5	5		1551006	年禧焰火	5星意识年禧焰火1号位			true	1	1	1551	
3025051		5	5		1551005	年禧焰火	5星意识年禧焰火2号位			true	1	2	1551	
3035051		5	5		1551004	年禧焰火	5星意识年禧焰火3号位			true	1	3	1551	
3045051		5	5		1551003	年禧焰火	5星意识年禧焰火4号位			true	1	4	1551	
3055051		5	5		1551002	年禧焰火	5星意识年禧焰火5号位			true	1	5	1551	
3065051		5	5		1551001	年禧焰火	5星意识年禧焰火6号位			true	1	6	1551	
3015052		5	5		1552006	元宵·重聚	5星意识元宵·重聚1号位			true	1	1	1552	
3025052		5	5		1552005	元宵·重聚	5星意识元宵·重聚2号位			true	1	2	1552	
3035052		5	5		1552004	元宵·重聚	5星意识元宵·重聚3号位			true	1	3	1552	
3045052		5	5		1552003	元宵·重聚	5星意识元宵·重聚4号位			true	1	4	1552	
3055052		5	5		1552002	元宵·重聚	5星意识元宵·重聚5号位			true	1	5	1552	
3065052		5	5		1552001	元宵·重聚	5星意识元宵·重聚6号位			true	1	6	1552	
3014006		4	4		1416006	尼米兹	4星独域机体意识尼米兹1号位	某位曾经存在之人的意识芯片，组合后能够提升独域机体的攻击能力。			2	1	1416	
3024006		4	4		1416005	尼米兹	4星独域机体意识尼米兹2号位	某位曾经存在之人的意识芯片，组合后能够提升独域机体的攻击能力。			2	2	1416	
3034006		4	4		1416004	尼米兹	4星独域机体意识尼米兹3号位	某位曾经存在之人的意识芯片，组合后能够提升独域机体的攻击能力。			2	3	1416	
3044006		4	4		1416003	尼米兹	4星独域机体意识尼米兹4号位	某位曾经存在之人的意识芯片，组合后能够提升独域机体的攻击能力。			2	4	1416	
3054006		4	4		1416002	尼米兹	4星独域机体意识尼米兹5号位	某位曾经存在之人的意识芯片，组合后能够提升独域机体的攻击能力。			2	5	1416	
3064006		4	4		1416001	尼米兹	4星独域机体意识尼米兹6号位	某位曾经存在之人的意识芯片，组合后能够提升独域机体的攻击能力。			2	6	1416	
3015009		5	5		1509006	布狄卡	5星独域机体意识布狄卡1号位	某位曾经存在之人的意识芯片，组合后能够提升独域机体的攻击能力。			2	1	1509	
3025009		5	5		1509005	布狄卡	5星独域机体意识布狄卡2号位	某位曾经存在之人的意识芯片，组合后能够提升独域机体的攻击能力。			2	2	1509	
3035009		5	5		1509004	布狄卡	5星独域机体意识布狄卡3号位	某位曾经存在之人的意识芯片，组合后能够提升独域机体的攻击能力。			2	3	1509	
3045009		5	5		1509003	布狄卡	5星独域机体意识布狄卡4号位	某位曾经存在之人的意识芯片，组合后能够提升独域机体的攻击能力。			2	4	1509	
3055009		5	5		1509002	布狄卡	5星独域机体意识布狄卡5号位	某位曾经存在之人的意识芯片，组合后能够提升独域机体的攻击能力。			2	5	1509	
3065009		5	5		1509001	布狄卡	5星独域机体意识布狄卡6号位	某位曾经存在之人的意识芯片，组合后能够提升独域机体的攻击能力。			2	6	1509	
3015055		5	5		1555006	KFC·Alpha	5星意识KFC·Alpha1号位			true	1	1	1555	
3025055		5	5		1555005	KFC·Alpha	5星意识KFC·Alpha2号位			true	1	2	1555	
3035055		5	5		1555004	KFC·Alpha	5星意识KFC·Alpha3号位			true	1	3	1555	
3045055		5	5		1555003	KFC·Alpha	5星意识KFC·Alpha4号位			true	1	4	1555	
3055055		5	5		1555002	KFC·Alpha	5星意识KFC·Alpha5号位			true	1	5	1555	
3065055		5	5		1555001	KFC·Alpha	5星意识KFC·Alpha6号位			true	1	6	1555	
3015056		5	5		1556006	KFC·Lucia	5星意识KFC·Lucia1号位			true	1	1	1556	
3025056		5	5		1556005	KFC·Lucia	5星意识KFC·Lucia2号位			true	1	2	1556	
3035056		5	5		1556004	KFC·Lucia	5星意识KFC·Lucia3号位			true	1	3	1556	
3045056		5	5		1556003	KFC·Lucia	5星意识KFC·Lucia4号位			true	1	4	1556	
3055056		5	5		1556002	KFC·Lucia	5星意识KFC·Lucia5号位			true	1	5	1556	
3065056		5	5		1556001	KFC·Lucia	5星意识KFC·Lucia6号位			true	1	6	1556	
3016017		6	6		1617006	列文虎克	6星意识列文虎克1号位	某位曾经存在的伟人的意识芯片，组合后能够提升泛用机体的战斗能力			1	1	1617	
3026017		6	6		1617005	列文虎克	6星意识列文虎克2号位	某位曾经存在的伟人的意识芯片，组合后能够提升泛用机体的战斗能力			1	2	1617	
3036017		6	6		1617004	列文虎克	6星意识列文虎克3号位	某位曾经存在的伟人的意识芯片，组合后能够提升泛用机体的战斗能力			1	3	1617	
3046017		6	6		1617003	列文虎克	6星意识列文虎克4号位	某位曾经存在的伟人的意识芯片，组合后能够提升泛用机体的战斗能力			1	4	1617	
3056017		6	6		1617002	列文虎克	6星意识列文虎克5号位	某位曾经存在的伟人的意识芯片，组合后能够提升泛用机体的战斗能力			1	5	1617	
3066017		6	6		1617001	列文虎克	6星意识列文虎克6号位	某位曾经存在的伟人的意识芯片，组合后能够提升泛用机体的战斗能力			1	6	1617	
3016018		6	6		1618006	武安君	6星独域机体意识武安君1号位	某位曾经存在之人的意识芯片，组合后能够提升独域机体的攻击能力。			2	1	1618	
3026018		6	6		1618005	武安君	6星独域机体意识武安君2号位	某位曾经存在之人的意识芯片，组合后能够提升独域机体的攻击能力。			2	2	1618	
3036018		6	6		1618004	武安君	6星独域机体意识武安君3号位	某位曾经存在之人的意识芯片，组合后能够提升独域机体的攻击能力。			2	3	1618	
3046018		6	6		1618003	武安君	6星独域机体意识武安君4号位	某位曾经存在之人的意识芯片，组合后能够提升独域机体的攻击能力。			2	4	1618	
3056018		6	6		1618002	武安君	6星独域机体意识武安君5号位	某位曾经存在之人的意识芯片，组合后能够提升独域机体的攻击能力。			2	5	1618	
3066018		6	6		1618001	武安君	6星独域机体意识武安君6号位	某位曾经存在之人的意识芯片，组合后能够提升独域机体的攻击能力。			2	6	1618	
3016019		6	6		1619006	勒梅	6星意识勒梅1号位	某位曾经存在的伟人的意识芯片，组合后能够提升泛用机体的战斗能力			1	1	1619	
3026019		6	6		1619005	勒梅	6星意识勒梅2号位	某位曾经存在的伟人的意识芯片，组合后能够提升泛用机体的战斗能力			1	2	1619	
3036019		6	6		1619004	勒梅	6星意识勒梅3号位	某位曾经存在的伟人的意识芯片，组合后能够提升泛用机体的战斗能力			1	3	1619	
3046019		6	6		1619003	勒梅	6星意识勒梅4号位	某位曾经存在的伟人的意识芯片，组合后能够提升泛用机体的战斗能力			1	4	1619	
3056019		6	6		1619002	勒梅	6星意识勒梅5号位	某位曾经存在的伟人的意识芯片，组合后能够提升泛用机体的战斗能力			1	5	1619	
3066019		6	6		1619001	勒梅	6星意识勒梅6号位	某位曾经存在的伟人的意识芯片，组合后能够提升泛用机体的战斗能力			1	6	1619	
3015053		5	5		1553006	里·月下庆典	5星意识里·月下庆典1号位			true	1	1	1553	
3025053		5	5		1553005	里·月下庆典	5星意识里·月下庆典2号位			true	1	2	1553	
3035053		5	5		1553004	里·月下庆典	5星意识里·月下庆典3号位			true	1	3	1553	
3045053		5	5		1553003	里·月下庆典	5星意识里·月下庆典4号位			true	1	4	1553	
3055053		5	5		1553002	里·月下庆典	5星意识里·月下庆典5号位			true	1	5	1553	
3065053		5	5		1553001	里·月下庆典	5星意识里·月下庆典6号位			true	1	6	1553	
3016020		6	6		1620006	卢克雷齐娅	6星独域机体意识卢克雷齐娅1号位	某位曾经存在之人的意识芯片，组合后能够提升独域机体的攻击能力。			2	1	1620	
3026020		6	6		1620005	卢克雷齐娅	6星独域机体意识卢克雷齐娅2号位	某位曾经存在之人的意识芯片，组合后能够提升独域机体的攻击能力。			2	2	1620	
3036020		6	6		1620004	卢克雷齐娅	6星独域机体意识卢克雷齐娅3号位	某位曾经存在之人的意识芯片，组合后能够提升独域机体的攻击能力。			2	3	1620	
3046020		6	6		1620003	卢克雷齐娅	6星独域机体意识卢克雷齐娅4号位	某位曾经存在之人的意识芯片，组合后能够提升独域机体的攻击能力。			2	4	1620	
3056020		6	6		1620002	卢克雷齐娅	6星独域机体意识卢克雷齐娅5号位	某位曾经存在之人的意识芯片，组合后能够提升独域机体的攻击能力。			2	5	1620	
3066020		6	6		1620001	卢克雷齐娅	6星独域机体意识卢克雷齐娅6号位	某位曾经存在之人的意识芯片，组合后能够提升独域机体的攻击能力。			2	6	1620	
3016021		6	6		1621006	埃克苏佩里	6星意识埃克苏佩里1号位	某位曾经存在的伟人的意识芯片，组合后能够提升泛用机体的战斗能力			1	1	1621	1
3026021		6	6		1621005	埃克苏佩里	6星意识埃克苏佩里2号位	某位曾经存在的伟人的意识芯片，组合后能够提升泛用机体的战斗能力			1	2	1621	1
3036021		6	6		1621004	埃克苏佩里	6星意识埃克苏佩里3号位	某位曾经存在的伟人的意识芯片，组合后能够提升泛用机体的战斗能力			1	3	1621	1
3046021		6	6		1621003	埃克苏佩里	6星意识埃克苏佩里4号位	某位曾经存在的伟人的意识芯片，组合后能够提升泛用机体的战斗能力			1	4	1621	1
3056021		6	6		1621002	埃克苏佩里	6星意识埃克苏佩里5号位	某位曾经存在的伟人的意识芯片，组合后能够提升泛用机体的战斗能力			1	5	1621	1
3066021		6	6		1621001	埃克苏佩里	6星意识埃克苏佩里6号位	某位曾经存在的伟人的意识芯片，组合后能够提升泛用机体的战斗能力			1	6	1621	1
3016022		6	6		1622006	提法	6星意识提法1号位	某位曾经存在的伟人的意识芯片，组合后能够提升泛用机体的战斗能力			1	1	1622	
3026022		6	6		1622005	提法	6星意识提法2号位	某位曾经存在的伟人的意识芯片，组合后能够提升泛用机体的战斗能力			1	2	1622	
3036022		6	6		1622004	提法	6星意识提法3号位	某位曾经存在的伟人的意识芯片，组合后能够提升泛用机体的战斗能力			1	3	1622	
3046022		6	6		1622003	提法	6星意识提法4号位	某位曾经存在的伟人的意识芯片，组合后能够提升泛用机体的战斗能力			1	4	1622	
3056022		6	6		1622002	提法	6星意识提法5号位	某位曾经存在的伟人的意识芯片，组合后能够提升泛用机体的战斗能力			1	5	1622	
3066022		6	6		1622001	提法	6星意识提法6号位	某位曾经存在的伟人的意识芯片，组合后能够提升泛用机体的战斗能力			1	6	1622	
3016023		6	6		1623006	杰克	6星意识杰克1号位	某位曾经存在之人的意识芯片，组合后能够提升独域机体的攻击能力。			2	1	1623	
3026023		6	6		1623005	杰克	6星意识杰克2号位	某位曾经存在之人的意识芯片，组合后能够提升独域机体的攻击能力。			2	2	1623	
3036023		6	6		1623004	杰克	6星意识杰克3号位	某位曾经存在之人的意识芯片，组合后能够提升独域机体的攻击能力。			2	3	1623	
3046023		6	6		1623003	杰克	6星意识杰克4号位	某位曾经存在之人的意识芯片，组合后能够提升独域机体的攻击能力。			2	4	1623	
3056023		6	6		1623002	杰克	6星意识杰克5号位	某位曾经存在之人的意识芯片，组合后能够提升独域机体的攻击能力。			2	5	1623	
3066023		6	6		1623001	杰克	6星意识杰克6号位	某位曾经存在之人的意识芯片，组合后能够提升独域机体的攻击能力。			2	6	1623	
3015057		5	5		1557006	丽芙·团聚一宵	5星意识丽芙·团聚一宵1号位			true	1	1	1557	
3025057		5	5		1557005	丽芙·团聚一宵	5星意识丽芙·团聚一宵2号位			true	1	2	1557	
3035057		5	5		1557004	丽芙·团聚一宵	5星意识丽芙·团聚一宵3号位			true	1	3	1557	
3045057		5	5		1557003	丽芙·团聚一宵	5星意识丽芙·团聚一宵4号位			true	1	4	1557	
3055057		5	5		1557002	丽芙·团聚一宵	5星意识丽芙·团聚一宵5号位			true	1	5	1557	
3065057		5	5		1557001	丽芙·团聚一宵	5星意识丽芙·团聚一宵6号位			true	1	6	1557	
3016024		6	6		1624006	伊丽莎白	6星意识伊丽莎白1号位	某位曾经存在的伟人的意识芯片，组合后能够提升泛用机体的战斗能力			1	1	1624	
3026024		6	6		1624005	伊丽莎白	6星意识伊丽莎白2号位	某位曾经存在的伟人的意识芯片，组合后能够提升泛用机体的战斗能力			1	2	1624	
3036024		6	6		1624004	伊丽莎白	6星意识伊丽莎白3号位	某位曾经存在的伟人的意识芯片，组合后能够提升泛用机体的战斗能力			1	3	1624	
3046024		6	6		1624003	伊丽莎白	6星意识伊丽莎白4号位	某位曾经存在的伟人的意识芯片，组合后能够提升泛用机体的战斗能力			1	4	1624	
3056024		6	6		1624002	伊丽莎白	6星意识伊丽莎白5号位	某位曾经存在的伟人的意识芯片，组合后能够提升泛用机体的战斗能力			1	5	1624	
3066024		6	6		1624001	伊丽莎白	6星意识伊丽莎白6号位	某位曾经存在的伟人的意识芯片，组合后能够提升泛用机体的战斗能力			1	6	1624	
3016025		6	6		1625006	萨贺芬	6星意识萨贺芬1号位	某位曾经存在的伟人的意识芯片，组合后能够提升泛用机体的战斗能力			1	1	1625	
3026025		6	6		1625005	萨贺芬	6星意识萨贺芬2号位	某位曾经存在的伟人的意识芯片，组合后能够提升泛用机体的战斗能力			1	2	1625	
3036025		6	6		1625004	萨贺芬	6星意识萨贺芬3号位	某位曾经存在的伟人的意识芯片，组合后能够提升泛用机体的战斗能力			1	3	1625	
3046025		6	6		1625003	萨贺芬	6星意识萨贺芬4号位	某位曾经存在的伟人的意识芯片，组合后能够提升泛用机体的战斗能力			1	4	1625	
3056025		6	6		1625002	萨贺芬	6星意识萨贺芬5号位	某位曾经存在的伟人的意识芯片，组合后能够提升泛用机体的战斗能力			1	5	1625	
3066025		6	6		1625001	萨贺芬	6星意识萨贺芬6号位	某位曾经存在的伟人的意识芯片，组合后能够提升泛用机体的战斗能力			1	6	1625	
3015058		5	5		1558006	库洛姆·夜宴	5星意识库洛姆·夜宴1号位			true	1	1	1558	
3025058		5	5		1558005	库洛姆·夜宴	5星意识库洛姆·夜宴2号位			true	1	2	1558	
3035058		5	5		1558004	库洛姆·夜宴	5星意识库洛姆·夜宴3号位			true	1	3	1558	
3045058		5	5		1558003	库洛姆·夜宴	5星意识库洛姆·夜宴4号位			true	1	4	1558	
3055058		5	5		1558002	库洛姆·夜宴	5星意识库洛姆·夜宴5号位			true	1	5	1558	
3065058		5	5		1558001	库洛姆·夜宴	5星意识库洛姆·夜宴6号位			true	1	6	1558	
3016026		6	6		1626006	玛尔珂	6星意识玛尔珂1号位	某位曾经存在之人的意识芯片，组合后能够提升独域机体的攻击能力。			2	1	1626	
3026026		6	6		1626005	玛尔珂	6星意识玛尔珂2号位	某位曾经存在之人的意识芯片，组合后能够提升独域机体的攻击能力。			2	2	1626	
3036026		6	6		1626004	玛尔珂	6星意识玛尔珂3号位	某位曾经存在之人的意识芯片，组合后能够提升独域机体的攻击能力。			2	3	1626	
3046026		6	6		1626003	玛尔珂	6星意识玛尔珂4号位	某位曾经存在之人的意识芯片，组合后能够提升独域机体的攻击能力。			2	4	1626	
3056026		6	6		1626002	玛尔珂	6星意识玛尔珂5号位	某位曾经存在之人的意识芯片，组合后能够提升独域机体的攻击能力。			2	5	1626	
3066026		6	6		1626001	玛尔珂	6星意识玛尔珂6号位	某位曾经存在之人的意识芯片，组合后能够提升独域机体的攻击能力。			2	6	1626	
3016027		6	6		1627006	尤尼梅特	6星意识尤尼梅特1号位	某位曾经存在的伟人的意识芯片，组合后能够提升泛用机体的战斗能力			1	1	1627	
3026027		6	6		1627005	尤尼梅特	6星意识尤尼梅特2号位	某位曾经存在的伟人的意识芯片，组合后能够提升泛用机体的战斗能力			1	2	1627	
3036027		6	6		1627004	尤尼梅特	6星意识尤尼梅特3号位	某位曾经存在的伟人的意识芯片，组合后能够提升泛用机体的战斗能力			1	3	1627	
3046027		6	6		1627003	尤尼梅特	6星意识尤尼梅特4号位	某位曾经存在的伟人的意识芯片，组合后能够提升泛用机体的战斗能力			1	4	1627	
3056027		6	6		1627002	尤尼梅特	6星意识尤尼梅特5号位	某位曾经存在的伟人的意识芯片，组合后能够提升泛用机体的战斗能力			1	5	1627	
3066027		6	6		1627001	尤尼梅特	6星意识尤尼梅特6号位	某位曾经存在的伟人的意识芯片，组合后能够提升泛用机体的战斗能力			1	6	1627	
3016028		6	6		1628006	艾夏	6星意识艾夏1号位	某位曾经存在之人的意识芯片，组合后能够提升独域机体的攻击能力。			2	1	1628	
3026028		6	6		1628005	艾夏	6星意识艾夏2号位	某位曾经存在之人的意识芯片，组合后能够提升独域机体的攻击能力。			2	2	1628	
3036028		6	6		1628004	艾夏	6星意识艾夏3号位	某位曾经存在之人的意识芯片，组合后能够提升独域机体的攻击能力。			2	3	1628	
3046028		6	6		1628003	艾夏	6星意识艾夏4号位	某位曾经存在之人的意识芯片，组合后能够提升独域机体的攻击能力。			2	4	1628	
3056028		6	6		1628002	艾夏	6星意识艾夏5号位	某位曾经存在之人的意识芯片，组合后能够提升独域机体的攻击能力。			2	5	1628	
3066028		6	6		1628001	艾夏	6星意识艾夏6号位	某位曾经存在之人的意识芯片，组合后能够提升独域机体的攻击能力。			2	6	1628	
3016029		6	6		1629006	布恩	6星意识布恩1号位	某位曾经存在的伟人的意识芯片，组合后能够提升泛用机体的战斗能力			1	1	1629	
3026029		6	6		1629005	布恩	6星意识布恩2号位	某位曾经存在的伟人的意识芯片，组合后能够提升泛用机体的战斗能力			1	2	1629	
3036029		6	6		1629004	布恩	6星意识布恩3号位	某位曾经存在的伟人的意识芯片，组合后能够提升泛用机体的战斗能力			1	3	1629	
3046029		6	6		1629003	布恩	6星意识布恩4号位	某位曾经存在的伟人的意识芯片，组合后能够提升泛用机体的战斗能力			1	4	1629	
3056029		6	6		1629002	布恩	6星意识布恩5号位	某位曾经存在的伟人的意识芯片，组合后能够提升泛用机体的战斗能力			1	5	1629	
3066029		6	6		1629001	布恩	6星意识布恩6号位	某位曾经存在的伟人的意识芯片，组合后能够提升泛用机体的战斗能力			1	6	1629	
3018053		5	5		1853001	礼装·丽芙	5星意识礼装·丽芙1号位			true	1	1	20001	
3028053		5	5		1853002	礼装·丽芙	5星意识礼装·丽芙2号位			true	1	2	20001	
3038053		5	5		1853003	礼装·丽芙	5星意识礼装·丽芙3号位			true	1	3	20001	
3048053		5	5		1853004	礼装·丽芙	5星意识礼装·丽芙4号位			true	1	4	20001	
3058053		5	5		1853005	礼装·丽芙	5星意识礼装·丽芙5号位			true	1	5	20001	
3068053		5	5		1853006	礼装·丽芙	5星意识礼装·丽芙6号位			true	1	6	20001	
3016030		6	6		1630006	雪莱	6星意识雪莱1号位	某位曾经存在之人的意识芯片，组合后能够提升独域机体的攻击能力。			2	1	1630	
3026030		6	6		1630005	雪莱	6星意识雪莱2号位	某位曾经存在之人的意识芯片，组合后能够提升独域机体的攻击能力。			2	2	1630	
3036030		6	6		1630004	雪莱	6星意识雪莱3号位	某位曾经存在之人的意识芯片，组合后能够提升独域机体的攻击能力。			2	3	1630	
3046030		6	6		1630003	雪莱	6星意识雪莱4号位	某位曾经存在之人的意识芯片，组合后能够提升独域机体的攻击能力。			2	4	1630	
3056030		6	6		1630002	雪莱	6星意识雪莱5号位	某位曾经存在之人的意识芯片，组合后能够提升独域机体的攻击能力。			2	5	1630	
3066030		6	6		1630001	雪莱	6星意识雪莱6号位	某位曾经存在之人的意识芯片，组合后能够提升独域机体的攻击能力。			2	6	1630	
3019050		5	5		1853007	薇拉·绯红夏日	5星意识薇拉·绯红夏日1号位			true	1	1	20002	
3029050		5	5		1853008	薇拉·绯红夏日	5星意识薇拉·绯红夏日2号位			true	1	2	20002	
3039050		5	5		1853009	薇拉·绯红夏日	5星意识薇拉·绯红夏日3号位			true	1	3	20002	
3049050		5	5		1853010	薇拉·绯红夏日	5星意识薇拉·绯红夏日4号位			true	1	4	20002	
3059050		5	5		1853011	薇拉·绯红夏日	5星意识薇拉·绯红夏日5号位			true	1	5	20002	
3069050		5	5		1853012	薇拉·绯红夏日	5星意识薇拉·绯红夏日6号位			true	1	6	20002	
3016031		6	6		1631006	夏洛蒂	6星意识夏洛蒂1号位	某位曾经存在的伟人的意识芯片，组合后能够提升泛用机体的战斗能力			1	1	1631	
3026031		6	6		1631005	夏洛蒂	6星意识夏洛蒂2号位	某位曾经存在的伟人的意识芯片，组合后能够提升泛用机体的战斗能力			1	2	1631	
3036031		6	6		1631004	夏洛蒂	6星意识夏洛蒂3号位	某位曾经存在的伟人的意识芯片，组合后能够提升泛用机体的战斗能力			1	3	1631	
3046031		6	6		1631003	夏洛蒂	6星意识夏洛蒂4号位	某位曾经存在的伟人的意识芯片，组合后能够提升泛用机体的战斗能力			1	4	1631	
3056031		6	6		1631002	夏洛蒂	6星意识夏洛蒂5号位	某位曾经存在的伟人的意识芯片，组合后能够提升泛用机体的战斗能力			1	5	1631	
3066031		6	6		1631001	夏洛蒂	6星意识夏洛蒂6号位	某位曾经存在的伟人的意识芯片，组合后能够提升泛用机体的战斗能力			1	6	1631	
3016032		6	6		1632006	图灵	6星意识图灵1号位	某位曾经存在的伟人的意识芯片，组合后能够提升泛用机体的战斗能力			1	1	1632	
3026032		6	6		1632005	图灵	6星意识图灵2号位	某位曾经存在的伟人的意识芯片，组合后能够提升泛用机体的战斗能力			1	2	1632	
3036032		6	6		1632004	图灵	6星意识图灵3号位	某位曾经存在的伟人的意识芯片，组合后能够提升泛用机体的战斗能力			1	3	1632	
3046032		6	6		1632003	图灵	6星意识图灵4号位	某位曾经存在的伟人的意识芯片，组合后能够提升泛用机体的战斗能力			1	4	1632	
3056032		6	6		1632002	图灵	6星意识图灵5号位	某位曾经存在的伟人的意识芯片，组合后能够提升泛用机体的战斗能力			1	5	1632	
3066032		6	6		1632001	图灵	6星意识图灵6号位	某位曾经存在的伟人的意识芯片，组合后能够提升泛用机体的战斗能力			1	6	1632	
3016033		6	6		1633006	艾琳	6星意识艾琳1号位	某位曾经存在的伟人的意识芯片，组合后能够提升泛用机体的战斗能力			1	1	1633	
3026033		6	6		1633005	艾琳	6星意识艾琳2号位	某位曾经存在的伟人的意识芯片，组合后能够提升泛用机体的战斗能力			1	2	1633	
3036033		6	6		1633004	艾琳	6星意识艾琳3号位	某位曾经存在的伟人的意识芯片，组合后能够提升泛用机体的战斗能力			1	3	1633	
3046033		6	6		1633003	艾琳	6星意识艾琳4号位	某位曾经存在的伟人的意识芯片，组合后能够提升泛用机体的战斗能力			1	4	1633	
3056033		6	6		1633002	艾琳	6星意识艾琳5号位	某位曾经存在的伟人的意识芯片，组合后能够提升泛用机体的战斗能力			1	5	1633	
3066033		6	6		1633001	艾琳	6星意识艾琳6号位	某位曾经存在的伟人的意识芯片，组合后能够提升泛用机体的战斗能力			1	6	1633	
3016034		6	6		1634006	狄瑟尔	6星意识狄瑟尔1号位	某位曾经存在的伟人的意识芯片，组合后能够提升泛用机体的战斗能力			1	1	1634	
3026034		6	6		1634005	狄瑟尔	6星意识狄瑟尔2号位	某位曾经存在的伟人的意识芯片，组合后能够提升泛用机体的战斗能力			1	2	1634	
3036034		6	6		1634004	狄瑟尔	6星意识狄瑟尔3号位	某位曾经存在的伟人的意识芯片，组合后能够提升泛用机体的战斗能力			1	3	1634	
3046034		6	6		1634003	狄瑟尔	6星意识狄瑟尔4号位	某位曾经存在的伟人的意识芯片，组合后能够提升泛用机体的战斗能力			1	4	1634	
3056034		6	6		1634002	狄瑟尔	6星意识狄瑟尔5号位	某位曾经存在的伟人的意识芯片，组合后能够提升泛用机体的战斗能力			1	5	1634	
3066034		6	6		1634001	狄瑟尔	6星意识狄瑟尔6号位	某位曾经存在的伟人的意识芯片，组合后能够提升泛用机体的战斗能力			1	6	1634	
3016035		6	6		1635006	弗兰	6星意识弗兰1号位	某位曾经存在的伟人的意识芯片，组合后能够提升泛用机体的战斗能力			1	1	1635	
3026035		6	6		1635005	弗兰	6星意识弗兰2号位	某位曾经存在的伟人的意识芯片，组合后能够提升泛用机体的战斗能力			1	2	1635	
3036035		6	6		1635004	弗兰	6星意识弗兰3号位	某位曾经存在的伟人的意识芯片，组合后能够提升泛用机体的战斗能力			1	3	1635	
3046035		6	6		1635003	弗兰	6星意识弗兰4号位	某位曾经存在的伟人的意识芯片，组合后能够提升泛用机体的战斗能力			1	4	1635	
3056035		6	6		1635002	弗兰	6星意识弗兰5号位	某位曾经存在的伟人的意识芯片，组合后能够提升泛用机体的战斗能力			1	5	1635	
3066035		6	6		1635001	弗兰	6星意识弗兰6号位	某位曾经存在的伟人的意识芯片，组合后能够提升泛用机体的战斗能力			1	6	1635	
3016036		6	6		1636006	希格娜	6星意识希格娜1号位	某位曾经存在的伟人的意识芯片，组合后能够提升泛用机体的战斗能力			1	1	1636	
3026036		6	6		1636005	希格娜	6星意识希格娜2号位	某位曾经存在的伟人的意识芯片，组合后能够提升泛用机体的战斗能力			1	2	1636	
3036036		6	6		1636004	希格娜	6星意识希格娜3号位	某位曾经存在的伟人的意识芯片，组合后能够提升泛用机体的战斗能力			1	3	1636	
3046036		6	6		1636003	希格娜	6星意识希格娜4号位	某位曾经存在的伟人的意识芯片，组合后能够提升泛用机体的战斗能力			1	4	1636	
3056036		6	6		1636002	希格娜	6星意识希格娜5号位	某位曾经存在的伟人的意识芯片，组合后能够提升泛用机体的战斗能力			1	5	1636	
3066036		6	6		1636001	希格娜	6星意识希格娜6号位	某位曾经存在的伟人的意识芯片，组合后能够提升泛用机体的战斗能力			1	6	1636	
3016037		6	6		1637006	德珂朵	6星意识德珂朵1号位	某位曾经存在的伟人的意识芯片，组合后能够提升泛用机体的战斗能力			1	1	1637	
3026037		6	6		1637005	德珂朵	6星意识德珂朵2号位	某位曾经存在的伟人的意识芯片，组合后能够提升泛用机体的战斗能力			1	2	1637	
3036037		6	6		1637004	德珂朵	6星意识德珂朵3号位	某位曾经存在的伟人的意识芯片，组合后能够提升泛用机体的战斗能力			1	3	1637	
3046037		6	6		1637003	德珂朵	6星意识德珂朵4号位	某位曾经存在的伟人的意识芯片，组合后能够提升泛用机体的战斗能力			1	4	1637	
3056037		6	6		1637002	德珂朵	6星意识德珂朵5号位	某位曾经存在的伟人的意识芯片，组合后能够提升泛用机体的战斗能力			1	5	1637	
3066037		6	6		1637001	德珂朵	6星意识德珂朵6号位	某位曾经存在的伟人的意识芯片，组合后能够提升泛用机体的战斗能力			1	6	1637	
3016038		6	6		1638006	阿尔冯斯	6星意识阿尔冯斯1号位	某位曾经存在的伟人的意识芯片，组合后能够提升泛用机体的战斗能力			1	1	1638	
3026038		6	6		1638005	阿尔冯斯	6星意识阿尔冯斯2号位	某位曾经存在的伟人的意识芯片，组合后能够提升泛用机体的战斗能力			1	2	1638	
3036038		6	6		1638004	阿尔冯斯	6星意识阿尔冯斯3号位	某位曾经存在的伟人的意识芯片，组合后能够提升泛用机体的战斗能力			1	3	1638	
3046038		6	6		1638003	阿尔冯斯	6星意识阿尔冯斯4号位	某位曾经存在的伟人的意识芯片，组合后能够提升泛用机体的战斗能力			1	4	1638	
3056038		6	6		1638002	阿尔冯斯	6星意识阿尔冯斯5号位	某位曾经存在的伟人的意识芯片，组合后能够提升泛用机体的战斗能力			1	5	1638	
3066038		6	6		1638001	阿尔冯斯	6星意识阿尔冯斯6号位	某位曾经存在的伟人的意识芯片，组合后能够提升泛用机体的战斗能力			1	6	1638	
3016039		6	6		1639006	莉莉安娜	6星意识独域新意识1号位	某位曾经存在的伟人的意识芯片，组合后能够提升泛用机体的战斗能力			2	1	1639	
3026039		6	6		1639005	莉莉安娜	6星意识独域新意识2号位	某位曾经存在的伟人的意识芯片，组合后能够提升泛用机体的战斗能力			2	2	1639	
3036039		6	6		1639004	莉莉安娜	6星意识独域新意识3号位	某位曾经存在的伟人的意识芯片，组合后能够提升泛用机体的战斗能力			2	3	1639	
3046039		6	6		1639003	莉莉安娜	6星意识独域新意识4号位	某位曾经存在的伟人的意识芯片，组合后能够提升泛用机体的战斗能力			2	4	1639	
3056039		6	6		1639002	莉莉安娜	6星意识独域新意识5号位	某位曾经存在的伟人的意识芯片，组合后能够提升泛用机体的战斗能力			2	5	1639	
3066039		6	6		1639001	莉莉安娜	6星意识独域新意识6号位	某位曾经存在的伟人的意识芯片，组合后能够提升泛用机体的战斗能力			2	6	1639	
3016040		6	6		1640006	姬伯安	6星意识曲六星意识1号位	某位曾经存在的伟人的意识芯片，组合后能够提升泛用机体的战斗能力			1	1	1640	
3026040		6	6		1640005	姬伯安	6星意识曲六星意识2号位	某位曾经存在的伟人的意识芯片，组合后能够提升泛用机体的战斗能力			1	2	1640	
3036040		6	6		1640004	姬伯安	6星意识曲六星意识3号位	某位曾经存在的伟人的意识芯片，组合后能够提升泛用机体的战斗能力			1	3	1640	
3046040		6	6		1640003	姬伯安	6星意识曲六星意识4号位	某位曾经存在的伟人的意识芯片，组合后能够提升泛用机体的战斗能力			1	4	1640	
3056040		6	6		1640002	姬伯安	6星意识曲六星意识5号位	某位曾经存在的伟人的意识芯片，组合后能够提升泛用机体的战斗能力			1	5	1640	
3066040		6	6		1640001	姬伯安	6星意识曲六星意识6号位	某位曾经存在的伟人的意识芯片，组合后能够提升泛用机体的战斗能力			1	6	1640	
3016041		6	6		1641006	克娄帕特拉	6星意识露娜意识1号位	某位曾经存在的伟人的意识芯片，组合后能够提升泛用机体的战斗能力			1	1	1641	
3026041		6	6		1641005	克娄帕特拉	6星意识露娜意识2号位	某位曾经存在的伟人的意识芯片，组合后能够提升泛用机体的战斗能力			1	2	1641	
3036041		6	6		1641004	克娄帕特拉	6星意识露娜意识3号位	某位曾经存在的伟人的意识芯片，组合后能够提升泛用机体的战斗能力			1	3	1641	
3046041		6	6		1641003	克娄帕特拉	6星意识露娜意识4号位	某位曾经存在的伟人的意识芯片，组合后能够提升泛用机体的战斗能力			1	4	1641	
3056041		6	6		1641002	克娄帕特拉	6星意识露娜意识5号位	某位曾经存在的伟人的意识芯片，组合后能够提升泛用机体的战斗能力			1	5	1641	
3066041		6	6		1641001	克娄帕特拉	6星意识露娜意识6号位	某位曾经存在的伟人的意识芯片，组合后能够提升泛用机体的战斗能力			1	6	1641	
3016042		6	6		1642006	长梧子	6星意识含英意识1号位	某位曾经存在的伟人的意识芯片，组合后能够提升泛用机体的战斗能力			1	1	1642	
3026042		6	6		1642005	长梧子	6星意识含英意识2号位	某位曾经存在的伟人的意识芯片，组合后能够提升泛用机体的战斗能力			1	2	1642	
3036042		6	6		1642004	长梧子	6星意识含英意识3号位	某位曾经存在的伟人的意识芯片，组合后能够提升泛用机体的战斗能力			1	3	1642	
3046042		6	6		1642003	长梧子	6星意识含英意识4号位	某位曾经存在的伟人的意识芯片，组合后能够提升泛用机体的战斗能力			1	4	1642	
3056042		6	6		1642002	长梧子	6星意识含英意识5号位	某位曾经存在的伟人的意识芯片，组合后能够提升泛用机体的战斗能力			1	5	1642	
3066042		6	6		1642001	长梧子	6星意识含英意识6号位	某位曾经存在的伟人的意识芯片，组合后能够提升泛用机体的战斗能力			1	6	1642	
3016043		6	6		1643006	利斯顿	6星意识万事意识1号位	某位曾经存在的伟人的意识芯片，组合后能够提升泛用机体的战斗能力			1	1	1643	
3026043		6	6		1643005	利斯顿	6星意识万事意识2号位	某位曾经存在的伟人的意识芯片，组合后能够提升泛用机体的战斗能力			1	2	1643	
3036043		6	6		1643004	利斯顿	6星意识万事意识3号位	某位曾经存在的伟人的意识芯片，组合后能够提升泛用机体的战斗能力			1	3	1643	
3046043		6	6		1643003	利斯顿	6星意识万事意识4号位	某位曾经存在的伟人的意识芯片，组合后能够提升泛用机体的战斗能力			1	4	1643	
3056043		6	6		1643002	利斯顿	6星意识万事意识5号位	某位曾经存在的伟人的意识芯片，组合后能够提升泛用机体的战斗能力			1	5	1643	
3066043		6	6		1643001	利斯顿	6星意识万事意识6号位	某位曾经存在的伟人的意识芯片，组合后能够提升泛用机体的战斗能力			1	6	1643	
3016044		6	6		1644006	赫拉克利特	6星意识露西亚意识1号位	某位曾经存在的伟人的意识芯片，组合后能够提升泛用机体的战斗能力			1	1	1644	
3026044		6	6		1644005	赫拉克利特	6星意识露西亚意识2号位	某位曾经存在的伟人的意识芯片，组合后能够提升泛用机体的战斗能力			1	2	1644	
3036044		6	6		1644004	赫拉克利特	6星意识露西亚意识3号位	某位曾经存在的伟人的意识芯片，组合后能够提升泛用机体的战斗能力			1	3	1644	
3046044		6	6		1644003	赫拉克利特	6星意识露西亚意识4号位	某位曾经存在的伟人的意识芯片，组合后能够提升泛用机体的战斗能力			1	4	1644	
3056044		6	6		1644002	赫拉克利特	6星意识露西亚意识5号位	某位曾经存在的伟人的意识芯片，组合后能够提升泛用机体的战斗能力			1	5	1644	
3066044		6	6		1644001	赫拉克利特	6星意识露西亚意识6号位	某位曾经存在的伟人的意识芯片，组合后能够提升泛用机体的战斗能力			1	6	1644	
3016045		6	6		1645006	王尔德	6星意识雷盾意识1号位	某位曾经存在的伟人的意识芯片，组合后能够提升泛用机体的战斗能力			1	1	1645	
3026045		6	6		1645005	王尔德	6星意识雷盾意识2号位	某位曾经存在的伟人的意识芯片，组合后能够提升泛用机体的战斗能力			1	2	1645	
3036045		6	6		1645004	王尔德	6星意识雷盾意识3号位	某位曾经存在的伟人的意识芯片，组合后能够提升泛用机体的战斗能力			1	3	1645	
3046045		6	6		1645003	王尔德	6星意识雷盾意识4号位	某位曾经存在的伟人的意识芯片，组合后能够提升泛用机体的战斗能力			1	4	1645	
3056045		6	6		1645002	王尔德	6星意识雷盾意识5号位	某位曾经存在的伟人的意识芯片，组合后能够提升泛用机体的战斗能力			1	5	1645	
3066045		6	6		1645001	王尔德	6星意识雷盾意识6号位	某位曾经存在的伟人的意识芯片，组合后能够提升泛用机体的战斗能力			1	6	1645	
3016046		6	6		1646006	赫尔舍尔	6星意识七实意识1号位	某位曾经存在的伟人的意识芯片，组合后能够提升泛用机体的战斗能力			1	1	1646	
3026046		6	6		1646005	赫尔舍尔	6星意识七实意识2号位	某位曾经存在的伟人的意识芯片，组合后能够提升泛用机体的战斗能力			1	2	1646	
3036046		6	6		1646004	赫尔舍尔	6星意识七实意识3号位	某位曾经存在的伟人的意识芯片，组合后能够提升泛用机体的战斗能力			1	3	1646	
3046046		6	6		1646003	赫尔舍尔	6星意识七实意识4号位	某位曾经存在的伟人的意识芯片，组合后能够提升泛用机体的战斗能力			1	4	1646	
3056046		6	6		1646002	赫尔舍尔	6星意识七实意识5号位	某位曾经存在的伟人的意识芯片，组合后能够提升泛用机体的战斗能力			1	5	1646	
3066046		6	6		1646001	赫尔舍尔	6星意识七实意识6号位	某位曾经存在的伟人的意识芯片，组合后能够提升泛用机体的战斗能力			1	6	1646	
3016047		6	6		1647006	索托斯	6星意识慈悲者意识1号位	某位曾经存在的伟人的意识芯片，组合后能够提升泛用机体的战斗能力			1	1	1647	
3026047		6	6		1647005	索托斯	6星意识慈悲者意识2号位	某位曾经存在的伟人的意识芯片，组合后能够提升泛用机体的战斗能力			1	2	1647	
3036047		6	6		1647004	索托斯	6星意识慈悲者意识3号位	某位曾经存在的伟人的意识芯片，组合后能够提升泛用机体的战斗能力			1	3	1647	
3046047		6	6		1647003	索托斯	6星意识慈悲者意识4号位	某位曾经存在的伟人的意识芯片，组合后能够提升泛用机体的战斗能力			1	4	1647	
3056047		6	6		1647002	索托斯	6星意识慈悲者意识5号位	某位曾经存在的伟人的意识芯片，组合后能够提升泛用机体的战斗能力			1	5	1647	
3066047		6	6		1647001	索托斯	6星意识慈悲者意识6号位	某位曾经存在的伟人的意识芯片，组合后能够提升泛用机体的战斗能力			1	6	1647	
3016048		6	6		1648006	巴塞罗	6星意识莉莉丝意识1号位	某位曾经存在的伟人的意识芯片，组合后能够提升泛用机体的战斗能力			1	1	1648	
3026048		6	6		1648005	巴塞罗	6星意识莉莉丝意识2号位	某位曾经存在的伟人的意识芯片，组合后能够提升泛用机体的战斗能力			1	2	1648	
3036048		6	6		1648004	巴塞罗	6星意识莉莉丝意识3号位	某位曾经存在的伟人的意识芯片，组合后能够提升泛用机体的战斗能力			1	3	1648	
3046048		6	6		1648003	巴塞罗	6星意识莉莉丝意识4号位	某位曾经存在的伟人的意识芯片，组合后能够提升泛用机体的战斗能力			1	4	1648	
3056048		6	6		1648002	巴塞罗	6星意识莉莉丝意识5号位	某位曾经存在的伟人的意识芯片，组合后能够提升泛用机体的战斗能力			1	5	1648	
3066048		6	6		1648001	巴塞罗	6星意识莉莉丝意识6号位	某位曾经存在的伟人的意识芯片，组合后能够提升泛用机体的战斗能力			1	6	1648	
3016049		6	6		1649006	布兰	6星意识赛琳娜意识1号位	某位曾经存在的伟人的意识芯片，组合后能够提升泛用机体的战斗能力			1	1	1649	
3026049		6	6		1649005	布兰	6星意识赛琳娜意识2号位	某位曾经存在的伟人的意识芯片，组合后能够提升泛用机体的战斗能力			1	2	1649	
3036049		6	6		1649004	布兰	6星意识赛琳娜意识3号位	某位曾经存在的伟人的意识芯片，组合后能够提升泛用机体的战斗能力			1	3	1649	
3046049		6	6		1649003	布兰	6星意识赛琳娜意识4号位	某位曾经存在的伟人的意识芯片，组合后能够提升泛用机体的战斗能力			1	4	1649	
3056049		6	6		1649002	布兰	6星意识赛琳娜意识5号位	某位曾经存在的伟人的意识芯片，组合后能够提升泛用机体的战斗能力			1	5	1649	
3066049		6	6		1649001	布兰	6星意识赛琳娜意识6号位	某位曾经存在的伟人的意识芯片，组合后能够提升泛用机体的战斗能力			1	6	1649	
3016050		6	6		1650006	克涅诺娃	6星意识冰束意识1号位	某位曾经存在的伟人的意识芯片，组合后能够提升泛用机体的战斗能力			1	1	1650	
3026050		6	6		1650005	克涅诺娃	6星意识冰束意识2号位	某位曾经存在的伟人的意识芯片，组合后能够提升泛用机体的战斗能力			1	2	1650	
3036050		6	6		1650004	克涅诺娃	6星意识冰束意识3号位	某位曾经存在的伟人的意识芯片，组合后能够提升泛用机体的战斗能力			1	3	1650	
3046050		6	6		1650003	克涅诺娃	6星意识冰束意识4号位	某位曾经存在的伟人的意识芯片，组合后能够提升泛用机体的战斗能力			1	4	1650	
3056050		6	6		1650002	克涅诺娃	6星意识冰束意识5号位	某位曾经存在的伟人的意识芯片，组合后能够提升泛用机体的战斗能力			1	5	1650	
3066050		6	6		1650001	克涅诺娃	6星意识冰束意识6号位	某位曾经存在的伟人的意识芯片，组合后能够提升泛用机体的战斗能力			1	6	1650	
3016051		6	6		1651006	赫尔薇	6星意识薇拉意识1号位	某位曾经存在的伟人的意识芯片，组合后能够提升泛用机体的战斗能力			1	1	1651	
3026051		6	6		1651005	赫尔薇	6星意识薇拉意识2号位	某位曾经存在的伟人的意识芯片，组合后能够提升泛用机体的战斗能力			1	2	1651	
3036051		6	6		1651004	赫尔薇	6星意识薇拉意识3号位	某位曾经存在的伟人的意识芯片，组合后能够提升泛用机体的战斗能力			1	3	1651	
3046051		6	6		1651003	赫尔薇	6星意识薇拉意识4号位	某位曾经存在的伟人的意识芯片，组合后能够提升泛用机体的战斗能力			1	4	1651	
3056051		6	6		1651002	赫尔薇	6星意识薇拉意识5号位	某位曾经存在的伟人的意识芯片，组合后能够提升泛用机体的战斗能力			1	5	1651	
3066051		6	6		1651001	赫尔薇	6星意识薇拉意识6号位	某位曾经存在的伟人的意识芯片，组合后能够提升泛用机体的战斗能力			1	6	1651	
3016052		6	6		1652006	让娜	6星意识比安卡意识1号位	某位曾经存在的伟人的意识芯片，组合后能够提升泛用机体的战斗能力			1	1	1652	
3026052		6	6		1652005	让娜	6星意识比安卡意识2号位	某位曾经存在的伟人的意识芯片，组合后能够提升泛用机体的战斗能力			1	2	1652	
3036052		6	6		1652004	让娜	6星意识比安卡意识3号位	某位曾经存在的伟人的意识芯片，组合后能够提升泛用机体的战斗能力			1	3	1652	
3046052		6	6		1652003	让娜	6星意识比安卡意识4号位	某位曾经存在的伟人的意识芯片，组合后能够提升泛用机体的战斗能力			1	4	1652	
3056052		6	6		1652002	让娜	6星意识比安卡意识5号位	某位曾经存在的伟人的意识芯片，组合后能够提升泛用机体的战斗能力			1	5	1652	
3066052		6	6		1652001	让娜	6星意识比安卡意识6号位	某位曾经存在的伟人的意识芯片，组合后能够提升泛用机体的战斗能力			1	6	1652	
3016053		6	6		1653006	济慈	6星意识维罗妮卡意识1号位	某位曾经存在的伟人的意识芯片，组合后能够提升泛用机体的战斗能力			1	1	1653	
3026053		6	6		1653005	济慈	6星意识维罗妮卡意识2号位	某位曾经存在的伟人的意识芯片，组合后能够提升泛用机体的战斗能力			1	2	1653	
3036053		6	6		1653004	济慈	6星意识维罗妮卡意识3号位	某位曾经存在的伟人的意识芯片，组合后能够提升泛用机体的战斗能力			1	3	1653	
3046053		6	6		1653003	济慈	6星意识维罗妮卡意识4号位	某位曾经存在的伟人的意识芯片，组合后能够提升泛用机体的战斗能力			1	4	1653	
3056053		6	6		1653002	济慈	6星意识维罗妮卡意识5号位	某位曾经存在的伟人的意识芯片，组合后能够提升泛用机体的战斗能力			1	5	1653	
3066053		6	6		1653001	济慈	6星意识维罗妮卡意识6号位	某位曾经存在的伟人的意识芯片，组合后能够提升泛用机体的战斗能力			1	6	1653	
3016054		6	6		1654006	娜塔莎	6星意识丽芙意识1号位	某位曾经存在的伟人的意识芯片，组合后能够提升泛用机体的战斗能力			1	1	1654	
3026054		6	6		1654005	娜塔莎	6星意识丽芙意识2号位	某位曾经存在的伟人的意识芯片，组合后能够提升泛用机体的战斗能力			1	2	1654	
3036054		6	6		1654004	娜塔莎	6星意识丽芙意识3号位	某位曾经存在的伟人的意识芯片，组合后能够提升泛用机体的战斗能力			1	3	1654	
3046054		6	6		1654003	娜塔莎	6星意识丽芙意识4号位	某位曾经存在的伟人的意识芯片，组合后能够提升泛用机体的战斗能力			1	4	1654	
3056054		6	6		1654002	娜塔莎	6星意识丽芙意识5号位	某位曾经存在的伟人的意识芯片，组合后能够提升泛用机体的战斗能力			1	5	1654	
3066054		6	6		1654001	娜塔莎	6星意识丽芙意识6号位	某位曾经存在的伟人的意识芯片，组合后能够提升泛用机体的战斗能力			1	6	1654	
3016055		6	6		1655006	庞加莱	6星意识黯衍意识1号位	某位曾经存在的伟人的意识芯片，组合后能够提升泛用机体的战斗能力			1	1	1655	
3026055		6	6		1655005	庞加莱	6星意识黯衍意识2号位	某位曾经存在的伟人的意识芯片，组合后能够提升泛用机体的战斗能力			1	2	1655	
3036055		6	6		1655004	庞加莱	6星意识黯衍意识3号位	某位曾经存在的伟人的意识芯片，组合后能够提升泛用机体的战斗能力			1	3	1655	
3046055		6	6		1655003	庞加莱	6星意识黯衍意识4号位	某位曾经存在的伟人的意识芯片，组合后能够提升泛用机体的战斗能力			1	4	1655	
3056055		6	6		1655002	庞加莱	6星意识黯衍意识5号位	某位曾经存在的伟人的意识芯片，组合后能够提升泛用机体的战斗能力			1	5	1655	
3066055		6	6		1655001	庞加莱	6星意识黯衍意识6号位	某位曾经存在的伟人的意识芯片，组合后能够提升泛用机体的战斗能力			1	6	1655	
3016056		6	6		1656006	乔安娜	6星意识布偶熊意识1号位	某位曾经存在的伟人的意识芯片，组合后能够提升泛用机体的战斗能力			1	1	1656	
3026056		6	6		1656005	乔安娜	6星意识布偶熊意识2号位	某位曾经存在的伟人的意识芯片，组合后能够提升泛用机体的战斗能力			1	2	1656	
3036056		6	6		1656004	乔安娜	6星意识布偶熊意识3号位	某位曾经存在的伟人的意识芯片，组合后能够提升泛用机体的战斗能力			1	3	1656	
3046056		6	6		1656003	乔安娜	6星意识布偶熊意识4号位	某位曾经存在的伟人的意识芯片，组合后能够提升泛用机体的战斗能力			1	4	1656	
3056056		6	6		1656002	乔安娜	6星意识布偶熊意识5号位	某位曾经存在的伟人的意识芯片，组合后能够提升泛用机体的战斗能力			1	5	1656	
3066056		6	6		1656001	乔安娜	6星意识布偶熊意识6号位	某位曾经存在的伟人的意识芯片，组合后能够提升泛用机体的战斗能力			1	6	1656	
3016057		6	6		1657006	妮缪	6星意识罗塞塔意识1号位	某位曾经存在的伟人的意识芯片，组合后能够提升泛用机体的战斗能力			1	1	1657	
3026057		6	6		1657005	妮缪	6星意识罗塞塔意识2号位	某位曾经存在的伟人的意识芯片，组合后能够提升泛用机体的战斗能力			1	2	1657	
3036057		6	6		1657004	妮缪	6星意识罗塞塔意识3号位	某位曾经存在的伟人的意识芯片，组合后能够提升泛用机体的战斗能力			1	3	1657	
3046057		6	6		1657003	妮缪	6星意识罗塞塔意识4号位	某位曾经存在的伟人的意识芯片，组合后能够提升泛用机体的战斗能力			1	4	1657	
3056057		6	6		1657002	妮缪	6星意识罗塞塔意识5号位	某位曾经存在的伟人的意识芯片，组合后能够提升泛用机体的战斗能力			1	5	1657	
3066057		6	6		1657001	妮缪	6星意识罗塞塔意识6号位	某位曾经存在的伟人的意识芯片，组合后能够提升泛用机体的战斗能力			1	6	1657	
3016058		6	6		1658006	本笙	6星意识真意斩意识1号位	某位曾经存在的伟人的意识芯片，组合后能够提升泛用机体的战斗能力			1	1	1658	
3026058		6	6		1658005	本笙	6星意识真意斩意识2号位	某位曾经存在的伟人的意识芯片，组合后能够提升泛用机体的战斗能力			1	2	1658	
3036058		6	6		1658004	本笙	6星意识真意斩意识3号位	某位曾经存在的伟人的意识芯片，组合后能够提升泛用机体的战斗能力			1	3	1658	
3046058		6	6		1658003	本笙	6星意识真意斩意识4号位	某位曾经存在的伟人的意识芯片，组合后能够提升泛用机体的战斗能力			1	4	1658	
3056058		6	6		1658002	本笙	6星意识真意斩意识5号位	某位曾经存在的伟人的意识芯片，组合后能够提升泛用机体的战斗能力			1	5	1658	
3066058		6	6		1658001	本笙	6星意识真意斩意识6号位	某位曾经存在的伟人的意识芯片，组合后能够提升泛用机体的战斗能力			1	6	1658	
3016059		6	6		1659006	布尔加科夫	6星意识涅缇娅意识1号位	某位曾经存在的伟人的意识芯片，组合后能够提升泛用机体的战斗能力			1	1	1659	
3026059		6	6		1659005	布尔加科夫	6星意识涅缇娅意识2号位	某位曾经存在的伟人的意识芯片，组合后能够提升泛用机体的战斗能力			1	2	1659	
3036059		6	6		1659004	布尔加科夫	6星意识涅缇娅意识3号位	某位曾经存在的伟人的意识芯片，组合后能够提升泛用机体的战斗能力			1	3	1659	
3046059		6	6		1659003	布尔加科夫	6星意识涅缇娅意识4号位	某位曾经存在的伟人的意识芯片，组合后能够提升泛用机体的战斗能力			1	4	1659	
3056059		6	6		1659002	布尔加科夫	6星意识涅缇娅意识5号位	某位曾经存在的伟人的意识芯片，组合后能够提升泛用机体的战斗能力			1	5	1659	
3066059		6	6		1659001	布尔加科夫	6星意识涅缇娅意识6号位	某位曾经存在的伟人的意识芯片，组合后能够提升泛用机体的战斗能力			1	6	1659	
3016060		6	6		1660006	费曼	6星意识神威意识1号位	某位曾经存在的伟人的意识芯片，组合后能够提升泛用机体的战斗能力			1	1	1660	
3026060		6	6		1660005	费曼	6星意识神威意识2号位	某位曾经存在的伟人的意识芯片，组合后能够提升泛用机体的战斗能力			1	2	1660	
3036060		6	6		1660004	费曼	6星意识神威意识3号位	某位曾经存在的伟人的意识芯片，组合后能够提升泛用机体的战斗能力			1	3	1660	
3046060		6	6		1660003	费曼	6星意识神威意识4号位	某位曾经存在的伟人的意识芯片，组合后能够提升泛用机体的战斗能力			1	4	1660	
3056060		6	6		1660002	费曼	6星意识神威意识5号位	某位曾经存在的伟人的意识芯片，组合后能够提升泛用机体的战斗能力			1	5	1660	
3066060		6	6		1660001	费曼	6星意识神威意识6号位	某位曾经存在的伟人的意识芯片，组合后能够提升泛用机体的战斗能力			1	6	1660	
3016061		6	6		1661006	帕夫利琴科	6星意识露西亚·逆冕意识1号位	某位曾经存在的伟人的意识芯片，组合后能够提升泛用机体的战斗能力			1	1	1661	
3026061		6	6		1661005	帕夫利琴科	6星意识露西亚·逆冕意识2号位	某位曾经存在的伟人的意识芯片，组合后能够提升泛用机体的战斗能力			1	2	1661	
3036061		6	6		1661004	帕夫利琴科	6星意识露西亚·逆冕意识3号位	某位曾经存在的伟人的意识芯片，组合后能够提升泛用机体的战斗能力			1	3	1661	
3046061		6	6		1661003	帕夫利琴科	6星意识露西亚·逆冕意识4号位	某位曾经存在的伟人的意识芯片，组合后能够提升泛用机体的战斗能力			1	4	1661	
3056061		6	6		1661002	帕夫利琴科	6星意识露西亚·逆冕意识5号位	某位曾经存在的伟人的意识芯片，组合后能够提升泛用机体的战斗能力			1	5	1661	
3066061		6	6		1661001	帕夫利琴科	6星意识露西亚·逆冕意识6号位	某位曾经存在的伟人的意识芯片，组合后能够提升泛用机体的战斗能力			1	6	1661	
3016062		6	6		1662006	克卢修丝	6星意识焚烧意识1号位	某位曾经存在的伟人的意识芯片，组合后能够提升泛用机体的战斗能力			1	1	1662	
3026062		6	6		1662005	克卢修丝	6星意识焚烧意识2号位	某位曾经存在的伟人的意识芯片，组合后能够提升泛用机体的战斗能力			1	2	1662	
3036062		6	6		1662004	克卢修丝	6星意识焚烧意识3号位	某位曾经存在的伟人的意识芯片，组合后能够提升泛用机体的战斗能力			1	3	1662	
3046062		6	6		1662003	克卢修丝	6星意识焚烧意识4号位	某位曾经存在的伟人的意识芯片，组合后能够提升泛用机体的战斗能力			1	4	1662	
3056062		6	6		1662002	克卢修丝	6星意识焚烧意识5号位	某位曾经存在的伟人的意识芯片，组合后能够提升泛用机体的战斗能力			1	5	1662	
3066062		6	6		1662001	克卢修丝	6星意识焚烧意识6号位	某位曾经存在的伟人的意识芯片，组合后能够提升泛用机体的战斗能力			1	6	1662	
3016063		6	6		1663006	柯绮朵	6星意识海伦汀·安魂意识1号位	某位曾经存在的伟人的意识芯片，组合后能够提升泛用机体的战斗能力			1	1	1663	
3026063		6	6		1663005	柯绮朵	6星意识海伦汀·安魂意识2号位	某位曾经存在的伟人的意识芯片，组合后能够提升泛用机体的战斗能力			1	2	1663	
3036063		6	6		1663004	柯绮朵	6星意识海伦汀·安魂意识3号位	某位曾经存在的伟人的意识芯片，组合后能够提升泛用机体的战斗能力			1	3	1663	
3046063		6	6		1663003	柯绮朵	6星意识海伦汀·安魂意识4号位	某位曾经存在的伟人的意识芯片，组合后能够提升泛用机体的战斗能力			1	4	1663	
3056063		6	6		1663002	柯绮朵	6星意识海伦汀·安魂意识5号位	某位曾经存在的伟人的意识芯片，组合后能够提升泛用机体的战斗能力			1	5	1663	
3066063		6	6		1663001	柯绮朵	6星意识海伦汀·安魂意识6号位	某位曾经存在的伟人的意识芯片，组合后能够提升泛用机体的战斗能力			1	6	1663	
3016064		6	6		1664006	圣地亚哥	6星意识卡列尼娜·烬航意识1号位	某位曾经存在的伟人的意识芯片，组合后能够提升泛用机体的战斗能力			1	1	1664	
3026064		6	6		1664005	圣地亚哥	6星意识卡列尼娜·烬航意识2号位	某位曾经存在的伟人的意识芯片，组合后能够提升泛用机体的战斗能力			1	2	1664	
3036064		6	6		1664004	圣地亚哥	6星意识卡列尼娜·烬航意识3号位	某位曾经存在的伟人的意识芯片，组合后能够提升泛用机体的战斗能力			1	3	1664	
3046064		6	6		1664003	圣地亚哥	6星意识卡列尼娜·烬航意识4号位	某位曾经存在的伟人的意识芯片，组合后能够提升泛用机体的战斗能力			1	4	1664	
3056064		6	6		1664002	圣地亚哥	6星意识卡列尼娜·烬航意识5号位	某位曾经存在的伟人的意识芯片，组合后能够提升泛用机体的战斗能力			1	5	1664	
3066064		6	6		1664001	圣地亚哥	6星意识卡列尼娜·烬航意识6号位	某位曾经存在的伟人的意识芯片，组合后能够提升泛用机体的战斗能力			1	6	1664	
3016065		6	6		1665006	裴桑朵	6星意识阿德莱德·破渊意识1号位	某位曾经存在的伟人的意识芯片，组合后能够提升泛用机体的战斗能力			1	1	1665	
3026065		6	6		1665005	裴桑朵	6星意识阿德莱德·破渊意识2号位	某位曾经存在的伟人的意识芯片，组合后能够提升泛用机体的战斗能力			1	2	1665	
3036065		6	6		1665004	裴桑朵	6星意识阿德莱德·破渊意识3号位	某位曾经存在的伟人的意识芯片，组合后能够提升泛用机体的战斗能力			1	3	1665	
3046065		6	6		1665003	裴桑朵	6星意识阿德莱德·破渊意识4号位	某位曾经存在的伟人的意识芯片，组合后能够提升泛用机体的战斗能力			1	4	1665	
3056065		6	6		1665002	裴桑朵	6星意识阿德莱德·破渊意识5号位	某位曾经存在的伟人的意识芯片，组合后能够提升泛用机体的战斗能力			1	5	1665	
3066065		6	6		1665001	裴桑朵	6星意识阿德莱德·破渊意识6号位	某位曾经存在的伟人的意识芯片，组合后能够提升泛用机体的战斗能力			1	6	1665	
3015059		5	5		1559006	比安卡·微醺之夜	5星意识比安卡·微醺之夜1号位			true	1	1	1559	
3025059		5	5		1559005	比安卡·微醺之夜	5星意识比安卡·微醺之夜2号位			true	1	2	1559	
3035059		5	5		1559004	比安卡·微醺之夜	5星意识比安卡·微醺之夜3号位			true	1	3	1559	
3045059		5	5		1559003	比安卡·微醺之夜	5星意识比安卡·微醺之夜4号位			true	1	4	1559	
3055059		5	5		1559002	比安卡·微醺之夜	5星意识比安卡·微醺之夜5号位			true	1	5	1559	
3065059		5	5		1559001	比安卡·微醺之夜	5星意识比安卡·微醺之夜6号位			true	1	6	1559	
3015060		5	5		1560006	露娜·满月桂冠	5星意识露娜·满月桂冠1号位			true	1	1	1560	
3025060		5	5		1560005	露娜·满月桂冠	5星意识露娜·满月桂冠2号位			true	1	2	1560	
3035060		5	5		1560004	露娜·满月桂冠	5星意识露娜·满月桂冠3号位			true	1	3	1560	
3045060		5	5		1560003	露娜·满月桂冠	5星意识露娜·满月桂冠4号位			true	1	4	1560	
3055060		5	5		1560002	露娜·满月桂冠	5星意识露娜·满月桂冠5号位			true	1	5	1560	
3065060		5	5		1560001	露娜·满月桂冠	5星意识露娜·满月桂冠6号位			true	1	6	1560	
3015061		5	5		1561006	三头犬.热音派对	5星意识三头犬.热音派对1号位			true	1	1	1561	
3025061		5	5		1561005	三头犬.热音派对	5星意识三头犬.热音派对2号位			true	1	2	1561	
3035061		5	5		1561004	三头犬.热音派对	5星意识三头犬.热音派对3号位			true	1	3	1561	
3045061		5	5		1561003	三头犬.热音派对	5星意识三头犬.热音派对4号位			true	1	4	1561	
3055061		5	5		1561002	三头犬.热音派对	5星意识三头犬.热音派对5号位			true	1	5	1561	
3065061		5	5		1561001	三头犬.热音派对	5星意识三头犬.热音派对6号位			true	1	6	1561	
3015062		5	5		1562006	洽洽·曲	洽洽·曲意识1号位			true	1	1	1562	
3025062		5	5		1562005	洽洽·曲	洽洽·曲意识2号位			true	1	2	1562	
3035062		5	5		1562004	洽洽·曲	洽洽·曲意识3号位			true	1	3	1562	
3045062		5	5		1562003	洽洽·曲	洽洽·曲意识4号位			true	1	4	1562	
3055062		5	5		1562002	洽洽·曲	洽洽·曲意识5号位			true	1	5	1562	
3065062		5	5		1562001	洽洽·曲	洽洽·曲意识6号位			true	1	6	1562	
3015063		5	5		1563006	洽洽·含英	洽洽·含英意识1号位			true	1	1	1563	
3025063		5	5		1563005	洽洽·含英	洽洽·含英意识2号位			true	1	2	1563	
3035063		5	5		1563004	洽洽·含英	洽洽·含英意识3号位			true	1	3	1563	
3045063		5	5		1563003	洽洽·含英	洽洽·含英意识4号位			true	1	4	1563	
3055063		5	5		1563002	洽洽·含英	洽洽·含英意识5号位			true	1	5	1563	
3065063		5	5		1563001	洽洽·含英	洽洽·含英意识6号位			true	1	6	1563	
3015064		5	5		1564006	纳宝帝·露西亚	纳宝帝·露西亚意识1号位			true	1	1	1564	
3025064		5	5		1564005	纳宝帝·露西亚	纳宝帝·露西亚意识2号位			true	1	2	1564	
3035064		5	5		1564004	纳宝帝·露西亚	纳宝帝·露西亚意识3号位			true	1	3	1564	
3045064		5	5		1564003	纳宝帝·露西亚	纳宝帝·露西亚意识4号位			true	1	4	1564	
3055064		5	5		1564002	纳宝帝·露西亚	纳宝帝·露西亚意识5号位			true	1	5	1564	
3065064		5	5		1564001	纳宝帝·露西亚	纳宝帝·露西亚意识6号位			true	1	6	1564	
3015065		5	5		1565006	纳宝帝·里	纳宝帝·里意识1号位			true	1	1	1565	
3025065		5	5		1565005	纳宝帝·里	纳宝帝·里意识2号位			true	1	2	1565	
3035065		5	5		1565004	纳宝帝·里	纳宝帝·里意识3号位			true	1	3	1565	
3045065		5	5		1565003	纳宝帝·里	纳宝帝·里意识4号位			true	1	4	1565	
3055065		5	5		1565002	纳宝帝·里	纳宝帝·里意识5号位			true	1	5	1565	
3065065		5	5		1565001	纳宝帝·里	纳宝帝·里意识6号位			true	1	6	1565	
3015066		5	5		1566006	纳宝帝·丽芙	纳宝帝·丽芙意识1号位			true	1	1	1566	
3025066		5	5		1566005	纳宝帝·丽芙	纳宝帝·丽芙意识2号位			true	1	2	1566	
3035066		5	5		1566004	纳宝帝·丽芙	纳宝帝·丽芙意识3号位			true	1	3	1566	
3045066		5	5		1566003	纳宝帝·丽芙	纳宝帝·丽芙意识4号位			true	1	4	1566	
3055066		5	5		1566002	纳宝帝·丽芙	纳宝帝·丽芙意识5号位			true	1	5	1566	
3065066		5	5		1566001	纳宝帝·丽芙	纳宝帝·丽芙意识6号位			true	1	6	1566	
3015067		5	5		1567006	珍宝珠·比安卡	珍宝珠·比安卡意识1号位			true	1	1	1567	
3025067		5	5		1567005	珍宝珠·比安卡	珍宝珠·比安卡意识2号位			true	1	2	1567	
3035067		5	5		1567004	珍宝珠·比安卡	珍宝珠·比安卡意识3号位			true	1	3	1567	
3045067		5	5		1567003	珍宝珠·比安卡	珍宝珠·比安卡意识4号位			true	1	4	1567	
3055067		5	5		1567002	珍宝珠·比安卡	珍宝珠·比安卡意识5号位			true	1	5	1567	
3065067		5	5		1567001	珍宝珠·比安卡	珍宝珠·比安卡意识6号位			true	1	6	1567	
3015068		5	5		1568006	珍宝珠·七实	珍宝珠·七实意识1号位			true	1	1	1568	
3025068		5	5		1568005	珍宝珠·七实	珍宝珠·七实意识2号位			true	1	2	1568	
3035068		5	5		1568004	珍宝珠·七实	珍宝珠·七实意识3号位			true	1	3	1568	
3045068		5	5		1568003	珍宝珠·七实	珍宝珠·七实意识4号位			true	1	4	1568	
3055068		5	5		1568002	珍宝珠·七实	珍宝珠·七实意识5号位			true	1	5	1568	
3065068		5	5		1568001	珍宝珠·七实	珍宝珠·七实意识6号位			true	1	6	1568	
3015069		5	5		1569006	七实·全息宇宙	七实·全息宇宙意识1号位			true	1	1	1569	
3025069		5	5		1569005	七实·全息宇宙	七实·全息宇宙意识2号位			true	1	2	1569	
3035069		5	5		1569004	七实·全息宇宙	七实·全息宇宙意识3号位			true	1	3	1569	
3045069		5	5		1569003	七实·全息宇宙	七实·全息宇宙意识4号位			true	1	4	1569	
3055069		5	5		1569002	七实·全息宇宙	七实·全息宇宙意识5号位			true	1	5	1569	
3065069		5	5		1569001	七实·全息宇宙	七实·全息宇宙意识6号位			true	1	6	1569	
3015070		5	5		1570006	罗森·心灵驿站	罗森·心灵驿站意识1号位			true	1	1	1570	
3025070		5	5		1570005	罗森·心灵驿站	罗森·心灵驿站意识2号位			true	1	2	1570	
3035070		5	5		1570004	罗森·心灵驿站	罗森·心灵驿站意识3号位			true	1	3	1570	
3045070		5	5		1570003	罗森·心灵驿站	罗森·心灵驿站意识4号位			true	1	4	1570	
3055070		5	5		1570002	罗森·心灵驿站	罗森·心灵驿站意识5号位			true	1	5	1570	
3065070		5	5		1570001	罗森·心灵驿站	罗森·心灵驿站意识6号位			true	1	6	1570	
3015071		5	5		1571006	盛筵拾光	5.5周年意识意识1号位			true	1	1	1571	
3025071		5	5		1571005	盛筵拾光	5.5周年意识意识2号位			true	1	2	1571	
3035071		5	5		1571004	盛筵拾光	5.5周年意识意识3号位			true	1	3	1571	
3045071		5	5		1571003	盛筵拾光	5.5周年意识意识4号位			true	1	4	1571	
3055071		5	5		1571002	盛筵拾光	5.5周年意识意识5号位			true	1	5	1571	
3065071		5	5		1571001	盛筵拾光	5.5周年意识意识6号位			true	1	6	1571	
3015072		5	5		1572006	丽芙·漫游小记	6周年意识意识1号位			true	1	1	1572	
3025072		5	5		1572005	丽芙·漫游小记	6周年意识意识2号位			true	1	2	1572	
3035072		5	5		1572004	丽芙·漫游小记	6周年意识意识3号位			true	1	3	1572	
3045072		5	5		1572003	丽芙·漫游小记	6周年意识意识4号位			true	1	4	1572	
3055072		5	5		1572002	丽芙·漫游小记	6周年意识意识5号位			true	1	5	1572	
3065072		5	5		1572001	丽芙·漫游小记	6周年意识意识6号位			true	1	6	1572	
