IconPath	ClearIconPath	Name	Description	Id	WaferBagPath	SkillDescription	EquipType	SkillEffect	SuitType	EquipIds	RecommendCharacterId
Assets/Product/Texture/Image/IconTools/E1GunMd030011.png	Assets/Product/Texture/Image/IconTools/E1GunMd030011.png	无	无								
Assets/Product/Texture/Image/IconToolsSp/EYuesefuI01001Sp.png	Assets/Product/Texture/Image/IconToolsSp/EYuesefuI01001Sp.png	约瑟夫	白板	1101	Assets/Product/Texture/Image/RoleWaferBag/EYiefuliemofuI01002.png	"["""",""攻击增加5点""]"	9				
Assets/Product/Texture/Image/IconToolsSp/ESipeierI01001Sp.png	Assets/Product/Texture/Image/IconTools/ESipeierI01001.png	梅尔妮	攻击强化	1201	Assets/Product/Texture/Image/RoleWaferBag/ESipeierI01002.png	"["""",""攻击增加10点"","""",""生命值增加50点""]"	9	"["""",120102,"""",120104]"	12	[3012001,3022001,3032001,3042001,3052001,3062001]	
Assets/Product/Texture/Image/IconToolsSp/EModeerI01001Sp.png	Assets/Product/Texture/Image/IconTools/EModeerI01001.png	彼诺芙	近距离战斗强化	1301	Assets/Product/Texture/Image/RoleWaferBag/EModeerI01002.png	"["""",""攻击2米内的怪物时，额外伤害加成提升3%。"","""",""受到2米内的怪物攻击时，额外伤害减免提升3%。""]"	9	"["""",130102,"""",130104]"	12	[3013001,3023001,3033001,3043001,3053001,3063001]	
Assets/Product/Texture/Image/IconToolsSp/EHeermanI01001Sp.png	Assets/Product/Texture/Image/IconTools/EHeermanI01001.png	帕芙莉	远距离战斗强化	1304	Assets/Product/Texture/Image/RoleWaferBag/EHeermanI01002.png	"["""",""攻击3米外的怪物时，额外伤害加成提升3%。"","""",""受到3米外的怪物攻击时，额外伤害减免提升3%。""]"	9	"["""",130402,"""",130404]"	12	[3013002,3023002,3033002,3043002,3053002,3063002]	
Assets/Product/Texture/Image/IconToolsSp/EAjimideI01001Sp.png	Assets/Product/Texture/Image/IconTools/EAjimideI01001.png	阿基米德	普通攻击强化	1401	Assets/Product/Texture/Image/RoleWaferBag/EAjimideI01002.png	"["""",""普通攻击额外伤害加成提高5%。"","""",""每经过10秒，下1次使用普通攻击将增加普通攻击伤害10%，持续4秒。""]"	9	"["""",140102,"""",140104]"	12	[3014001,3024001,3034001,3044001,3054001,3064001]	
Assets/Product/Texture/Image/IconToolsSp/EAidishengI01001Sp.png	Assets/Product/Texture/Image/IconTools/EAidishengI01001.png	爱迪生	技能攻击强化	1404	Assets/Product/Texture/Image/RoleWaferBag/EAidishengI01002.png	"["""",""信号球技能伤害增加5%。"","""",""3消后，自身额外伤害加成提升5%，持续5秒，重复触发刷新持续时间。""]"	9	"["""",140402,"""",140404]"	12	[3014002,3024002,3034002,3044002,3054002,3064002]	
Assets/Product/Texture/Image/IconToolsSp/EAliceI01001Sp.png	Assets/Product/Texture/Image/IconTools/EAliceI01001.png	爱丽丝	辅助强化	1407	Assets/Product/Texture/Image/RoleWaferBag/EAliceI01002.png	"["""",""治疗效果增加5%。"","""",""治疗目标使其物理伤害和元素属性伤害增加4%，持续4秒，重复触发刷新持续时间。""]"	8	"["""",140702,"""",140704]"	12	[3014003,3024003,3034003,3044003,3054003,3064003]	
Assets/Product/Texture/Image/IconToolsSp/EKanninganI01001Sp.png	Assets/Product/Texture/Image/IconTools/EKanninganI01001.png	坎宁安	防御强化	1410	Assets/Product/Texture/Image/RoleWaferBag/EKanninganI01002.png	"["""",""攻击霸体状态的敌人时，物理伤害和属性伤害均增加5%。"","""",""5秒内连续受击，获得减伤护盾，下次受到伤害减少30%。有5秒的冷却时间。""]"	9	"["""",141002,"""",141004]"	12	[3014004,3024004,3034004,3044004,3054004,3064004]	
Assets/Product/Texture/Image/IconToolsSp/EAdaifuYYI01001Sp.png	Assets/Product/Texture/Image/IconTools/EAdaifuYYI01001.png	库莉珂-永恒	召唤强化	1413	Assets/Product/Texture/Image/RoleWaferBag/EAdaifuYYI01002.png	"["""",""攻击目标时，有20%几率呼叫炮击，每枚炮弹对目标造成40%的物理伤害，有15秒的冷却时间。""]"	9	"["""",141302]"	12	"[3014005,"""","""",3044005]"	
Assets/Product/Texture/Image/IconToolsSp/ENimiziI01001Sp.png	Assets/Product/Texture/Image/IconTools/ENimiziI01001.png	尼米兹	攻击强化	1416	Assets/Product/Texture/Image/RoleWaferBag/ENimizi01002.png	"["""",""普通攻击额外伤害加成提高5%。"","""",""3消额外伤害加成提升5%。"","""",""释放出场技后额外伤害加成提升10%，持续8秒""]"	9	"["""",141602,"""",141604,"""",141606]"	12	[3014006,3024006,3034006,3044006,3054006,3064006]	
Assets/Product/Texture/Image/IconToolsSp/ELongmeierI01001Sp.png	Assets/Product/Texture/Image/IconTools/ELongmeierI01001.png	嘉莉埃妮	普通攻击强化	1501	Assets/Product/Texture/Image/RoleWaferBag/ELongmeierI01002.png	"["""",""普通攻击额外伤害加成提高10%"","""",""未受到攻击时，普通攻击额外伤害加成提高15%，受到攻击后进入冷却，冷却时间12秒。""]"	9	"["""",150102,"""",150104]"	6	[3015001,3025001,3035001,3045001,3055001,3065001]	
Assets/Product/Texture/Image/IconToolsSp/EAifuI01001Sp.png	Assets/Product/Texture/Image/IconTools/EAifuI01001.png	爱芙	技能强化	1502	Assets/Product/Texture/Image/RoleWaferBag/EAifuI01002.png	"["""",""每消除1个球额外伤害加成提升2%，持续3秒，最多可叠加5层，重复触发刷新持续时间。"","""",""每60秒，下次3消会进入超算空间。""]"	9	"["""",150202,"""",150204]"	6	[3015002,3025002,3035002,3045002,3055002,3065002]	
Assets/Product/Texture/Image/IconToolsSp/EAikeI01001Sp.png	Assets/Product/Texture/Image/IconTools/EAikeI01001.png	艾克	能量攻击强化	1503	Assets/Product/Texture/Image/RoleWaferBag/EAikeI01002.png	"["""",""额外伤害加成提升2%，全元素属性伤害增加4%。"","""",""造成元素属性伤害时，有15%几率造成根据元素属性对应的灼烧、感电、霜冻、侵蚀。持续5秒，对同一单位有8秒的冷却时间。""]"	9	"["""",150302,"""",150304]"	6	[3015003,3025003,3035003,3045003,3055003,3065003]	
Assets/Product/Texture/Image/IconToolsSp/EFuertaiI01001Sp.png	Assets/Product/Texture/Image/IconTools/EFuertaiI01001.png	伏尔泰	削弱敌人强化Ⅰ	1504	Assets/Product/Texture/Image/RoleWaferBag/EFuertaiI01002.png	"["""",""攻击会使目标防御减少10%，持续5秒，有12秒的冷却时间。"","""",""每次受到伤害，减少伤害来源方的物理防御15%，持续7秒，最多叠加2次，重复触发刷新持续时间。""]"	8	"["""",150402,"""",150404]"	10	[3015004,3025004,3035004,3045004,3055004,3065004]	
Assets/Product/Texture/Image/IconToolsSp/EGeluodaI01001Sp.png	Assets/Product/Texture/Image/IconTools/EGeluodaI01001.png	歌罗达	削弱敌人强化Ⅱ	1505	Assets/Product/Texture/Image/RoleWaferBag/EGeluodaI01002.png	"["""",""攻击目标使目标全元素属性抗性减少6%，持续5秒。有12秒的冷却时间。"","""",""每次受到伤害时，降低受击者半径5米范围内怪物6%全元素属性抗性，持续7秒，重复触发刷新持续时间。""]"	8	"["""",150502,"""",150504]"	11	[3015005,3025005,3035005,3045005,3055005,3065005]	
Assets/Product/Texture/Image/IconToolsSp/ELisailiuI01001Sp.png	Assets/Product/Texture/Image/IconTools/ELisailiuI01001.png	黎塞留	攻击辅助强化	1506	Assets/Product/Texture/Image/RoleWaferBag/ELisailiuI01002.png	"["""",""治疗效果增加5%，下次治疗使目标物理伤害增加8%，持续4秒。有5秒的冷却时间。"","""",""每消除8个球，额外获得一个随机信号球。有5秒的冷却时间。""]"	8	"["""",150602,"""",150604]"	7	[3015006,3025006,3035006,3045006,3055006,3065006]	
Assets/Product/Texture/Image/IconToolsSp/ESamandaI01001Sp.png	Assets/Product/Texture/Image/IconTools/ESamandaI01001.png	萨曼达	能量辅助强化	1507	Assets/Product/Texture/Image/RoleWaferBag/ESamandaI01002.png	"["""",""治疗效果增加5%，下次治疗使目标全元素属性伤害增加8%，持续4秒。有5秒的冷却时间。"","""",""下次释放治疗技能，留下元素属性光环，处于区域内的友方单位增加8%的全元素属性伤害和5%的全元素属性抗性，有10秒的冷却时间。""]"	8	"["""",150702,"""",150704]"	8	[3015007,3025007,3035007,3045007,3055007,3065007]	
Assets/Product/Texture/Image/IconToolsSp/EMozateI01001Sp.png	Assets/Product/Texture/Image/IconTools/EMozateI01001.png	莫扎特	极限闪避强化	1508	Assets/Product/Texture/Image/RoleWaferBag/EMozateI01002.png	"["""",""处于超算空间时，额外伤害加成提升15%。"","""",""触发超算空间时，造成一次200%全屏伤害。""]"	9	"["""",150802,"""",150804]"	6	[3015008,3025008,3035008,3045008,3055008,3065008]	
Assets/Product/Texture/Image/IconToolsSp/EBudikaI01001Sp.png	Assets/Product/Texture/Image/IconTools/EBudikaI01001.png	布狄卡	攻击强化	1509	Assets/Product/Texture/Image/RoleWaferBag/EBudika01002.png	"["""",""普通攻击额外伤害加成提高7%。"","""",""处于超算空间时，全攻击增加5%，移动速度增加10%"","""",""造成伤害时，额外伤害加成提升3%，2秒内只触发1次，最多叠加5层，持续到下一次受到伤害""]"	9	"["""",150902,"""",150904,"""",150906]"	6	[3015009,3025009,3035009,3045009,3055009,3065009]	
Assets/Product/Texture/Image/IconToolsSp/EShengdanlifuI01001Sp.png	Assets/Product/Texture/Image/IconTools/EShengdanlifuI01001.png	丽芙·驯鹿	能量强化	1550	Assets/Product/Texture/Image/RoleWaferBag/EShengdanlifuI01001.png	"["""",""信号球技能额外伤害加成提升5%，治疗效果增加5%"","""",""攻击敌人时，有20%几率在敌人身边随机掉落圣诞礼物盒，拾取礼物盒回复5点能量，并使自身额外伤害加成提升5%，持续5秒，有10秒的冷却时间。""]"	8	"["""",155002,"""",155004]"	12	[3015050,3025050,3035050,3045050,3055050,3065050]	
Assets/Product/Texture/Image/IconToolsSp/EXinniankalieI01001Sp.png	Assets/Product/Texture/Image/IconTools/EXinniankalieI01001.png	年禧焰火	伤害强化	1551	Assets/Product/Texture/Image/RoleWaferBag/EXinniankalieI01001.png	"["""",""攻击增加5%，累积消除3个红色信号球后，召唤4个环绕的红包，红包触碰敌人时，造成10%的火属性伤害，持续10秒，有30秒的冷却时间。""]"		"["""",155012]"	12	[3015051,3025051,3035051,3045051,3055051,3065051]	
Assets/Product/Texture/Image/IconToolsSp/EYuanxiaoluxiyaI01001Sp.png	Assets/Product/Texture/Image/IconTools/EYuanxiaoluxiyaI01001.png	元宵·重聚	攻击强化	1552	Assets/Product/Texture/Image/RoleWaferBag/EYuanxiaoluxiyaI01001.png	"["""",""释放3消或QTE技能后，传送一个元宵灯跟随在场角色移动，并且为附近的友方目标增加7%的攻击、移动速度，持续15秒，有30秒的冷却时间。""]"		"["""",155022]"	9	[3015052,3025052,3035052,3045052,3055052,3065052]	
Assets/Product/Texture/Image/IconToolsSp/ELizhounianI01001Sp.png	Assets/Product/Texture/Image/IconTools/ELizhounianI01001.png	里·月下庆典	周年意识	1553	Assets/Product/Texture/Image/RoleWaferBag/ELizhounianI01002.png	"["""",""闪避时额外伤害减免提升10%，持续3秒"","""",""进入超算空间时回复自身10%的最大生命值，每30秒触发一次。""]"		"["""",155052,"""",155054]"	12	[3015053,3025053,3035053,3045053,3055053,3065053]	
Assets/Product/Texture/Image/IconToolsSp/EKFC02Sp.png	Assets/Product/Texture/Image/IconTools/EKFC02.png	KFC·Alpha	移速强化	1555	Assets/Product/Texture/Image/RoleWaferBag/EKFC02002.png	"["""",""QTE、3消后，有50%的几率掉落全家桶，有30秒的冷却时间。全家桶掉落后将存在10秒，在此期间角色接触全家桶后会拾取该物品，增加拾取角色12%的移动速度，持续15s，重复触发刷新持续时间。""]"		"["""",155032]"	12	[3015055,3025055,3035055,3045055,3055055,3065055]	
Assets/Product/Texture/Image/IconToolsSp/EKFC01Sp.png	Assets/Product/Texture/Image/IconTools/EKFC01.png	KFC·Lucia	能量强化	1556	Assets/Product/Texture/Image/RoleWaferBag/EKFC01002.png	"["""",""QTE、3消后，有50%的几率掉落鸡腿堡，有30秒的冷却时间。鸡腿堡掉落后将存在10秒，在此期间角色接触鸡腿堡后会拾取该物品，增加拾取角色8点大招能量。""]"		"["""",155042]"	12	[3015056,3025056,3035056,3045056,3055056,3065056]	
Assets/Product/Texture/Image/IconToolsSp/ELifuZhongqiuI01001Sp.png	Assets/Product/Texture/Image/IconTools/ELifuZhongqiuI01001.png	丽芙·团聚一宵	生存强化	1557	Assets/Product/Texture/Image/RoleWaferBag/ELifuZhongqiuI01002.png	"["""",""移动速度增加10%"","""",""三消信号球后，治疗量增加10%，并获得最大生命值10%护盾，持续5秒""]"		"["""",155062,"""",155064]"	12	[3015057,3025057,3035057,3045057,3055057,3065057]	
Assets/Product/Texture/Image/IconToolsSp/EKuluomuI01001Sp.png	Assets/Product/Texture/Image/IconTools/EKuluomuI01001.png	库洛姆·夜宴	二周年意识	1558	Assets/Product/Texture/Image/RoleWaferBag/EKuluomuI01002.png	"["""",""防御力增加10%"","""",""三消信号球后获得最大生命值15%护盾，持续8秒。每8秒可触发一次。""]"		"["""",155072,"""",155074]"	12	[3015058,3025058,3035058,3045058,3055058,3065058]	
Assets/Product/Texture/Image/IconToolsSp/EBiankaZhounianI01001Sp.png	Assets/Product/Texture/Image/IconTools/EBiankaZhounianI01001.png	比安卡·微醺之夜	三周年意识	1559	Assets/Product/Texture/Image/RoleWaferBag/EBiankaZhounianI01002.png	"["""",""移动速度增加10%"","""",""三消信号球后，防御力增加10%，持续5秒。""]"		"["""",155902,"""",155904]"	12	[3015059,3025059,3035059,3045059,3055059,3065059]	
Assets/Product/Texture/Image/IconToolsSp/ELunaMengzhanI01001Sp.png	Assets/Product/Texture/Image/IconTools/ELunaMengzhanI01001.png	露娜·满月桂冠	伊甸文化纪	1560	Assets/Product/Texture/Image/RoleWaferBag/ELunaMengzhanI01002.png	"["""",""每20秒，获得自身最大生命值10%的治疗效果。"","""",""每30秒，受到伤害时，获得一个自身最大生命值25%的护盾，持续5秒。""]"		"["""",156002,"""",156004]"	12	[3015060,3025060,3035060,3045060,3055060,3065060]	
Assets/Product/Texture/Image/IconToolsSp/ECerberusI01001Sp.png	Assets/Product/Texture/Image/IconTools/ECerberusI01001.png	三头犬.热音派对	四周年意识	1561	Assets/Product/Texture/Image/RoleWaferBag/ECerberusI01002.png	"["""",""防御力增加10%"","""",""三消信号球后，回复自身攻击力50%的生命值。每5秒可触发一次。""]"		"["""",156102,"""",156104]"	12	[3015061,3025061,3035061,3045061,3055061,3065061]	
Assets/Product/Texture/Image/IconToolsSp/EQiaqiaQul01001Sp.png	Assets/Product/Texture/Image/IconTools/EQiaqiaQul01001.png	洽洽·曲	辅助强化	1562	Assets/Product/Texture/Image/RoleWaferBag/EQiaqiaQul01002.png	"["""",""释放消球技能命中目标时，有50%的几率掉落瓜子袋，有30秒的冷却时间。瓜子袋掉落后将存在5秒，每秒向外抛出瓜子，使附近的角色回复4%生命值。""]"		"["""",156202]"	12	[3015062,3025062,3035062,3045062,3055062,3065062]	
Assets/Product/Texture/Image/IconToolsSp/EQiaqiaHanyingl01001Sp.png	Assets/Product/Texture/Image/IconTools/EQiaqiaHanyingl01001.png	洽洽·含英	移速强化	1563	Assets/Product/Texture/Image/RoleWaferBag/EQiaqiaHanyingl01002.png	"["""",""释放消球技能命中目标时，有50%的几率掉落瓜子袋，有30秒的冷却时间。瓜子袋掉落后将存在5秒，每秒向外抛出瓜子，增加附近角色12%的移动速度，持续4秒。""]"		"["""",156302]"	12	[3015063,3025063,3035063,3045063,3055063,3065063]	
Assets/Product/Texture/Image/IconToolsSp/ENabatiLuciaI01001Sp.png	Assets/Product/Texture/Image/IconTools/ENabatiLuciaI01001.png	纳宝帝·露西亚	防御强化	1564	Assets/Product/Texture/Image/RoleWaferBag/ENabatiLuciaI01002.png	"["""",""释放消球技能命中目标时，有50%几率在自身附近随机掉落包装袋，有30秒的冷却时间。包装袋将存在5秒，拾取后获得增加8%防御力的效果，持续4秒。""]"		"["""",156402]"	12	[3015064,3025064,3035064,3045064,3055064,3065064]	
Assets/Product/Texture/Image/IconToolsSp/ENabatiLeeI01001Sp.png	Assets/Product/Texture/Image/IconTools/ENabatiLeeI01001.png	纳宝帝·里	移速强化	1565	Assets/Product/Texture/Image/RoleWaferBag/ENabatiLeeI01002.png	"["""",""释放消球技能命中目标时，有50%几率在自身附近随机掉落包装袋，有30秒的冷却时间。包装袋将存在5秒，拾取后获得增加12%移动速度的效果，持续4秒。""]"		"["""",156502]"	12	[3015065,3025065,3035065,3045065,3055065,3065065]	
Assets/Product/Texture/Image/IconToolsSp/ENabatiLivI01001Sp.png	Assets/Product/Texture/Image/IconTools/ENabatiLivI01001.png	纳宝帝·丽芙	辅助强化	1566	Assets/Product/Texture/Image/RoleWaferBag/ENabatiLivI01002.png	"["""",""释放消球技能命中目标时，有50%几率在自身附近随机掉落包装袋，有30秒的冷却时间。包装袋将存在5秒，拾取后回复4%生命值。""]"		"["""",156602]"	12	[3015066,3025066,3035066,3045066,3055066,3065066]	
Assets/Product/Texture/Image/IconToolsSp/EChupaBiancaI01001Sp.png	Assets/Product/Texture/Image/IconTools/EChupaBiancaI01001.png	珍宝珠·比安卡	辅助强化	1567	Assets/Product/Texture/Image/RoleWaferBag/EChupaBiancaI01002.png	"["""",""释放消球技能命中目标时，有50%几率在自身附近随机掉落包装袋，有30秒的冷却时间。包装袋将存在5秒，拾取后获得增加8%防御力的效果，持续4秒。""]"		"["""",156702]"	12	[3015067,3025067,3035067,3045067,3055067,3065067]	
Assets/Product/Texture/Image/IconToolsSp/EChupaNanamiI01001Sp.png	Assets/Product/Texture/Image/IconTools/EChupaNanamiI01001.png	珍宝珠·七实	辅助强化	1568	Assets/Product/Texture/Image/RoleWaferBag/EChupaNanamiI01002.png	"["""",""释放消球技能命中目标时，有50%几率在自身附近随机掉落包装袋，有30秒的冷却时间。包装袋将存在5秒，拾取后回复4%生命值。""]"		"["""",156802]"	12	[3015068,3025068,3035068,3045068,3055068,3065068]	
Assets/Product/Texture/Image/IconToolsSp/E5AnniverI01001Sp.png	Assets/Product/Texture/Image/IconTools/E5AnniverI01001.png	七实·全息宇宙	五周年意识	1569	Assets/Product/Texture/Image/RoleWaferBag/E5AnniverI01002.png	"["""",""防御力增加10%"","""",""三消信号球后，回复自身攻击力50%的生命值。每5秒可触发一次。""]"		"["""",156902,"""",156904]"	12	[3015069,3025069,3035069,3045069,3055069,3065069]	
Assets/Product/Texture/Image/IconToolsSp/ELawsonI01001Sp.png	Assets/Product/Texture/Image/IconTools/ELawsonI01001.png	罗森·心灵驿站	辅助强化	1570	Assets/Product/Texture/Image/RoleWaferBag/ELawsonI01002.png	"["""",""释放消球技能命中目标时，有50%几率在自身附近随机掉落包装袋，有30秒的冷却时间。包装袋将存在5秒，拾取后回复4%生命值。""]"		"["""",157002]"	12	[3015070,3025070,3035070,3045070,3055070,3065070]	
Assets/Product/Texture/Image/IconToolsSp/E5HalfAnniverI01001Sp.png	Assets/Product/Texture/Image/IconTools/E5HalfAnniverI01001.png	盛筵拾光	5.5周年意识	1571	Assets/Product/Texture/Image/RoleWaferBag/E5HalfAnniverI01002.png	"["""",""防御力增加10%"","""",""三消信号球后，回复自身攻击力50%的生命值。每5秒可触发一次。""]"		"["""",157102,"""",157104]"	12	[3015071,3025071,3035071,3045071,3055071,3065071]	
Assets/Product/Texture/Image/IconToolsSp/E6AnniverI01001Sp.png	Assets/Product/Texture/Image/IconTools/E6AnniverI01001.png	丽芙·漫游小记	六周年意识	1572	Assets/Product/Texture/Image/RoleWaferBag/E6AnniverI01001.png	"["""",""防御力增加10%"","""",""三消信号球后，回复自身攻击力50%的生命值。每5秒可触发一次。""]"		"["""",157202,"""",157204]"	12	[3015072,3025072,3035072,3045072,3055072,3065072]	
Assets/Product/Texture/Image/IconToolsSp/EKangdelinaI01001Sp.png	Assets/Product/Texture/Image/IconTools/EKangdelinaI01001.png	康德丽娜	普通攻击强化	1601	Assets/Product/Texture/Image/RoleWaferBag/EKangdelinaI01002.png	"["""",""普通攻击额外伤害加成提高15%"","""",""普攻有50%几率进入暴怒状态，普通攻击的额外伤害加成提升20%，持续5秒。有8秒的冷却时间。""]"	9	"["""",160102,"""",160104]"	6	[3016001,3026001,3036001,3046001,3056001,3066001]	
Assets/Product/Texture/Image/IconToolsSp/EShashibiyaI01001Sp.png	Assets/Product/Texture/Image/IconTools/EShashibiyaI01001.png	莎士比亚	火系强化	1602	Assets/Product/Texture/Image/RoleWaferBag/EShashibiyaI01002.png	"["""",""全攻击增加3%，火属性伤害增加7%"","""",""额外伤害加成提升10%。攻击时使目标陷入灼烧状态，期间目标的火属性抗性降低15%，灼烧状态持续8秒，对同一目标有10秒的冷却时间。攻击灼烧目标时，会触发爆炸，造成600%火属性伤害，对同一目标有6秒的冷却时间。""]"	2	"["""",160202,"""",160204]"	2	[3016002,3026002,3036002,3046002,3056002,3066002]	
Assets/Product/Texture/Image/IconToolsSp/EHaisenbaoI01001Sp.png	Assets/Product/Texture/Image/IconTools/EHaisenbaoI01001.png	海森	雷系强化	1603	Assets/Product/Texture/Image/RoleWaferBag/EHaisenbaoI01002.png	"["""",""全攻击增加3%，雷属性伤害增加7%"","""",""额外伤害加成提升10%。攻击时使目标陷入感电状态，期间目标的雷属性抗性降低15%，感电状态持续8秒，对同一目标有10秒的冷却时间。攻击感电目标时，会触发雷暴，造成600%雷属性伤害，对同一目标有6秒的冷却时间。""]"	4	"["""",160302,"""",160304]"	4	[3016003,3026003,3036003,3046003,3056003,3066003]	
Assets/Product/Texture/Image/IconToolsSp/EDaerwenI01001Sp.png	Assets/Product/Texture/Image/IconTools/EDaerwenI01001.png	达尔文	消除强化	1604	Assets/Product/Texture/Image/RoleWaferBag/EDaerwenI01002.png	"["""",""每消除1个球额外伤害加成提升3%，持续4秒，最多可叠加5层，重复触发刷新持续时间。"","""",""消除某一颜色信号球时添加记录标记，3种颜色信号球都被记录后，以角色为中心释放一次直径12米大范围冲击波，造成600%的物理伤害，并刷新记录标记。""]"	9	"["""",160402,"""",160404]"	6	[3016004,3026004,3036004,3046004,3056004,3066004]	
Assets/Product/Texture/Image/IconToolsSp/EHannaI01001Sp.png	Assets/Product/Texture/Image/IconTools/EHannaI01001.png	汉娜	三消强化	1605	Assets/Product/Texture/Image/RoleWaferBag/EHannaI01002.png	"["""",""3消技能额外伤害加成提升25%。"","""",""每30秒，下次3消会进入超算空间，并随机获得1个信号球。""]"	9	"["""",160502,"""",160504]"	6	[3016005,3026005,3036005,3046005,3056005,3066005]	
Assets/Product/Texture/Image/IconToolsSp/EAdaifuI01001Sp.png	Assets/Product/Texture/Image/IconTools/EAdaifuI01001.png	库莉珂	必杀强化	1606	Assets/Product/Texture/Image/RoleWaferBag/EAdaifuI01002.png	"["""",""消球时，额外获得20%的能量。必杀技所需必杀能量值减少20%。"","""",""释放必杀技时，使自身额外伤害加成提升15%，持续10秒，重复触发刷新持续时间。释放必杀技后，获得霸体状态，并使自身额外伤害减免提升20%，持续5秒，重复触发刷新持续时间。""]"	9	"["""",160602,"""",160604]"	6	[3016006,3026006,3036006,3046006,3056006,3066006]	
Assets/Product/Texture/Image/IconToolsSp/EDafenqiI01001Sp.png	Assets/Product/Texture/Image/IconTools/EDafenqiI01001.png	达芬奇	QTE强化	1607	Assets/Product/Texture/Image/RoleWaferBag/EDafenqiI01002.png	"["""",""QTE时登场会给操控的角色增加10%的攻击，20%的防御力，持续8秒，重复触发刷新持续时间。"","""",""QTE出场时，使另一角色QTE充能次数加一并激活，有8秒的冷却时间。三个角色同时在场时为所有角色增加20%攻击，持续2秒，重复触发刷新持续时间。"","""",""达芬奇四件套效果取消冷却时间限制，无法与同类效果叠加。""]"	8	"["""",160702,"""",160704,"""",160706]"	9	[3016007,3026007,3036007,3046007,3056007,3066007]	
Assets/Product/Texture/Image/IconToolsSp/EKaiselinI01001Sp.png	Assets/Product/Texture/Image/IconTools/EKaiselinI01001.png	凯瑟琳	生存能力强化Ⅰ	1608	Assets/Product/Texture/Image/RoleWaferBag/EKaiselinI01002.png	"["""",""QTE、3消技能，将降低目标20%的物理防御，持续8秒。有10秒的冷却时间。"","""",""受到伤害时，获得1000点的生命护盾，并使自身物理伤害增加15%，持续5秒。有8秒的冷却时间。""]"	8	"["""",160802,"""",160804]"	10	[3016008,3026008,3036008,3046008,3056008,3066008]	
Assets/Product/Texture/Image/IconToolsSp/EAiyinsitanI01001Sp.png	Assets/Product/Texture/Image/IconTools/EAiyinsitanI01001.png	爱因斯坦娜	生存能力强化Ⅱ	1609	Assets/Product/Texture/Image/RoleWaferBag/EAiyinsitanI01002.png	"["""",""QTE、3消技能，使目标全元素属性抗性降低15%，持续8秒。有10秒的冷却时间。"","""",""受到伤害时，展开元素属性光环，获得20%的全元素属性抗性，持续5秒，光环存在时造成全元素属性伤害增加15%。有8秒的冷却时间。""]"	8	"["""",160902,"""",160904]"	11	[3016009,3026009,3036009,3046009,3056009,3066009]	
Assets/Product/Texture/Image/IconToolsSp/EFeilieteI01001Sp.png	Assets/Product/Texture/Image/IconTools/EFeilieteI01001.png	费列特二世	辅助能力强化Ⅰ	1610	Assets/Product/Texture/Image/RoleWaferBag/EFeilieteI01002.png	"["""",""治疗效果增加10%，受到治疗的友方单位物理伤害增加10%，防御增加10%，持续5秒。有8秒的冷却时间。"","""",""每次释放治疗效果会进行无人机充能，充能满后，下次治疗会清空充能召唤一个治疗无人机，治疗无人机自动跟随血量比例最低的队友。无人机的5米圆形范围内持续每秒恢复队友2%的最大生命值，该范围内增加物理伤害15%，持续5秒，有12秒的冷却时间。""]"	8	"["""",161002,"""",161004]"	7	[3016010,3026010,3036010,3046010,3056010,3066010]	
Assets/Product/Texture/Image/IconToolsSp/EGuiniweiI01001Sp.png	Assets/Product/Texture/Image/IconTools/EGuiniweiI01001.png	桂尼	辅助能力强化Ⅱ	1611	Assets/Product/Texture/Image/RoleWaferBag/EGuiniweiI01002.png	"["""",""治疗效果增加10%，使治疗目标全元素属性伤害、全元素属性抗性增加10%，持续5秒。有8秒的冷却时间。"","""",""每次释放治疗效果会进行无人机充能，充能满后，下次治疗会清空充能召唤一个元素属性无人机，治疗无人机自动跟随血量比例最低的队友，无人机的5米圆形范围持续每秒恢复队友2%的最大生命值，范围增加15%的全元素属性伤害，持续5秒，有12秒的冷却时间。""]"	8	"["""",161102,"""",161104]"	8	[3016011,3026011,3036011,3046011,3056011,3066011]	
Assets/Product/Texture/Image/IconToolsSp/EFeitelieI01001Sp.png	Assets/Product/Texture/Image/IconTools/EFeitelieI01001.png	腓特烈	闪避强化	1612	Assets/Product/Texture/Image/RoleWaferBag/EFeitelieI01002.png	"["""",""每次闪避增加15%移动速度和5%的额外伤害加成，持续5秒，最多可叠加3层，重复触发刷新持续时间。"","""",""角色触发超算空间时，使全场敌人速度减少20%，超算空间内/超维预演/聚变升维持续时间内额外伤害减免降低15%，持续4秒。有8秒的冷却时间。""]"	9	"["""",161202,"""",161204]"	6	[3016012,3026012,3036012,3046012,3056012,3066012]	
Assets/Product/Texture/Image/IconToolsSp/EManyinsitanI01001Sp.png	Assets/Product/Texture/Image/IconTools/EManyinsitanI01001.png	芭斯隆	暗系强化	1613	Assets/Product/Texture/Image/RoleWaferBag/EManyinsitanI01002.png	"["""",""攻击增加3%，暗属性伤害增加7%"","""",""额外伤害加成提升10%。攻击时使目标陷入侵蚀状态，期间目标的暗属性抗性降低15%，侵蚀状态持续8秒，对同一目标有10秒的冷却时间。攻击侵蚀目标时，会触发爆炸，造成600%暗属性伤害，对同一目标有6秒的冷却时间。""]"	5	"["""",161302,"""",161304]"	5	[3016013,3026013,3036013,3046013,3056013,3066013]	
Assets/Product/Texture/Image/IconToolsSp/EBadunI01001Sp.png	Assets/Product/Texture/Image/IconTools/EBadunI01001.png	巴顿	物理强化	1614	Assets/Product/Texture/Image/RoleWaferBag/EBadunI01002.png	"["""",""攻击增加3%，物理伤害增加7%。"","""",""额外伤害加成提升10%。攻击时使目标陷入刺伤状态，期间目标的物理抗性降低7%，刺伤状态持续8秒，对同一目标有10秒的冷却时间。攻击刺伤目标时，会触发爆炸，造成600%物理伤害，对同一目标有6秒的冷却时间。""]"	1	"["""",161402,"""",161404]"	1	[3016014,3026014,3036014,3046014,3056014,3066014]	
Assets/Product/Texture/Image/IconToolsSp/EZuwenyuanI01001Sp.png	Assets/Product/Texture/Image/IconTools/EZuwenyuanI01001.png	辰积原	冰系强化	1615	Assets/Product/Texture/Image/RoleWaferBag/EZuwenyuanI01001.png	"["""",""攻击增加3%，冰属性伤害增加7%"","""",""额外伤害加成提升10%。攻击时使目标陷入霜冻状态，期间目标的冰属性抗性降低15%，霜冻状态持续8秒，对同一目标有10秒的冷却时间。攻击霜冻目标时，会触发冰爆，造成600%冰属性伤害，对同一目标有6秒的冷却时间。""]"	3	"["""",161502,"""",161504]"	3	[3016015,3026015,3036015,3046015,3056015,3066015]	
Assets/Product/Texture/Image/IconToolsSp/EKeyaI01001Sp.png	Assets/Product/Texture/Image/IconTools/EKeyaI01001.png	科亚	攻击强化	1616	Assets/Product/Texture/Image/RoleWaferBag/EKeya01002.png	"["""",""额外伤害提升10%。"","""",""每次出场获得20%必杀能量值，存在任意护盾时，消球技能伤害增加10%。"","""",""卡穆·狂犬在狂噬状态下，额外伤害提升10%及移速提升20%，消球技能对敌人造成伤害同时造成恐惧效果，敌人恐惧持续至狂噬状态结束。恐惧：降低目标攻击力10%，自身对目标造成额外伤害10%。""]"	7	"["""",161602,"""",161604,"""",161606]"	12	[3016016,3026016,3036016,3046016,3056016,3066016]	1511003
Assets/Product/Texture/Image/IconToolsSp/ELiewenhukeI01001Sp.png	Assets/Product/Texture/Image/IconTools/ELiewenhukeI01001.png	列文虎克	物理辅助强化	1617	Assets/Product/Texture/Image/RoleWaferBag/ELiewenhukeI01001.png	"["""",""攻击增加3%，物理伤害增加7%"","""",""由罗塞塔·凛冽施加的透甲之击效果增加20%，攻击有透甲之击效果的目标时，造成的伤害增加5%""]"	1	"["""",161702,"""",161704]"	1	[3016017,3026017,3036017,3046017,3056017,3066017]	1141003
Assets/Product/Texture/Image/IconToolsSp/EWuanjunI01001Sp.png	Assets/Product/Texture/Image/IconTools/EWuanjunI01001.png	武安君	攻击强化	1618	Assets/Product/Texture/Image/RoleWaferBag/EWuanjunI01002.png	"["""",""普通攻击额外伤害加成提高5%，物理伤害增加7%"","""",""横扫六合霸体效果额外延长2秒，持续期间内物理伤害增加15%"","""",""进入意志凝结状态时，获得24点能量值。释放必杀-龙枪乱舞时，立即获得三种颜色的信号球各一个。""]"	7	"["""",161802,"""",161804,"""",161806]"	12	[3016018,3026018,3036018,3046018,3056018,3066018]	1521003
Assets/Product/Texture/Image/IconToolsSp/ELemeiI01001Sp.png	Assets/Product/Texture/Image/IconTools/ELemeiI01001.png	勒梅	攻击强化	1619	Assets/Product/Texture/Image/RoleWaferBag/ELemeiI01002.png	"["""",""暗属性伤害增加5%，攻击增加5%"","""",""进入湮灭状态后，暗属性伤害提高30%。终焉降临伤害提高30%。消除湮灭球后额外获得10点能量。""]"	5	"["""",161902,"""",161904]"	5	[3016019,3026019,3036019,3046019,3056019,3066019]	1171003
Assets/Product/Texture/Image/IconToolsSp/ELukeleiqiyaI01001Sp.png	Assets/Product/Texture/Image/IconTools/ELukeleiqiyaI01001.png	卢克雷齐娅	雷系强化	1620	Assets/Product/Texture/Image/RoleWaferBag/ELukeleiqiyaI01002.png	"["""",""雷属性伤害增加10%"","""",""触发和弦时，额外获得15点必杀能量值，并额外伤害加成提高10%，持续5秒"","""",""攻击被协奏影响的怪物时，额外伤害加成增加20%""]"	7	"["""",162002,"""",162004,"""",162006]"	12	[3016020,3026020,3036020,3046020,3056020,3066020]	1531003
Assets/Product/Texture/Image/IconToolsSp/EAikesupeiliI01001Sp.png	Assets/Product/Texture/Image/IconTools/EAikesupeiliI01001.png	埃克苏佩里	冰系强化	1621	Assets/Product/Texture/Image/RoleWaferBag/EAikesupeiliI01002.png					[3016021,3026021,3036021,3046021,3056021,3066021]	
Assets/Product/Texture/Image/IconToolsSp/ETifaI01001Sp.png	Assets/Product/Texture/Image/IconTools/ETifaI01001.png	提法	雷系强化	1622	Assets/Product/Texture/Image/RoleWaferBag/ETifaI01002.png	"["""",""攻击增加5%，雷属性伤害增加5%"","""",""引枪追击伤害增加50%。胜光战旗会对伤害单位附加乱流干扰，持续2s，重复触发刷新持续时间。降雷坠基础伤害提高100%。""]"	4	"["""",162202,"""",162204]"	4	[3016022,3026022,3036022,3046022,3056022,3066022]	1131003
Assets/Product/Texture/Image/IconToolsSp/ENikeersenI01001Sp.png	Assets/Product/Texture/Image/IconTools/ENikeersenI01001.png	杰克	火系强化	1623	Assets/Product/Texture/Image/RoleWaferBag/ENikeersenI01002.png	"["""",""攻击增加5%，火属性伤害增加7%"","""",""普攻连段的额外伤害加成提高10%，获得的虚赝值提高10点。"","""",""每次出场额外获得30点大招能量。释放有效连段后，根据连段类型分别恢复50/75/100闪避值。焚烈球的额外伤害加成提高100%。释放必杀技后，攻击力增加5%，持续8秒。""]"	7	"["""",162302,"""",162304,"""",162306]"	12	[3016023,3026023,3036023,3046023,3056023,3066023]	1541003
Assets/Product/Texture/Image/IconToolsSp/EYilishabaiI01001Sp.png	Assets/Product/Texture/Image/IconTools/EYilishabaiI01001.png	伊丽莎白	火系强化	1624	Assets/Product/Texture/Image/RoleWaferBag/EYilishabaiI01002.png	"["""",""攻击增加5%，火属性伤害提高5%"","""",""任意宣誓额外伤害加成提高50%。丽芙·极昼携带时，全队成员释放3消时对目标释放纯白圣言，每秒造成丽芙·极昼攻击力3%的伤害，持续20秒，最多叠加5次。同时每秒为范围内的队友恢复攻击力15%的生命值，持续4秒。""]"	2	"["""",162402,"""",162404]"	2	[3016024,3026024,3036024,3046024,3056024,3066024]	1031004
Assets/Product/Texture/Image/IconToolsSp/EFanniI01001Sp.png	Assets/Product/Texture/Image/IconTools/EFanniI01001.png	萨贺芬	暗系强化	1625	Assets/Product/Texture/Image/RoleWaferBag/EFanniI01002.png	"["""",""攻击增加5%，暗属性伤害提高5%"","""",""任意重奏基础伤害提升100%。受到赛琳娜·幻奏治疗的友方单位获得暗属性伤害提高10%的暗质辐射效果，持续8秒，重复触发刷新持续时间。""]"	5	"["""",162502,"""",162504]"	5	[3016025,3026025,3036025,3046025,3056025,3066025]	1531004
Assets/Product/Texture/Image/IconToolsSp/EMaerkeI01001Sp.png	Assets/Product/Texture/Image/IconTools/EMaerkeI01001.png	玛尔珂	物理强化	1626	Assets/Product/Texture/Image/RoleWaferBag/EMaerkeI01002.png	"["""",""物理伤害提高7%，普通攻击伤害增加5%"","""",""受击时触碰回旋龙厄将解除受击状态并将回旋龙厄再次投出，同时将清除红闪惩罚并恢复250点闪避值。"","""",""龙劲连击的基础伤害提高50%。触发龙劲连击第一击时，回旋龙厄将释放龙啸将敌人向蒲牢方向牵引并给予自身15%最大生命值的护盾，持续6秒。""]"	7	"["""",162602,"""",162604,"""",162606]"	12	[3016026,3026026,3036026,3046026,3056026,3066026]	1551003
Assets/Product/Texture/Image/IconToolsSp/EYounimeiteI01001Sp.png	Assets/Product/Texture/Image/IconTools/EYounimeiteI01001.png	尤尼梅特	火系强化	1627	Assets/Product/Texture/Image/RoleWaferBag/EYounimeiteI01002.png	"["""",""火属性伤害提高10%"","""",""“哎呀可惜~”/“简直完美！”/激燃冲角造成的基础伤害提高100%。七实·遥星之座的QTE技能对命中目标附加减少15%火属性抗性的灼热侵袭效果，持续8秒。""]"	2	"["""",162702,"""",162704]"	2	[3016027,3026027,3036027,3046027,3056027,3066027]	1051004
Assets/Product/Texture/Image/IconToolsSp/EAixiaI01001Sp.png	Assets/Product/Texture/Image/IconTools/EAixiaI01001.png	艾夏	冰系强化	1628	Assets/Product/Texture/Image/RoleWaferBag/EAixiaI01002.png	"["""",""攻击增加5%，冰属性伤害增加7%"","""",""霜流淬刃-彻寒造成的基础伤害提高15%。"","""",""凛寒对封冻状态中的敌人造成的冰属性伤害提高200%""]"	7	"["""",162802,"""",162804,"""",162806]"	12	[3016028,3026028,3036028,3046028,3056028,3066028]	1561003
Assets/Product/Texture/Image/IconToolsSp/EBuenI01001Sp.png	Assets/Product/Texture/Image/IconTools/EBuenI01001.png	布恩	暗系强化	1629	Assets/Product/Texture/Image/RoleWaferBag/EBuenI01002.png	"["""",""暗属性伤害提高10%"","""",""卡列尼娜·辉晓动能值提供的星碎地平线基础伤害提升效果翻倍。跃升击及辉耀旋击基础伤害倍率翻倍。""]"	5	"["""",162902,"""",162904]"	5	[3016029,3026029,3036029,3046029,3056029,3066029]	1071004
Assets/Product/Texture/Image/IconToolsSp/EXueLaiI01001Sp.png	Assets/Product/Texture/Image/IconTools/EXueLaiI01001.png	雪莱	雷系强化	1630	Assets/Product/Texture/Image/RoleWaferBag/EXueLaiI01002.png	"["""",""雷属性伤害提高10%。"","""",""三消及派生全程获得霸体；若释放三消、极限突破派生或强袭升华击的过程中受到伤害，将免疫该伤害，改为消耗等生命值比例的闪避值，若闪避值不足抵扣则无法免疫伤害。"","""",""极限突破派生和强袭升华击的基础伤害倍率翻倍。""]"	7	"["""",163002,"""",163004,"""",163006]"	12	[3016030,3026030,3036030,3046030,3056030,3066030]	1571003
Assets/Product/Texture/Image/IconToolsSp/EXialuodiI01001Sp.png	Assets/Product/Texture/Image/IconTools/EXialuodiI01001.png	夏洛蒂	物理强化	1631	Assets/Product/Texture/Image/RoleWaferBag/EXialuodiI01002.png	"["""",""普通攻击伤害提高5%，攻击力提高7%。"","""",""垂灯耀目基础伤害提高50%，残光剑影基础伤害提高100%。每次进入照域后，释放垂灯耀目时，将重新排列信号球。""]"	1	"["""",163102,"""",163104]"	1	[3016031,3026031,3036031,3046031,3056031,3066031]	1041004
Assets/Product/Texture/Image/IconToolsSp/ETulingI01001Sp.png	Assets/Product/Texture/Image/IconTools/ETulingI01001.png	图灵	火系强化	1632	Assets/Product/Texture/Image/RoleWaferBag/ETulingI01002.png	"["""",""火属性伤害提高10%"","""",""超维劫击及必杀-界域崩解基础伤害提高100%。超维空间中每次释放超维劫击时，延长1秒超维空间的持续时间。""]"	2	"["""",163202,"""",163204]"	2	[3016032,3026032,3036032,3046032,3056032,3066032]	1011004
Assets/Product/Texture/Image/IconToolsSp/EYileinuoyaI01001Sp.png	Assets/Product/Texture/Image/IconTools/EYileinuoyaI01001.png	艾琳	冰系强化	1633	Assets/Product/Texture/Image/RoleWaferBag/EYileinuoyaI01002.png	"["""",""额外伤害加成增加5%，冰属性伤害提高5%"","""",""纯色·主题强调、混色·概念碰撞基础伤害提高50%。幻彩笔触基础伤害提升80%。""]"	3	"["""",163302,"""",163304]"	3	[3016033,3026033,3036033,3046033,3056033,3066033]	1091003
Assets/Product/Texture/Image/IconToolsSp/EDiseerI01001Sp.png	Assets/Product/Texture/Image/IconTools/EDiseerI01001.png	狄瑟尔	雷系强化	1634	Assets/Product/Texture/Image/RoleWaferBag/EDiseerI01002.png	"["""",""雷属性伤害提高10%"","""",""剑势的获取效率提高50%。不灭殛华的殛跃挑击基础伤害提高50%，必杀-囚影·浮世业火基础伤害提高80%。""]"	4	"["""",163402,"""",163404]"	4	[3016034,3026034,3036034,3046034,3056034,3066034]	1021005
Assets/Product/Texture/Image/IconToolsSp/EFulanI01001Sp.png	Assets/Product/Texture/Image/IconTools/EFulanI01001.png	弗兰	雷系强化	1635	Assets/Product/Texture/Image/RoleWaferBag/EFulanI01002.png	"["""",""雷属性伤害提高5%，额外伤害加成提高5%。"","""",""薄暮荧辉、彷林猎影基础伤害提高100%。超束解放基础伤害提升70%。""]"	4	"["""",163502,"""",163504]"	4	[3016035,3026035,3036035,3046035,3056035,3066035]	1221003
Assets/Product/Texture/Image/IconToolsSp/EXigenaI01001Sp.png	Assets/Product/Texture/Image/IconTools/EXigenaI01001.png	希格娜	物理强化	1636	Assets/Product/Texture/Image/RoleWaferBag/EXigenaI01002.png	"["""",""物理伤害提高5%，额外伤害加成提高5%。"","""",""合击·锁魂裁定及合击·碎魄之弓的基础伤害提升100%。回音为友方恢复生命值时，友方获得暴击伤害提高20%的深度穿透效果以及75%暴击几率，持续8秒，重新触发刷新持续时间。""]"	1	"["""",163602,"""",163604]"	1	[3016036,3026036,3036036,3046036,3056036,3066036]	1261003
Assets/Product/Texture/Image/IconToolsSp/EDekeduoI01001Sp.png	Assets/Product/Texture/Image/IconTools/EDekeduoI01001.png	德珂朵	暗系强化	1637	Assets/Product/Texture/Image/RoleWaferBag/EDekeduoI01002.png	"["""",""暗属性伤害提高10%。"","""",""潮涌球技能、溯汐球技能、必杀-沉渊终局基础伤害提高100%。释放必杀-沉渊终局后下场时每个队友主动释放必杀时拉弥亚会对敌人进行协同攻击，每次攻击造成倍率3000%的暗属性伤害，协同攻击在每次释放必杀-沉渊终局后下场最多触发3次。""]"	5	"["""",163702,"""",163704]"	5	[3016037,3026037,3036037,3046037,3056037,3066037]	1271003
Assets/Product/Texture/Image/IconToolsSp/EAlphonseI01001Sp.png	Assets/Product/Texture/Image/IconTools/EAlphonseI01001.png	阿尔冯斯	火系强化	1638	Assets/Product/Texture/Image/RoleWaferBag/EAlphonseI01002.png	"["""",""火属性伤害提高10%"","""",""热焰喷涌、热力侵蚀的基础伤害倍率提升100%。火力屏障会对伤害单位附加降低目标火属性抗性的灼热侵袭效果，持续8秒，重复触发刷新持续时间。""]"	2	"["""",163802,"""",163804]"	2	[3016038,3026038,3036038,3046038,3056038,3066038]	1081004
Assets/Product/Texture/Image/IconToolsSp/ELilianaI01001Sp.png	Assets/Product/Texture/Image/IconTools/ELilianaI01001.png	莉莉安娜	攻击强化	1639	Assets/Product/Texture/Image/RoleWaferBag/ELilianaI01002.png	"["""",""攻击提升5%，额外伤害提升5%"","""",""处于超算空间时，额外伤害提升10%"","""",""切换入场后，全元素属性伤害和物理伤害增加15%，持续8秒""]"	7	"["""",163902,"""",163904,"""",163906]"	12	[3016039,3026039,3036039,3046039,3056039,3066039]	
Assets/Product/Texture/Image/IconToolsSp/EJiboanI01001Sp.png	Assets/Product/Texture/Image/IconTools/EJiboanI01001.png	姬伯安	冰系强化	1640	Assets/Product/Texture/Image/RoleWaferBag/EJiboanI01002.png	"["""",""攻击提升5%，冰属性伤害提升5%"","""",""凝诀、飞霜、唤岳基础倍率提升100%。君临镇魄技能倍率翻倍。""]"	3	"["""",164002,"""",164004]"	12	[3016040,3026040,3036040,3046040,3056040,3066040]	1521004
Assets/Product/Texture/Image/IconToolsSp/ECleopatraI01001Sp.png	Assets/Product/Texture/Image/IconTools/ECleopatraI01001.png	克娄帕特拉	空系强化	1641	Assets/Product/Texture/Image/RoleWaferBag/ECleopatraI01002.png	"["""",""空属性伤害提高10%"","""",""终月值获取效率提升100%。主序/终临期间，露娜·终焉获得30%额外伤害加成。""]"	6	"["""",164102,"""",164104]"	14	[3016041,3026041,3036041,3046041,3056041,3066041]	1171004
Assets/Product/Texture/Image/IconToolsSp/EChangwuziI01001Sp.png	Assets/Product/Texture/Image/IconTools/EChangwuziI01001.png	长梧子	物理系强化	1642	Assets/Product/Texture/Image/RoleWaferBag/EChangwuziI01002.png	"["""",""物理伤害提高10%"","""",""泛音球的基础伤害提升100%。由含英·檀心施加的透甲之击效果增加20%。退出月音之域时，领域将继续维持12秒，并对领域中的敌方单位每秒造成一次50%的物理伤害。""]"	1	"["""",164202,"""",164204]"	1	[3016042,3026042,3036042,3046042,3056042,3066042]	1241003
Assets/Product/Texture/Image/IconToolsSp/EListonI01001Sp.png	Assets/Product/Texture/Image/IconTools/EListonI01001.png	利斯顿	冰系强化	1643	Assets/Product/Texture/Image/RoleWaferBag/EListonI01002.png	"["""",""冰属性伤害提高10%。释放【QTE-抵近射袭】后触发【封冻区域】效果，【封冻区域】持续8秒，重复触发刷新持续时间。"","""",""【QTE-封冻区域】/【必杀-封冻区域】造成伤害时，附加降低目标冰属性抗性的霜晶刻蚀效果，持续2/8秒，重复触发刷新持续时间。连发模式中，每次射击额外叠加一层致伤效果，致伤效果叠加上限提升至24层。释放破灭寒流时，每枚修正弹提供的基础伤害提升效果提升至10%。""]"	3	"["""",164302,"""",164304]"	12	[3016043,3026043,3036043,3046043,3056043,3066043]	1211003
Assets/Product/Texture/Image/IconToolsSp/EHeraclitusI01001Sp.png	Assets/Product/Texture/Image/IconTools/EHeraclitusI01001.png	赫拉克利特	火系强化	1644	Assets/Product/Texture/Image/RoleWaferBag/EHeraclitusI01002.png	"["""",""攻击增加5%，火属性伤害及电束伤害提高5%"","""",""辉光值的获取效率提升100%。 必杀-协行锐斩、必杀-蚀日彻曙的倍率翻倍。""]"	2	"["""",164402,"""",164404]"	2	[3016044,3026044,3036044,3046044,3056044,3066044]	1021006
Assets/Product/Texture/Image/IconToolsSp/EWildeI01001Sp.png	Assets/Product/Texture/Image/IconTools/EWildeI01001.png	王尔德	电束强化	1645	Assets/Product/Texture/Image/RoleWaferBag/EWildeI01002.png	"["""",""雷属性伤害提高5%，电束伤害提高10%"","""",""电暴鸣闪状态持续期间内，攻击力增加5%，电束伤害提高10%。""]"	10	"["""",164502,"""",164504]"	4	[3016045,3026045,3036045,3046045,3056045,3066045]	
Assets/Product/Texture/Image/IconToolsSp/EHerschellI01001Sp.png	Assets/Product/Texture/Image/IconTools/EHerschellI01001.png	赫尔舍尔	雷系强化	1646	Assets/Product/Texture/Image/RoleWaferBag/EHerschellI01002.png	"["""",""攻击增加5%，雷属性伤害及焚烧伤害提高5%"","""",""耀烬领域或耀烬星界造成伤害时附带减抗效果，持续8秒。QTE持续伤害附带减抗效果，持续2秒。天宇贯星击及万兆碎星斩基础伤害翻倍，释放后获得两枚信号球，且优先凑齐三消球。""]"	4	"["""",164602,"""",164604]"	4	[3016046,3026046,3036046,3046046,3056046,3066046]	1051005
Assets/Product/Texture/Image/IconToolsSp/ESothothI01001Sp.png	Assets/Product/Texture/Image/IconTools/ESothothI01001.png	索托斯	空系强化	1647	Assets/Product/Texture/Image/RoleWaferBag/ESothothI01002.png	"["""",""空属性伤害提高10%。"","""",""释放浮影归湮时，根据当前段数获得18/36/36/36/54点坍缩值。释放彼界浮象后立即获得150点浮影值。释放降维坍坠后，下一次必杀-寂灭绝罚的基础伤害提升100%。若自身是装甲型/破甲型，超维界域命中目标时会根据观测纪行附加对应元素的减抗效果；若自身是增幅型/聚变型，超维界域存在期间会每秒恢复友方8%攻击力的生命值，并根据观测纪行为友方单位附加元素伤害提高效果。""]"	6	"["""",164702,"""",164704]"	14	[3016047,3026047,3036047,3046047,3056047,3066047]	1321003
Assets/Product/Texture/Image/IconToolsSp/EbarceloI01001Sp.png	Assets/Product/Texture/Image/IconTools/EbarceloI01001.png	巴塞罗	暗系强化	1648	Assets/Product/Texture/Image/RoleWaferBag/EbarceloI01002.png	"["""",""攻击增加7%，暗属性伤害及电束伤害提高3%"","""",""璀金璨梦之邀基础伤害翻倍。""]"	5	"["""",164802,"""",164804]"	5	[3016048,3026048,3036048,3046048,3056048,3066048]	1331003
Assets/Product/Texture/Image/IconToolsSp/EBuranaI01001Sp.png	Assets/Product/Texture/Image/IconTools/EBuranaI01001.png	布兰	物理系强化	1649	Assets/Product/Texture/Image/RoleWaferBag/EBuranaI01002.png	"["""",""攻击增加5%，物理伤害及覆冰伤害提高5%。SS升阶新增：释放流韵穿刺后，退场时视为已释放必杀-间岚啸鸣（无法减少杂噪层数）。"","""",""释放流韵穿刺时立即获得2个信号球。音刃延鸣、流韵穿刺、必杀-间岚啸鸣、必杀-徒花的终止符的伤害翻倍。""]"	1	"["""",164902,"""",164904]"	1	[3016049,3026049,3036049,3046049,3056049,3066049]	1531005
Assets/Product/Texture/Image/IconToolsSp/EKlenovaI01001Sp.png	Assets/Product/Texture/Image/IconTools/EKlenovaI01001.png	克涅诺娃	覆冰强化	1650	Assets/Product/Texture/Image/RoleWaferBag/EKlenovaI01002.png	"["""",""冰属性伤害提高5%，覆冰伤害提高10%"","""",""冰刺存续期间，攻击力增加5%，覆冰伤害提高10%。""]"	10	"["""",165002,"""",165004]"	4	[3016050,3026050,3036050,3046050,3056050,3066050]	
Assets/Product/Texture/Image/IconToolsSp/EHervorI01001Sp.png	Assets/Product/Texture/Image/IconTools/EHervorI01001.png	赫尔薇	火系强化	1651	Assets/Product/Texture/Image/RoleWaferBag/EHervorI01002.png	"["""",""攻击力提升5%，火属性及黯衍伤害提升5%"","""",""释放炙锋灼空后额外获得3个蓝球。消除一组红球延长绝焰的持续时间翻倍。""]"	2	"["""",165102,"""",165104]"	2	[3016051,3026051,3036051,3046051,3056051,3066051]	1131004
Assets/Product/Texture/Image/IconToolsSp/EJeanneI01001Sp.png	Assets/Product/Texture/Image/IconTools/EJeanneI01001.png	让娜	暗系强化	1652	Assets/Product/Texture/Image/RoleWaferBag/EJeanneI01002.png	"["""",""攻击力提升5%，暗属性及熠光伤害提升5%"","""",""断海伤害翻倍。释放链蚀时，每消耗1点戒律值，获得10层祝祷，若消耗9点戒律值，额外获得45层祝祷，并触发未冷却的超算空间。""]"	5	"["""",165202,"""",165204]"	2	[3016052,3026052,3036052,3046052,3056052,3066052]	1041005
Assets/Product/Texture/Image/IconToolsSp/EKeatsI01001Sp.png	Assets/Product/Texture/Image/IconTools/EKeatsI01001.png	济慈	物理强化	1653	Assets/Product/Texture/Image/RoleWaferBag/EKeatsI01002.png	"["""",""物理伤害及焚烧伤害提高5%，额外伤害加成提高5%。维罗妮卡为友方恢复生命值时，友方获得暴击伤害提高20%的深度穿透效果及75%的暴击率，持续8s，重复触发刷新持续时间。"","""",""重锋清空红色信号球时，除获得必杀能量外，每清空一颗红色信号球可以额外获得5点肃恶值。单次清空的红色信号球数量大于等于9颗时，第9颗开始后续每颗红色信号球可额外再获得5点肃恶值。掣烈焚棘、断域的基础伤害提升50%。正刑期间每消耗1点肃恶值，墟烬生的基础伤害增加0.5%，最多提升50%，退场或释放墟烬生后重置该提升效果。""]"	1	"["""",165302,"""",165304]"	1	[3016053,3026053,3036053,3046053,3056053,3066053]	1381003
Assets/Product/Texture/Image/IconToolsSp/ENatashaI01001Sp.png	Assets/Product/Texture/Image/IconTools/ENatashaI01001.png	娜塔莎	雷系强化	1654	Assets/Product/Texture/Image/RoleWaferBag/ENatashaI01002.png	"["""",""攻击力提升5%，雷属性及黯衍伤害提升5%。"","""",""玲珑心的强化基础伤害效果翻倍。""]"	4	"["""",165402,"""",165404]"	4	[3016054,3026054,3036054,3046054,3056054,3066054]	1031005
Assets/Product/Texture/Image/IconToolsSp/EPoincareI01001Sp.png	Assets/Product/Texture/Image/IconTools/EPoincareI01001.png	庞加莱	黯衍强化	1655	Assets/Product/Texture/Image/RoleWaferBag/EPoincareI01002.png	"["""",""暗属性伤害提高5%，黯衍伤害提高10%。"","""",""释放必杀技时，攻击力增加5%，黯衍伤害提高10%，持续10秒，重复触发刷新持续时间。""]"	10	"["""",165502,"""",165504]"	4	[3016055,3026055,3036055,3046055,3056055,3066055]	
Assets/Product/Texture/Image/IconToolsSp/EJoannaI01001Sp.png	Assets/Product/Texture/Image/IconTools/EJoannaI01001.png	乔安娜	冰系强化	1656	Assets/Product/Texture/Image/RoleWaferBag/EJoannaI01002.png	"["""",""攻击力提升5%，冰属性及熠光伤害提升5%"","""",""数域空间·闪烁留存造成的伤害提升125%，数域空间·势垒裂隙造成的伤害翻倍。""]"	3	"["""",165602,"""",165604]"	3	[3016056,3026056,3036056,3046056,3056056,3066056]	1291003
Assets/Product/Texture/Image/IconToolsSp/ENiumuI01001Sp.png	Assets/Product/Texture/Image/IconTools/ENiumuI01001.png	妮缪	暗系强化	1657	Assets/Product/Texture/Image/RoleWaferBag/ENiumuI01002.png	"["""",""攻击力提升5%，暗属性及真意斩伤害提升5%"","""",""涅索斯拟态下获得的必杀能量翻倍。涅索斯拟态下消耗覆态馈赠获得的必杀基础伤害提升效果翻倍，最多提升90%。""]"	5	"["""",165702,"""",165704]"	5	[3016057,3026057,3036057,3046057,3056057,3066057]	1141004
Assets/Product/Texture/Image/IconToolsSp/EBenShengI01001Sp.png	Assets/Product/Texture/Image/IconTools/EBenShengI01001.png	本笙	真意斩强化	1658	Assets/Product/Texture/Image/RoleWaferBag/EBenShengI01002.png	"["""",""物理伤害提高5%，真意斩伤害提高10%。"","""",""真意值≥5时，攻击力增加5%，真意斩伤害提高10%。""]"	10	"["""",165802,"""",165804]"	4	[3016058,3026058,3036058,3046058,3056058,3066058]	
Assets/Product/Texture/Image/IconToolsSp/EBulgakovI01001Sp.png	Assets/Product/Texture/Image/IconTools/EBulgakovI01001.png	布尔加科夫	空系强化	1659	Assets/Product/Texture/Image/RoleWaferBag/EBulgakovI01002.png	"["""",""空属性伤害提高10%"","""",""每次入场，首次使用夺心一吻后额外获得3个红球。夺心一吻、赴亡末约额外伤害提升50%。""]"	6	"["""",165902,"""",165904]"	4	[3016059,3026059,3036059,3046059,3056059,3066059]	1391003
Assets/Product/Texture/Image/IconToolsSp/EFeynmanI01001Sp.png	Assets/Product/Texture/Image/IconTools/EFeynmanI01001.png	费曼	火系强化	1660	Assets/Product/Texture/Image/RoleWaferBag/EFeynmanI01002.png	"["""",""攻击力提升5%，火属性伤害及电束伤害提高5%。"","""",""耀斑值提升引火至晖基础伤害的效果翻倍。""]"	2	"["""",166002,"""",166004]"	2	[3016060,3026060,3036060,3046060,3056060,3066060]	1061004
Assets/Product/Texture/Image/IconToolsSp/ELyudmilaI01001Sp.png	Assets/Product/Texture/Image/IconTools/ELyudmilaI01001.png	帕夫利琴科	冰系强化	1661	Assets/Product/Texture/Image/RoleWaferBag/ELyudmilaI01002.png	"["""",""攻击力提升5%，冰属性及焚烧伤害提升5%"","""",""必杀-诸光尽默之渊倍率翻倍。""]"	3	"["""",166102,"""",166104]"	3	[3016061,3026061,3036061,3046061,3056061,3066061]	1021007
Assets/Product/Texture/Image/IconToolsSp/EClusiusI01001Sp.png	Assets/Product/Texture/Image/IconTools/EClusiusI01001.png	克卢修丝	焚烧强化	1662	Assets/Product/Texture/Image/RoleWaferBag/EClusiusI01002.png	"["""",""火属性伤害提高5%，焚烧伤害提高10%。"","""",""释放必杀技时，攻击力增加5%，焚烧伤害提高10%，持续10秒，重复触发刷新持续时间。""]"	10	"["""",166202,"""",166204]"	4	[3016062,3026062,3036062,3046062,3056062,3066062]	
Assets/Product/Texture/Image/IconToolsSp/EDescartesI02001Sp.png	Assets/Product/Texture/Image/IconTools/EDescartesI02001.png	柯绮朵	雷系强化	1663	Assets/Product/Texture/Image/RoleWaferBag/EDescartesI02002.png	"["""",""攻击力提升5%，雷属性伤害以及覆冰伤害提高5%。"","""",""掘索，切现，偏折，投注，退行的额外伤害增加100%。""]"		"["""",166302,"""",166304]"	4	[3016063,3026063,3036063,3046063,3056063,3066063]	1401003
Assets/Product/Texture/Image/IconToolsSp/ESantiagoI01001Sp.png	Assets/Product/Texture/Image/IconTools/ESantiagoI01001.png	圣地亚哥	物理强化	1664	Assets/Product/Texture/Image/RoleWaferBag/ESantiagoI01002.png	"["""",""攻击力提高5%，物理属性及黯衍伤害提升5%。"","""",""由卡列尼娜·烬航施加的透甲之击效果增加20%。万涛决海基础伤害增加100%。""]"	1	"["""",166402,"""",166404]"	1	[3016064,3026064,3036064,3046064,3056064,3066064]	1071005
Assets/Product/Texture/Image/IconToolsSp/ESimoneI01001Sp.png	Assets/Product/Texture/Image/IconTools/ESimoneI01001.png	裴桑朵	暗系强化	1665	Assets/Product/Texture/Image/RoleWaferBag/ESimoneI01002.png	"["""",""攻击提高5%，暗属性以及真意斩伤害提升5%。"","""",""行渊战术和行渊战术·连袭的额外伤害提升50%，每层行渊信火提供的基础伤害提升至35%，破渊每次入场首次释放执炬穿光后，回复2颗执炬信号球。""]"	5	"["""",166502,"""",166504]"	5	[3016065,3026065,3036065,3046065,3056065,3066065]	1421003
Assets/Product/Texture/Image/IconToolsSp/EJpLivlizhuangI01001Sp.png	Assets/Product/Texture/Image/IconTools/EJpLivlizhuangI01001.png	礼装·丽芙	生存强化	20001	Assets/Product/Texture/Image/RoleWaferBag/EJpLivlizhuangB01001.png	"["""",""每30秒，受到伤害时，获得一个自身最大生命值20%的护盾，护盾持续5秒"","""",""每20秒，获得自身最大生命值15%的治疗效果。""]"		"["""",3000002,"""",3000004]"	12	[3018053,3028053,3038053,3048053,3058053,3068053]	
Assets/Product/Texture/Image/IconToolsSp/EGouliangI01001Sp.png	Assets/Product/Texture/Image/IconTools/EGouliangI01001.png	意识强化素材	低级强化素材	1901	Assets/Product/Texture/Image/RoleWaferBag/EGouliangI01002.png	"["""",""无"","""",""无""]"				[3911001,3921001,3931001,3941001,3951001,3961001]	
Assets/Product/Texture/Image/IconToolsSp/EGouliangI01001Sp.png	Assets/Product/Texture/Image/IconTools/EGouliangI01001.png	意识强化素材	中级强化素材	1902	Assets/Product/Texture/Image/RoleWaferBag/EGouliangI01002.png	"["""",""无"","""",""无""]"				[3912001,3922001,3932001,3942001,3952001,3962001]	
Assets/Product/Texture/Image/IconToolsSp/EGouliangI01001Sp.png	Assets/Product/Texture/Image/IconTools/EGouliangI01001.png	意识强化素材	高级强化素材	1903	Assets/Product/Texture/Image/RoleWaferBag/EGouliangI01002.png	"["""",""无"","""",""无""]"				[3913001,3923001,3933001,3943001,3953001,3963001]	
Assets/Product/Texture/Image/IconToolsSp/EGouliangI01001Sp.png	Assets/Product/Texture/Image/IconTools/EGouliangI01001.png	意识强化素材	高级强化素材	1904	Assets/Product/Texture/Image/RoleWaferBag/EGouliangI01002.png	"["""",""无"","""",""无""]"				[3914001,3924001,3934001,3944001,3954001,3964001]	
Assets/Product/Texture/Image/IconToolsSp/EGouliangI01001Sp.png	Assets/Product/Texture/Image/IconTools/EGouliangI01001.png	意识强化素材	高级强化素材	1905	Assets/Product/Texture/Image/RoleWaferBag/EGouliangI01002.png	"["""",""额外伤害加成降低15%，额外伤害减免降低30%"","""",""每5秒减少5%的最大生命值。""]"		"["""",190202,"""",190204]"		[3915001,3925001,3935001,3945001,3955001,3965001]	
Assets/Product/Texture/Image/IconToolsSp/EGouliangI01001Sp.png	Assets/Product/Texture/Image/IconTools/EGouliangI01001.png	意识强化素材	高级强化素材	1906	Assets/Product/Texture/Image/RoleWaferBag/EGouliangI01002.png	"["""",""额外伤害加成降低15%，额外伤害减免降低30%"","""",""每5秒减少5%的最大生命值。""]"		"["""",190202,"""",190204]"		[3916001,3926001,3936001,3946001,3956001,3966001]	
Assets/Product/Texture/Image/IconToolsSp/EJpWeilaSummerI01001Sp.png	Assets/Product/Texture/Image/IconTools/EJpWeilaSummerI01001.png	薇拉·绯红夏日	攻击回血	20002	Assets/Product/Texture/Image/RoleWaferBag/EJpWeilaSummerB01001.png	"["""",""三消后，攻击增加5%，效果持续5秒，冷却时间10秒"","""",""处于超算空间时，下次造成的伤害会回复当前攻击力200%的血量，冷却时间25s""]"		"["""",3000006,"""",3000008]"	12	[3019050,3029050,3039050,3049050,3059050,3069050]	
