Id	PartnerId	LevelLimit	AttribId	AttribPromotedId	LevelUpTemplateId	CostItemId	CostItemCount	BreakTimes
1	16010000	10	50103100	501031	501	[1,40200,40201]	[10000,36,12]	
2	16010000	15	50103101	501032	502	[1,40200,40201]	[20000,60,20]	1
3	16010000	25	50103102	501033	503	[1,40200,40201]	[30000,96,32]	2
4	16010000	30	50103103	501034	504			3
5	16020000	10	50203100	502031	501	[1,40200,40201]	[10000,36,12]	
6	16020000	15	50203101	502032	502	[1,40200,40201]	[20000,60,20]	1
7	16020000	25	50203102	502033	503	[1,40200,40201]	[30000,96,32]	2
8	16020000	30	50203103	502034	504			3
9	16030000	10	50303100	503031	501	[1,40200,40201]	[10000,36,12]	
10	16030000	15	50303101	503032	502	[1,40200,40201]	[20000,60,20]	1
11	16030000	25	50303102	503033	503	[1,40200,40201]	[30000,96,32]	2
12	16030000	30	50303103	503034	504			3
13	16040000	10	50403100	504031	501	[1,40200,40201]	[10000,36,12]	
14	16040000	15	50403101	504032	502	[1,40200,40201]	[20000,60,20]	1
15	16040000	25	50403102	504033	503	[1,40200,40201]	[30000,96,32]	2
16	16040000	30	50403103	504034	504			3
17	16050000	10	50503100	505031	501	[1,40200,40201]	[10000,36,12]	
18	16050000	15	50503101	505032	502	[1,40200,40201]	[20000,60,20]	1
19	16050000	25	50503102	505033	503	[1,40200,40201]	[30000,96,32]	2
20	16050000	30	50503103	505034	504			3
21	16060000	10	50603100	506031	501	[1,40200,40201]	[10000,36,12]	
22	16060000	15	50603101	506032	502	[1,40200,40201]	[20000,60,20]	1
23	16060000	25	50603102	506033	503	[1,40200,40201]	[30000,96,32]	2
24	16060000	30	50603103	506034	504			3
25	16070000	10	50703100	507031	501	[1,40200,40201]	[10000,36,12]	
26	16070000	15	50703101	507032	502	[1,40200,40201]	[20000,60,20]	1
27	16070000	25	50703102	507033	503	[1,40200,40201]	[30000,96,32]	2
28	16070000	30	50703103	507034	504			3
29	16080000	10	50803100	508031	501	[1,40200,40201]	[10000,36,12]	
30	16080000	15	50803101	508032	502	[1,40200,40201]	[20000,60,20]	1
31	16080000	25	50803102	508033	503	[1,40200,40201]	[30000,96,32]	2
32	16080000	30	50803103	508034	504			3
33	16090000	10	50903100	509031	501	[1,40200,40201]	[10000,36,12]	
34	16090000	15	50903101	509032	502	[1,40200,40201]	[20000,60,20]	1
35	16090000	25	50903102	509033	503	[1,40200,40201]	[30000,96,32]	2
36	16090000	30	50903103	509034	504			3
37	16100000	10	51003100	510031	501	[1,40200,40201]	[10000,36,12]	
38	16100000	15	51003101	510032	502	[1,40200,40201]	[20000,60,20]	1
39	16100000	25	51003102	510033	503	[1,40200,40201]	[30000,96,32]	2
40	16100000	30	51003103	510034	504			3
41	16110000	10	51103100	511031	501	[1,40200,40201]	[10000,36,12]	
42	16110000	15	51103101	511032	502	[1,40200,40201]	[20000,60,20]	1
43	16110000	25	51103102	511033	503	[1,40200,40201]	[30000,96,32]	2
44	16110000	30	51103103	511034	504			3
45	16120000	10	51203100	512031	501	[1,40200,40201]	[10000,36,12]	
46	16120000	15	51203101	512032	502	[1,40200,40201]	[20000,60,20]	1
47	16120000	25	51203102	512033	503	[1,40200,40201]	[30000,96,32]	2
48	16120000	30	51203103	512034	504			3
49	16130000	10	51303100	513031	501	[1,40200,40201]	[10000,36,12]	
50	16130000	15	51303101	513032	502	[1,40200,40201]	[20000,60,20]	1
51	16130000	25	51303102	513033	503	[1,40200,40201]	[30000,96,32]	2
52	16130000	30	51303103	513034	504			3
53	16140000	10	51403100	514031	501	[1,40200,40201]	[10000,36,12]	
54	16140000	15	51403101	514032	502	[1,40200,40201]	[20000,60,20]	1
55	16140000	25	51403102	514033	503	[1,40200,40201]	[30000,96,32]	2
56	16140000	30	51403103	514034	504			3
57	16150000	10	51503100	515031	501	[1,40200,40201]	[10000,36,12]	
58	16150000	15	51503101	515032	502	[1,40200,40201]	[20000,60,20]	1
59	16150000	25	51503102	515033	503	[1,40200,40201]	[30000,96,32]	2
60	16150000	30	51503103	515034	504			3
61	16160000	10	51603100	516031	501	[1,40200,40201]	[10000,36,12]	
62	16160000	15	51603101	516032	502	[1,40200,40201]	[20000,60,20]	1
63	16160000	25	51603102	516033	503	[1,40200,40201]	[30000,96,32]	2
64	16160000	30	51603103	516034	504			3
65	16170000	10	51703100	517031	501	[1,40200,40201]	[10000,36,12]	
66	16170000	15	51703101	517032	502	[1,40200,40201]	[20000,60,20]	1
67	16170000	25	51703102	517033	503	[1,40200,40201]	[30000,96,32]	2
68	16170000	30	51703103	517034	504			3
69	16180000	10	51803100	518031	501	[1,40200,40201]	[10000,36,12]	
70	16180000	15	51803101	518032	502	[1,40200,40201]	[20000,60,20]	1
71	16180000	25	51803102	518033	503	[1,40200,40201]	[30000,96,32]	2
72	16180000	30	51803103	518034	504			3
73	16190000	10	51903100	519031	501	[1,40200,40201]	[10000,36,12]	
74	16190000	15	51903101	519032	502	[1,40200,40201]	[20000,60,20]	1
75	16190000	25	51903102	519033	503	[1,40200,40201]	[30000,96,32]	2
76	16190000	30	51903103	519034	504			3
77	16200000	10	52003100	520031	501	[1,40200,40201]	[10000,36,12]	
78	16200000	15	52003101	520032	502	[1,40200,40201]	[20000,60,20]	1
79	16200000	25	52003102	520033	503	[1,40200,40201]	[30000,96,32]	2
80	16200000	30	52003103	520034	504			3
81	16210000	10	52103100	521031	501	[1,40200,40201]	[10000,36,12]	
82	16210000	15	52103101	521032	502	[1,40200,40201]	[20000,60,20]	1
83	16210000	25	52103102	521033	503	[1,40200,40201]	[30000,96,32]	2
84	16210000	30	52103103	521034	504			3
85	16220000	10	52203100	522031	501	[1,40200,40201]	[10000,36,12]	
86	16220000	15	52203101	522032	502	[1,40200,40201]	[20000,60,20]	1
87	16220000	25	52203102	522033	503	[1,40200,40201]	[30000,96,32]	2
88	16220000	30	52203103	522034	504			3
89	16230000	10	52303100	523031	501	[1,40200,40201]	[10000,36,12]	
90	16230000	15	52303101	523032	502	[1,40200,40201]	[20000,60,20]	1
91	16230000	25	52303102	523033	503	[1,40200,40201]	[30000,96,32]	2
92	16230000	30	52303103	523034	504			3
93	16240000	10	52403100	524031	501	[1,40200,40201]	[10000,36,12]	
94	16240000	15	52403101	524032	502	[1,40200,40201]	[20000,60,20]	1
95	16240000	25	52403102	524033	503	[1,40200,40201]	[30000,96,32]	2
96	16240000	30	52403103	524034	504			3
97	16250000	10	52503100	525031	501	[1,40200,40201]	[10000,36,12]	
98	16250000	15	52503101	525032	502	[1,40200,40201]	[20000,60,20]	1
99	16250000	25	52503102	525033	503	[1,40200,40201]	[30000,96,32]	2
100	16250000	30	52503103	525034	504			3
101	16260000	10	52603100	526031	501	[1,40200,40201]	[10000,36,12]	
102	16260000	15	52603101	526032	502	[1,40200,40201]	[20000,60,20]	1
103	16260000	25	52603102	526033	503	[1,40200,40201]	[30000,96,32]	2
104	16260000	30	52603103	526034	504			3
105	16270000	10	52703100	527031	501	[1,40200,40201]	[10000,36,12]	
106	16270000	15	52703101	527032	502	[1,40200,40201]	[20000,60,20]	1
107	16270000	25	52703102	527033	503	[1,40200,40201]	[30000,96,32]	2
108	16270000	30	52703103	527034	504			3
109	16280000	10	52803100	528031	501	[1,40200,40201]	[10000,36,12]	
110	16280000	15	52803101	528032	502	[1,40200,40201]	[20000,60,20]	1
111	16280000	25	52803102	528033	503	[1,40200,40201]	[30000,96,32]	2
112	16280000	30	52803103	528034	504			3
113	16290000	10	52903100	529031	501	[1,40200,40201]	[10000,36,12]	
114	16290000	15	52903101	529032	502	[1,40200,40201]	[20000,60,20]	1
115	16290000	25	52903102	529033	503	[1,40200,40201]	[30000,96,32]	2
116	16290000	30	52903103	529034	504			3
117	16300000	10	52403100	524031	501	[1,40200,40201]	[10000,36,12]	
118	16300000	15	52403101	524032	502	[1,40200,40201]	[20000,60,20]	1
119	16300000	25	52403102	524033	503	[1,40200,40201]	[30000,96,32]	2
120	16300000	30	52403103	524034	504			3
121	16310000	10	53103100	531031	501	[1,40200,40201]	[10000,36,12]	
122	16310000	15	53103101	531032	502	[1,40200,40201]	[20000,60,20]	1
123	16310000	25	53103102	531033	503	[1,40200,40201]	[30000,96,32]	2
124	16310000	30	53103103	531034	504			3
125	16320000	10	53203100	532031	501	[1,40200,40201]	[10000,36,12]	
126	16320000	15	53203101	532032	502	[1,40200,40201]	[20000,60,20]	1
127	16320000	25	53203102	532033	503	[1,40200,40201]	[30000,96,32]	2
128	16320000	30	53203103	532034	504			3
129	16330000	10	53303100	533031	501	[1,40200,40201]	[10000,36,12]	
130	16330000	15	53303101	533032	502	[1,40200,40201]	[20000,60,20]	1
131	16330000	25	53303102	533033	503	[1,40200,40201]	[30000,96,32]	2
132	16330000	30	53303103	533034	504			3
133	16340000	10	53403100	534031	501	[1,40200,40201]	[10000,36,12]	
134	16340000	15	53403101	534032	502	[1,40200,40201]	[20000,60,20]	1
135	16340000	25	53403102	534033	503	[1,40200,40201]	[30000,96,32]	2
136	16340000	30	53403103	534034	504			3
137	16350000	10	53503100	535031	501	[1,40200,40201]	[10000,36,12]	
138	16350000	15	53503101	535032	502	[1,40200,40201]	[20000,60,20]	1
139	16350000	25	53503102	535033	503	[1,40200,40201]	[30000,96,32]	2
140	16350000	30	53503103	535034	504			3
141	16360000	10	53603100	536031	501	[1,40200,40201]	[10000,36,12]	
142	16360000	15	53603101	536032	502	[1,40200,40201]	[20000,60,20]	1
143	16360000	25	53603102	536033	503	[1,40200,40201]	[30000,96,32]	2
144	16360000	30	53603103	536034	504			3
145	16370000	10	53703100	537031	501	[1,40200,40201]	[10000,36,12]	
146	16370000	15	53703101	537032	502	[1,40200,40201]	[20000,60,20]	1
147	16370000	25	53703102	537033	503	[1,40200,40201]	[30000,96,32]	2
148	16370000	30	53703103	537034	504			3
149	16380000	10	53803100	538031	501	[1,40200,40201]	[10000,36,12]	
150	16380000	15	53803101	538032	502	[1,40200,40201]	[20000,60,20]	1
151	16380000	25	53803102	538033	503	[1,40200,40201]	[30000,96,32]	2
152	16380000	30	53803103	538034	504			3
153	16390000	10	53903100	539031	501	[1,40200,40201]	[10000,36,12]	
154	16390000	15	53903101	539032	502	[1,40200,40201]	[20000,60,20]	1
155	16390000	25	53903102	539033	503	[1,40200,40201]	[30000,96,32]	2
156	16390000	30	53903103	539034	504			3
157	16400000	10	54003100	540031	501	[1,40200,40201]	[10000,36,12]	
158	16400000	15	54003101	540032	502	[1,40200,40201]	[20000,60,20]	1
159	16400000	25	54003102	540033	503	[1,40200,40201]	[30000,96,32]	2
160	16400000	30	54003103	540034	504			3
161	16410000	10	54103100	541031	501	[1,40200,40201]	[10000,36,12]	
162	16410000	15	54103101	541032	502	[1,40200,40201]	[20000,60,20]	1
163	16410000	25	54103102	541033	503	[1,40200,40201]	[30000,96,32]	2
164	16410000	30	54103103	541034	504			3
165	16420000	10	54203100	542031	501	[1,40200,40201]	[10000,36,12]	
166	16420000	15	54203101	542032	502	[1,40200,40201]	[20000,60,20]	1
167	16420000	25	54203102	542033	503	[1,40200,40201]	[30000,96,32]	2
168	16420000	30	54203103	542034	504			3
169	16430000	10	54303100	543031	501	[1,40200,40201]	[10000,36,12]	
170	16430000	15	54303101	543032	502	[1,40200,40201]	[20000,60,20]	1
171	16430000	25	54303102	543033	503	[1,40200,40201]	[30000,96,32]	2
172	16430000	30	54303103	543034	504			3
