Id	Type	ScreenType	InitQuality	Condition	Name	MainDesc	WorldDesc	GetDesc	Priority	ShowType	MedalImg	PrefabPath	ShowScore	QualityConditions	Qualities	Hint	ShowQualityUpTip	IsNotShowGetTip	ScoreParams	GroupId	GroupLv	ActivityId	MedalIcon	ExtraParams	ExpandInfoId	ShowMaxLevel	TimeId
13000001	5	1	3	850004	瓦沙克电玩	收藏品	凶猛的瓦沙克被灰鸦小队制服后，七实参照瓦沙克做出的新玩具，在神威手里总能发挥各种意想不到的用处。	通关主线剧情4-12后获得	30	1	Assets/Product/Texture/Image/UiCollection/Iconcollection004.png	Assets/Product/Ui/ComponentPrefab/UiCollection/CollectionStyleOne.prefab															
13000100	5	1	4	850005	萌军重逢	收藏品	印有库莉珂形象的立牌，见证指挥官与萌军各位将领的会面，以及与首领库莉珂的重逢——库莉珂，我回来了。	通关意识营救战“爱芙”后获得	40	1	Assets/Product/Texture/Image/UiCollection/Iconcollection002.png	Assets/Product/Ui/ComponentPrefab/UiCollection/CollectionStyleOne.prefab															
13000300	3	1	5		区域控制器	收藏品	监控通关区域后的控制器，将根据通关区域数显示计数。授予指挥官以发挥卓绝的作战能力，是指挥官区获得区域控制权的象征。	边界公约不使用重启功能通关任意区域后获得	60	1	Assets/Product/Texture/Image/UiCollection/Iconcollection006.png	Assets/Product/Ui/ComponentPrefab/UiCollection/CollectionStyleOne.prefab	1														
13000400	4	1	2		荣誉支援凭证	收藏品	由空中花园战场司令部颁发的凭证，以表彰协作作战的意志和团结精神，满足一定次数后，将晋升不同档位。	合众战局中协助他人通关1次后获得	70	1	Assets/Product/Texture/Image/UiCollection/Iconcollection001.png	Assets/Product/Ui/ComponentPrefab/UiCollection/CollectionStyleOne.prefab		[84700102,84700103,84700104]	[3,4,5]	"[""·协助他人通关10次，品质提升为蓝色"",""·协助他人通关50次，品质提升为紫色"",""·协助他人通关200次，品质提升为橙色""]"											
13000500	5	1	5	850009	据点争夺	收藏品	广袤的地图上标定，用于识别打通的据点，是穿梭于各地战场时留下斐然战绩的最佳象征，更是一段艰苦卓绝的战斗成果汇总。	完成据点战12章后获得	50	1	Assets/Product/Texture/Image/UiCollection/Iconcollection003.png	Assets/Product/Ui/ComponentPrefab/UiCollection/CollectionStyleOne.prefab															
13000600	6	1	2		围剿记录仪	收藏品	联合指挥局为那些战胜了强敌的指挥官所配备的记录装置。（参与拟真围剿，活动结算后作战积分将按照10000：1转化为围剿记录仪经验）	加入联合指挥局后获得	10	1	Assets/Product/Texture/Image/UiCollection/Iconcollection015.png	Assets/Product/Ui/ComponentPrefab/UiCollection/CollectionStyleOne.prefab	1	[850021,850022,850023]	[3,4,5]	"[""·【围剿记录仪】达到6级，品质提升为蓝色"",""·【围剿记录仪】达到11级，品质提升为紫色"",""·【围剿记录仪】达到16级，品质提升为橙色""]"	1	1									
13000700	6	1	2		叫我大佬	收藏品	搭载了记录功能，专为向同袍伸出援手的指挥官所设计。（参与协同作战、合众战局，结算时自身战力与队伍中最低战力的差值按一定比例转化为收藏品经验）	参与协同作战、合众战局且自身不是队伍中最低战力	20	1	Assets/Product/Texture/Image/UiCollection/Iconcollection020.png	Assets/Product/Ui/ComponentPrefab/UiCollection/CollectionStyleOne.prefab	1	[850030,850031,850032]	[3,4,5]	"[""·【叫我大佬】达到50级，品质提升为蓝色"",""·【叫我大佬】达到100级，品质提升为紫色"",""·【叫我大佬】达到150级，品质提升为橙色""]"			[0.5]								
13000800	10	1	3		法奥斯教官奖章	收藏品	该奖章由空中花园颁发给协作计划中成果优异的指挥官，见证了经验丰富的指挥官带领下奔赴战场的新人指挥官的成长过程。既是良师，亦是战友。	1名学员毕业后获得	80	1	Assets/Product/Texture/Image/UiCollection/Iconcollection031.png	Assets/Product/Ui/ComponentPrefab/UiCollection/CollectionStyleOne.prefab	1	[850067,850068]	[4,5]	"[""·毕业学员达到4人，品质提升为紫色"",""·毕业学员达到9人，品质提升为橙色""]"											
13005001	999	2	2		绯红挚爱	收藏品	构造体在520这一天赠予指挥官的贵重收藏品，代表了赠予者重要的心意。	通过道具【绯红挚爱】转化获得	1000		Assets/Product/Texture/Image/UiCollection/Iconcollection007.png	Assets/Product/Ui/ComponentPrefab/UiCollection/CollectionStyleOne.prefab		[850001,850002,850003]	[3,4,5]	"[""·获得3个【绯红挚爱】，品质提升为蓝色"",""·获得6个【绯红挚爱】，品质提升为紫色"",""·获得10个【绯红挚爱】，品质提升为橙色""]"											
13005002	999	2	2		刻声恋影	收藏品	成员在5.20这一天送给指挥官的礼物，承载着赠予者浓烈的爱慕之情。	通过道具【刻声恋影】转化获得	1001		Assets/Product/Texture/Image/UiCollection/Iconcollection083.png	Assets/Product/Ui/ComponentPrefab/UiCollection/CollectionStyleOne.prefab		[990058,990059,990060]	[3,4,5]	"[""·获得2个【刻声恋影】，品质提升为蓝色"",""·获得5个【刻声恋影】，品质提升为紫色"",""·获得10个【刻声恋影】，品质提升为橙色""]"											
13005003	999	2	2		永恒眷景	收藏品	成员在5.20这天赠予指挥官的重要收藏品，承载着赠予者浓烈真挚的爱意。	2023年520活动-赠送【镌慕弥音】礼物	1002		Assets/Product/Texture/Image/UiCollection/Iconcollection130.png	Assets/Product/Ui/ComponentPrefab/UiCollection/CollectionStyleOne.prefab		[990155,990156,990157]	[3,4,5]	"[""·获得2个【永恒眷景】，品质提升为蓝色"",""·获得5个【永恒眷景】，品质提升为紫色"",""·获得10个【永恒眷景】，品质提升为橙色""]"											
13005004	999	2	2		恋纺心语	收藏品	成员在5.20这天赠予指挥官的重要收藏品，承载着赠予者浓烈真挚的爱意。	2024年520活动-赠送【馨絮眷言】礼物	1003		Assets/Product/Texture/Image/UiCollection/Iconcollection167.png	Assets/Product/Ui/ComponentPrefab/UiCollection/CollectionStyleOne.prefab		[990211,990212,990213]	[3,4,5]	"[""·获得2个【恋纺心语】，品质提升为蓝色"",""·获得5个【恋纺心语】，品质提升为紫色"",""·获得10个【恋纺心语】，品质提升为橙色""]"											
13005005	999	2	2		情巡拾光	收藏品	成员在5.20这天赠予指挥官的重要收藏品，承载着赠予者浓烈真挚的爱意。	2025年520活动-赠送【情巡拾光】礼物	1004		Assets/Product/Texture/Image/UiCollection/Iconcollection206.png	Assets/Product/Ui/ComponentPrefab/UiCollection/CollectionStyleOne.prefab		[990295,990296,990297]	[3,4,5]	"[""·获得2个【情巡拾光】，品质提升为蓝色"",""·获得5个【情巡拾光】，品质提升为紫色"",""·获得10个【情巡拾光】，品质提升为橙色""]"											
13005006	999	2	2		栖光契语	收藏品	成员在5.20这天赠予指挥官的重要收藏品，承载着赠予者浓烈真挚的爱意。	2026年520活动-赠送【待曙心稿】礼物	1005		Assets/Product/Texture/Image/IconTools/IconActivityGift2005012.png	Assets/Product/Ui/ComponentPrefab/UiCollection/CollectionStyleOne.prefab		[990352,990353,990354]	[3,4,5]	"[""·获得2个【栖光契语】，品质提升为蓝色"",""·获得5个【栖光契语】，品质提升为紫色"",""·获得10个【栖光契语】，品质提升为橙色""]"											
13005100	5	2	3	850006	欧西里斯纪念章	收藏品	印有欧西里斯形象的纪念章，根据不同档位显示不同品质，能感受到战胜欧西里斯所付出的超凡努力，只有从末世审判中存活下来的人才有资格佩戴它，见证着激战中突破处刑与审判之眼夹击的战斗场景。	通关协同作战【活动】欧西里斯超频难度后获得	1100		Assets/Product/Texture/Image/UiCollection/Iconcollection005.png	Assets/Product/Ui/ComponentPrefab/UiCollection/CollectionStyleOne.prefab		[850007,850008]	[4,5]	"[""·通关欧西里斯超频-精英级后，品质提升为紫色"",""·通关欧西里斯超频-噩梦级后，品质提升为橙色""]"											
13005101	5	2	2	850020	加百列纪念章	收藏品	印有加百列形象的纪念章，根据不同档位显示不同品质，能感受到战胜加百列所付出的超凡努力。	通关协同作战【活动】加百列暴走或以上难度后获得	1200		Assets/Product/Texture/Image/UiCollection/Iconcollection012.png	Assets/Product/Ui/ComponentPrefab/UiCollection/CollectionStyleOne.prefab		[850013,850014,850015]	[3,4,5]	"[""·通关加百列超频-极简级后，品质提升为蓝色"",""·通关加百列超频-精英级后，品质提升为紫色"",""·通关加百列超频-噩梦级后，品质提升为橙色""]"				1	1						
13005102	999	2	5		加百列纪念章	收藏品	印有加百列形象的纪念章，能感受到战胜加百列所付出的超凡努力。	在试玩区【梦魇加百列】关卡中达成相应条件后获得	1201		Assets/Product/Texture/Image/UiCollection/Iconcollection012.png	Assets/Product/Ui/ComponentPrefab/UiCollection/CollectionStyleOne.prefab								1	2						
13005103	999	2	5		加百列纪念章	收藏品	印有加百列形象的纪念章（进阶样式），能感受到战胜加百列所付出的超凡努力。	在试玩区【梦魇加百列】关卡中达成相应条件后获得	1202		Assets/Product/Texture/Image/UiCollection/Iconcollection023.png	Assets/Product/Ui/ComponentPrefab/UiCollection/CollectionStyleOne.prefab								1	3						
13005104	999	2	5		加百列纪念章	收藏品	印有加百列形象的纪念章（最终样式），能感受到战胜加百列所付出的超凡努力。	在试玩区【梦魇加百列】关卡中达成相应条件后获得	1203		Assets/Product/Texture/Image/UiCollection/Iconcollection029.png	Assets/Product/Ui/ComponentPrefab/UiCollection/CollectionStyleOne.prefab								1	4						
13005200	999	2	5		磷铜奖章	收藏品	榜上有名的指挥官荣誉，奖章将根据获得次数更新。运用磷铜的重铸浇灌技术制作而成，象征着久经锻炼的作战实力与操作技术。	列阵每次结算排行前5%~10%所获得的奖励	1300		Assets/Product/Texture/Image/UiCollection/Iconcollection008.png	Assets/Product/Ui/ComponentPrefab/UiCollection/CollectionStyleOne.prefab	1														
13005201	999	2	5		镀银奖章	收藏品	排名靠前的指挥官荣誉，奖章将根据获得次数更新。镀银的圣洁与纯白喷涂完美配合的新一代艺术收藏品，象征着自成一格的作战实力与操作技术。	列阵每次结算排行前1%~5%所获得的奖励	1301		Assets/Product/Texture/Image/UiCollection/Iconcollection009.png	Assets/Product/Ui/ComponentPrefab/UiCollection/CollectionStyleOne.prefab	1														
13005202	999	2	5		烙金奖章	收藏品	名列前茅的指挥官荣誉，奖章将根据获得次数更新。烙金的烫痕与高贵的纯色雕刻，象征着无与伦比的作战实力与操作技术。	列阵每次结算排行前1%内所获得的奖励	1302		Assets/Product/Texture/Image/UiCollection/Iconcollection010.png	Assets/Product/Ui/ComponentPrefab/UiCollection/CollectionStyleOne.prefab	1														
13005301	999	2	2		黑星高塔纪念章	收藏品	用以嘉奖在巴别塔计划战略行动中成功达成深度战略模拟的指挥官们，制作工艺非常考究，具备特殊纪念价值。	通过道具【黑星高塔纪念章】转化获得	1401		Assets/Product/Texture/Image/IconTools/BabelReward1.png	Assets/Product/Ui/ComponentPrefab/UiCollection/CollectionStyleOne.prefab		[850024,850025,850026]	[3,4,5]	"[""·获得3个【黑星高塔纪念章】，品质提升为蓝色"",""·获得6个【黑星高塔纪念章】，品质提升为紫色"",""·获得10个【黑星高塔纪念章】，品质提升为橙色""]"											
13005302	999	2	2		沙海高塔纪念章	收藏品	用以嘉奖在巴别塔计划第二期，无垠沙海的战略行动中成功达成深度战略模拟的指挥官们，它是荣耀的象征，亦是一段刚勇传说的见证。	通过道具【沙海高塔纪念章】转化获得	1402		Assets/Product/Texture/Image/IconTools/BabelReward2.png	Assets/Product/Ui/ComponentPrefab/UiCollection/CollectionStyleOne.prefab		[850027,850028,850029]	[3,4,5]	"[""·获得3个【沙海高塔纪念章】，品质提升为蓝色"",""·获得6个【沙海高塔纪念章】，品质提升为紫色"",""·获得10个【沙海高塔纪念章】，品质提升为橙色""]"											
13005300	2	2	2		游乐场高塔纪念章	收藏品	巴别塔计划·游乐场中获得的纪念章，用以嘉奖在巴别塔计划第三期战略行动中成功达成深度战略模拟的指挥官们，具备特殊纪念价值，铭刻着难忘的经历。	通关一次巴别塔·游乐场获得	1403		Assets/Product/Texture/Image/UiCollection/Iconcollection011.png	Assets/Product/Ui/ComponentPrefab/UiCollection/CollectionStyleOne.prefab	1	[850010,850011,850012]	[3,4,5]	"[""·完成巴别塔任务【天空之塔Ⅱ】，品质提升为蓝色"",""·完成巴别塔任务【天空之塔Ⅲ】，品质提升为紫色"",""·完成巴别塔任务【天空之塔Ⅳ】，品质提升为橙色""]"						3	Assets/Product/Texture/Image/UiBabelTower/UiBabelTowerIconLv1.png				
13005303	2	2	2		极光天穹纪念章	收藏品	巴别塔计划·极光天穹中获得的纪念章，用以嘉奖在巴别塔计划第四期战略行动中成功达成深度战略模拟的指挥官们，具备特殊纪念价值，铭刻着难忘的经历。	通关一次巴别塔·极光天穹获得	1404		Assets/Product/Texture/Image/UiCollection/Iconcollection016.png	Assets/Product/Ui/ComponentPrefab/UiCollection/CollectionStyleOne.prefab	1	[850039,850040,850041]	[3,4,5]	"[""·完成巴别塔任务【极光之扉Ⅱ】，品质提升为蓝色"",""·完成巴别塔任务【极光之扉Ⅲ】，品质提升为紫色"",""·完成巴别塔任务【极光之扉Ⅳ】，品质提升为橙色""]"						4	Assets/Product/Texture/Image/UiBabelTower/UiBabelTowerIconLv2.png				
13005304	2	2	2		白泽枢纪念章	收藏品	巴别塔计划·白泽枢中获得的纪念章，用以嘉奖在巴别塔计划第五期战略行动中成功达成深度战略模拟的指挥官们，纪念章由顶级匠人手工雕琢，具备特殊纪念价值。	通关一次巴别塔·白泽枢获得	1405		Assets/Product/Texture/Image/UiCollection/Iconcollection024.png	Assets/Product/Ui/ComponentPrefab/UiCollection/CollectionStyleOne.prefab	1	[850052,850053,850054]	[3,4,5]	"[""·完成巴别塔任务【万世诗铭Ⅱ】，品质提升为蓝色"",""·完成巴别塔任务【万世诗铭Ⅲ】，品质提升为紫色"",""·完成巴别塔任务【万世诗铭Ⅳ】，品质提升为橙色""]"						5	Assets/Product/Texture/Image/UiCollection/Iconcollection024.png				
13005305	2	2	2		荒尘蜃楼纪念章	收藏品	巴别塔计划·荒尘蜃楼中获得的纪念章，用以嘉奖在荒尘蜃楼攻略行动中成功达成深度战略模拟的指挥官们。相当重视传统的设计而极具仪式感。	通关一次巴别塔·荒尘蜃楼获得	1406		Assets/Product/Texture/Image/UiCollection/Iconcollection042.png	Assets/Product/Ui/ComponentPrefab/UiCollection/CollectionStyleOne.prefab	1	[850072,850073,850074]	[3,4,5]	"[""·完成巴别塔任务【扶摇楼阁Ⅱ】，品质提升为蓝色"",""·完成巴别塔任务【扶摇楼阁Ⅲ】，品质提升为紫色"",""·完成巴别塔任务【扶摇楼阁Ⅳ】，品质提升为橙色""]"						6	Assets/Product/Texture/Image/UiCollection/Iconcollection042.png				
13005400	999	2	5		合金冲浪板	收藏品	承载着夏日回忆的冲浪板，是映画晨星的畅销款式。	完成夏日大作战挑战任务获得	1500		Assets/Product/Texture/Image/UiCollection/Iconcollection013.png	Assets/Product/Ui/ComponentPrefab/UiCollection/CollectionStyleOne.prefab															
13005500	7	2	2		鲨士碧儿手办	收藏品	鲨士碧儿1:15限量手办，根据不同档位显示不同品质，陪鲨士碧儿“玩耍”后即可获得，不断在那里循环播放着“一起玩吧~碧儿爱吃姜饼人~”的儿歌。	在乐园游行关卡中获得9星奖励后解锁	1600		Assets/Product/Texture/Image/UiCollection/Iconcollection014.png	Assets/Product/Ui/ComponentPrefab/UiCollection/CollectionStyleOne.prefab		[850016,850017,850018]	[3,4,5]	"[""·获得11星奖励后，品质提升为蓝色"",""·获得13星奖励后，品质提升为紫色"",""·获得15星奖励后，品质提升为橙色""]"											
13005501	7	2	2		安博莉亚手办	收藏品	打倒安博莉亚后的纪念品，根据不同档位显示不同品质。一切的罪孽与梦魇，都终结于此——	在永罪潮汐关卡中获得9星奖励后解锁	1601		Assets/Product/Texture/Image/UiCollection/Iconcollection017.png	Assets/Product/Ui/ComponentPrefab/UiCollection/CollectionStyleOne.prefab		[850042,850043,850044]	[3,4,5]	"[""·获得11星奖励后，品质提升为蓝色"",""·获得13星奖励后，品质提升为紫色"",""·获得15星奖励后，品质提升为橙色""]"											
13005502	7	2	2		露娜数据样本	收藏品	空中花园收集到的作战残像，根据不同档位显示不同品质，模拟与露娜的作战后即可获得，即便是部分样本也散发出让人胆寒的力量。	在九龙剧院关卡中获得9星奖励后解锁	1602		Assets/Product/Texture/Image/UiCollection/Iconcollection025.png	Assets/Product/Ui/ComponentPrefab/UiCollection/CollectionStyleOne.prefab		[850055,850056,850057]	[3,4,5]	"[""·获得11星奖励后，品质提升为蓝色"",""·获得13星奖励后，品质提升为紫色"",""·获得15星奖励后，品质提升为橙色""]"											
13005503	7	2	2		枢蛉后采样	收藏品	打倒枢蛉后获得的数据采样，根据不同档位显示不同品质。“随意打开隔离外壳可能会造成不可挽回的后果，还是做好完备防护再靠近该样本比较好。”——阿西莫夫No.179留言。	在拟态乱流关卡中获得9星奖励后解锁	1603		Assets/Product/Texture/Image/UiCollection/Iconcollection027.png	Assets/Product/Ui/ComponentPrefab/UiCollection/CollectionStyleOne.prefab		[850069,850070,850071]	[3,4,5]	"[""·获得11星奖励后，品质提升为蓝色"",""·获得13星奖励后，品质提升为紫色"",""·获得15星奖励后，品质提升为橙色""]"											
13005600	999	2	5		喜鹊挂件	收藏品	九龙船上量产的纪念品，做工十分精巧，据说收集齐一个鹊桥的量，就可以前往思念之人身边。	完成“盛夏留影”活动获得	1700		Assets/Product/Texture/Image/UiCollection/Iconcollection021.png	Assets/Product/Ui/ComponentPrefab/UiCollection/CollectionStyleOne.prefab															
13005700	999	2	2		边境突破证书	收藏品	此证书只允许颁发给完成“虚像地平线”作战任务的精英指挥官。过去的航线联合相信他们终将成为足以颠覆全世界的军事力量。	通过道具【边境突破证书】转化获得	1800		Assets/Product/Texture/Image/UiCollection/Iconcollection019.png	Assets/Product/Ui/ComponentPrefab/UiCollection/CollectionStyleOne.prefab	1	[850033,850034,850035]	[3,4,5]	"[""·获得8个【边境突破证书】，品质提升为蓝色"",""·获得16个【边境突破证书】，品质提升为紫色"",""·获得24个【边境突破证书】，品质提升为橙色""]"											
13005701	999	2	2		虚妄讬言证书	收藏品	虚妄讬言证书	通过道具【虚妄讬言证书】转化获得	1801		Assets/Product/Texture/Image/UiCollection/Iconcollection028.png	Assets/Product/Ui/ComponentPrefab/UiCollection/CollectionStyleOne.prefab	1	[850064,850065,850066]	[3,4,5]	"[""·获得10个【虚妄讬言证书】，品质提升为蓝色"",""·获得20个【虚妄讬言证书】，品质提升为紫色"",""·获得30个【虚妄讬言证书】，品质提升为橙色""]"											
13005800	999	2	2		破损的十字饰品	收藏品	似乎是从安博莉亚身上掉落的物品，晨曦的曙光穿过破碎的冰层落在饰品上，噩梦已然苏醒，“罪人”不复存在。	在梦魇挽歌中击败安博莉亚后获得	1900		Assets/Product/Texture/Image/UiCollection/Iconcollection022.png	Assets/Product/Ui/ComponentPrefab/UiCollection/CollectionStyleOne.prefab		[850036,850037,850038]	[3,4,5]	"[""·累计对安博莉亚造成1000伤害，品质提升为蓝色"",""·累计对安博莉亚造成1500伤害，品质提升为紫色"",""·累计对安博莉亚造成2000伤害，品质提升为橙色""]"											
13005900	999	2	2		迈锡尼棱堡	收藏品	受到某种特殊的城堡造型启发而制作的全息徽记。	通过参与迈锡尼协议·干戈舆获得	2000		Assets/Product/Texture/Image/UiCollection/Iconcollection018.png	Assets/Product/Ui/ComponentPrefab/UiCollection/CollectionStyleOne.prefab		[850045,850046,850047]	[3,4,5]	"[""·获得5个【迈锡尼棱堡】，品质提升为蓝色"",""·获得10个【迈锡尼棱堡】，品质提升为紫色"",""·获得20个【迈锡尼棱堡】，品质提升为橙色""]"											
13006000	8	2	2	850048	托罗之书记分牌	收藏品	在托罗之书探索的记录，数据将随探索获得试炼积分而更新（通关试炼模式时刷新）。	通关托罗之书试炼模式后获得	2100		Assets/Product/Texture/Image/UiCollection/Iconcollection026.png	Assets/Product/Ui/ComponentPrefab/UiCollection/CollectionStyleOne.prefab	1	[850049,850050,850051]	[3,4,5]	"[""·试炼积分达到1600后，品质提升为蓝色"",""·试炼积分达到1800后，品质提升为紫色"",""·试炼积分达到2000后，品质提升为橙色""]"											
13006100	9	2	6		荣誉纪念章	收藏品	空中花园颁发给在这一年中辛勤作战的指挥官们的纪念章，数据化的面板中记录着指挥官的种种光辉事迹，外围的镶边彰显着勋章的贵重。（统计截止至2020-11-26 10:00）	通过周年签到获得	300		Assets/Product/Texture/Image/UiCollection/Iconcollection033.png	Assets/Product/Ui/ComponentPrefab/UiCollection/CollectionStyleOne.prefab												[1606359600,1]	[1,2,3,4]		
13006200	999	2	2		算力单元	收藏品	格式塔的算力分量单元，但即使只是算力的单元，仍然有着超乎想象的效能，随着格式塔逐渐修复，能够授权给小队使用的单元等级也会逐渐提高。	通过道具【算力单元】转化获得	2200		Assets/Product/Texture/Image/UiCollection/Iconcollection036.png	Assets/Product/Ui/ComponentPrefab/UiCollection/CollectionStyleOne.prefab		[850061,850062,850063]	[3,4,5]	"[""·获得5个【算力单元】，品质提升为蓝色"",""·获得6个【算力单元】，品质提升为紫色"",""·获得10个【算力单元】，品质提升为橙色""]"											
13006300	999	2	2		温标失衡录像盘	收藏品	跨越一切困难，终将取得胜利——空中花园最强的指挥官，任何情况下都不会输！记录了温标失衡中指挥官的飒爽表现，附上赛利卡的亲笔题词。	通过道具【温标失衡录像盘】转化获得	2300		Assets/Product/Texture/Image/UiCollection/Iconcollection037.png	Assets/Product/Ui/ComponentPrefab/UiCollection/CollectionStyleOne.prefab								2	1						
13006301	999	2	3		温标失衡录像盘	收藏品	跨越一切困难，终将取得胜利——空中花园最强的指挥官，任何情况下都不会输！记录了温标失衡中指挥官的飒爽表现，附上赛利卡的亲笔题词。	通过道具【温标失衡录像盘】转化获得	2301		Assets/Product/Texture/Image/UiCollection/Iconcollection037.png	Assets/Product/Ui/ComponentPrefab/UiCollection/CollectionStyleOne.prefab								2	2						
13006302	999	2	4		温标失衡录像盘	收藏品	跨越一切困难，终将取得胜利——空中花园最强的指挥官，任何情况下都不会输！记录了温标失衡中指挥官的飒爽表现，附上赛利卡的亲笔题词。	通过道具【温标失衡录像盘】转化获得	2302		Assets/Product/Texture/Image/UiCollection/Iconcollection037.png	Assets/Product/Ui/ComponentPrefab/UiCollection/CollectionStyleOne.prefab								2	3						
13006303	999	2	5		温标失衡录像盘	收藏品	跨越一切困难，终将取得胜利——空中花园最强的指挥官，任何情况下都不会输！记录了温标失衡中指挥官的飒爽表现，附上赛利卡的亲笔题词。	通过道具【温标失衡录像盘】转化获得	2303		Assets/Product/Texture/Image/UiCollection/Iconcollection037.png	Assets/Product/Ui/ComponentPrefab/UiCollection/CollectionStyleOne.prefab								2	4						
13006400	999	2	5		POD模型	收藏品	POD限量模型	完成寄渊残响的隐藏任务	2400		Assets/Product/Texture/Image/UiCollection/Iconcollection038.png	Assets/Product/Ui/ComponentPrefab/UiCollection/CollectionStyleOne.prefab															
13006500	11	2	4		机械扭蛋	收藏品	空想环廊中获得的收藏品。由七实亲手制作的机械扭蛋，以此纪念成功登上塔顶的机械军团。	完成活动任务-空想环廊·终后获得	2402		Assets/Product/Texture/Image/UiCollection/Iconcollection040.png	Assets/Product/Ui/ComponentPrefab/UiCollection/CollectionStyleTwo.prefab	1											[101]		100	
13006600	999	2	5		凯撒&奇涅-79型	收藏品	白色情人节期间玩家和构造体不断在各处处理事件最后获得的纪念品，传说中黄金时代流传下来的宝贵机械，可以通过添加碟片播放黄金时代的乐曲。	通过白色情人节活动获得	2401		Assets/Product/Texture/Image/UiCollection/Iconcollection043.png	Assets/Product/Ui/ComponentPrefab/UiCollection/CollectionStyleOne.prefab															
13006700	999	2	5		利是派发者	收藏品	在这个特殊的节点，库罗罗不再是凭空出现的迷之生物，而是为辛劳了一年的各位带来很多很多螺母的“利是派发者”。在它出现的那一瞬间，恭喜你，中头彩了！新的一年也一定会有满满的福气！	参与限时活动【岁辞候福】获取	2403		Assets/Product/Texture/Image/UiCollection/Iconcollection039.png	Assets/Product/Ui/ComponentPrefab/UiCollection/CollectionStyleOne.prefab															
13006800	999	2	4		手工灯笼	收藏品	一盏红色的，长方形手工灯笼，灯笼芯由孩子们在绿洲里搜罗来的战术照明筒组成，因此灯笼里透出温暖的橙色光芒，在萧条的深夜中带来一丝光明。	咏叹回声签到获得	2404		Assets/Product/Texture/Image/UiCollection/Iconcollection041.png	Assets/Product/Ui/ComponentPrefab/UiCollection/CollectionStyleOne.prefab															
13006900	999	2	2		伊甸纪旗	收藏品	遍布在文化纪各处的旗帜，旗帜旁点缀的气球在文化纪召开时一齐放飞，带着美好的祝愿飞向天空。地表矗立的伊甸纪旗见证了在没有战争与苦难的世界中盛大举行的欢快庆典，记录了文化纪中与他们共同度过的难忘时光。	完成任务【收下吧，我的热度VI】获得	2405		Assets/Product/Texture/Image/UiCollection/Iconcollection045.png	Assets/Product/Ui/ComponentPrefab/UiCollection/CollectionStyleOne.prefab								3	1						
13006901	999	2	3		伊甸纪旗	收藏品	遍布在文化纪各处的旗帜，旗帜旁点缀的气球在文化纪召开时一齐放飞，带着美好的祝愿飞向天空。地表矗立的伊甸纪旗见证了在没有战争与苦难的世界中盛大举行的欢快庆典，记录了文化纪中与他们共同度过的难忘时光。	完成任务【收下吧，我的热度VII】，品质提升为蓝色	2408		Assets/Product/Texture/Image/UiCollection/Iconcollection045.png	Assets/Product/Ui/ComponentPrefab/UiCollection/CollectionStyleOne.prefab								3	2						
13006902	999	2	4		伊甸纪旗	收藏品	遍布在文化纪各处的旗帜，旗帜旁点缀的气球在文化纪召开时一齐放飞，带着美好的祝愿飞向天空。地表矗立的伊甸纪旗见证了在没有战争与苦难的世界中盛大举行的欢快庆典，记录了文化纪中与他们共同度过的难忘时光。	完成任务【收下吧，我的热度VIII】，品质提升为紫色	2409		Assets/Product/Texture/Image/UiCollection/Iconcollection045.png	Assets/Product/Ui/ComponentPrefab/UiCollection/CollectionStyleOne.prefab								3	3						
13006903	999	2	5		伊甸纪旗	收藏品	遍布在文化纪各处的旗帜，旗帜旁点缀的气球在文化纪召开时一齐放飞，带着美好的祝愿飞向天空。地表矗立的伊甸纪旗见证了在没有战争与苦难的世界中盛大举行的欢快庆典，记录了文化纪中与他们共同度过的难忘时光。	完成任务【收下吧，我的热度IX】，品质提升为橙色	2410		Assets/Product/Texture/Image/UiCollection/Iconcollection045.png	Assets/Product/Ui/ComponentPrefab/UiCollection/CollectionStyleOne.prefab								3	4						
13007000	999	2	2		历战勋表	收藏品	历史向来由胜利者所书写。既然如此，历经这么多战斗，取得功勋，可说是得到了确实胜利的你们，值得这份勋表代表的意义。——哈桑	通过参与迈锡尼协议·盲视模拟获得	2406		Assets/Product/Texture/Image/UiCollection/Iconcollection046.png	Assets/Product/Ui/ComponentPrefab/UiCollection/CollectionStyleOne.prefab		[850075,850076,850077]	[3,4,5]	"[""·获得2个【历战勋表】，品质提升为蓝色"",""·获得4个【历战勋表】，品质提升为紫色"",""·获得5个【历战勋表】，品质提升为橙色""]"											
13007100	999	2	2		作战手册	收藏品	法奥斯的学生私下总结的手册，一针见血的战术总结，课堂上不会教授的作战知识——话糙理不糙，懂的人都懂。这是库洛姆保存的更加详尽的版本，并且在上面加入了很多自己的注解，不一定都是赞同。	完成库洛姆s角色活动挑战关的关卡挑战获得	2407		Assets/Product/Texture/Image/UiCollection/Iconcollection047.png	Assets/Product/Ui/ComponentPrefab/UiCollection/CollectionStyleOne.prefab		[850078,850079,850080]	[3,4,5]	"[""·收集2个“作战手册”，品质提升为蓝色"",""·收集3个“作战手册”，品质提升为紫色"",""·收集4个“作战手册”，品质提升为橙色""]"											
13007200	999	2	5		JOKER	收藏品	空中花园内流行的扑克套牌中几十组才会出现一张的稀有纪念卡。灿金色的卡面上是谜之力量的象征。比起游玩价值，更多被用作收藏。	翻点拼斗乐连赢次数达到10	2500		Assets/Product/Texture/Image/UiCollection/Iconcollection048.png	Assets/Product/Ui/ComponentPrefab/UiCollection/CollectionStyleOne.prefab															
13007300	999	2	4		验算提箱	收藏品	装着全程验算公式与过程的提箱，不需要打开也能通过提箱外侧的电子屏观看数据。	参与活动-链携推演获得	2600		Assets/Product/Texture/Image/UiCollection/Iconcollection050.png	Assets/Product/Ui/ComponentPrefab/UiCollection/CollectionStyleOne.prefab		[850081]	[5]	"[""·获得2个【验算提箱】，品质提升为橙色""]"											
13007400	999	2	2		瓶中信	收藏品	阿西莫夫非常珍爱的个人收藏品。	通过界限构解积分奖励获得	2700		Assets/Product/Texture/Image/UiCollection/Iconcollection051.png	Assets/Product/Ui/ComponentPrefab/UiCollection/CollectionStyleOne.prefab		[850082,850083,850084]	[3,4,5]	"[""·获得3个【瓶中信】，品质提升为蓝色"",""·获得6个【瓶中信】，品质提升为紫色"",""·获得10个【瓶中信】，品质提升为橙色""]"											
13007500	11	2	4		失序怀表	收藏品	一支精致的复古怀表。金箔纹路盘旋的表盘上并没有指针，可贴近它仔细聆听，那若隐若现的齿轮声，究竟来自钟表，还是塔楼的深处……？	完成活动任务-空想环廊·终后获得	2800		Assets/Product/Texture/Image/UiCollection/Iconcollection049.png	Assets/Product/Ui/ComponentPrefab/UiCollection/CollectionStyleOne.prefab	1											[102]		50	
13007600	999	2	4		粽之秘宝	收藏品	通过所有谜题获得隐藏的粽之秘宝。	通过端午活动【夺宝谜粽】获得	2900		Assets/Product/Texture/Image/UiCollection/Iconcollection052.png	Assets/Product/Ui/ComponentPrefab/UiCollection/CollectionStyleOne.prefab															
13007700	999	2	2		海平线余音·歌集	收藏品	歌集，收录在老旧的储存设备中。古老却又颇具质感的歌声中，唱颂着诸多有关大海的故事。	通过玩法【远歌深潜】获得	3000		Assets/Product/Texture/Image/UiCollection/Iconcollection054.png	Assets/Product/Ui/ComponentPrefab/UiCollection/CollectionStyleOne.prefab		[850085,850086,850087]	[3,4,5]	"[""·获得3个【海平线余音·歌集】，品质提升为蓝色"",""·获得6个【海平线余音·歌集】，品质提升为紫色"",""·获得10个【海平线余音·歌集】，品质提升为橙色""]"											
13007800	2	2	2		洋流涡纪念章	收藏品	巴别塔计划·洋流涡中获得的纪念章，独辟蹊径的造型创意昭示着工匠在这颗小小徽章上付诸的心血。用以嘉奖在巴别塔计划第七期洋流涡战略行动中成功达成深度战略模拟的指挥官们。纪念章精致大方的设计，彰显着持有者的英勇，诉说着某次战斗的传说与荣光。	通关一次巴别塔·洋流涡获得	1407		Assets/Product/Texture/Image/UiCollection/Iconcollection053.png	Assets/Product/Ui/ComponentPrefab/UiCollection/CollectionStyleOne.prefab	1	[850088,850089,850090]	[3,4,5]	"[""·完成巴别塔任务【逆涡行舟Ⅱ】，品质提升为蓝色"",""·完成巴别塔任务【逆涡行舟Ⅲ】，品质提升为紫色"",""·完成巴别塔任务【逆涡行舟Ⅳ】，品质提升为橙色""]"						7	Assets/Product/Texture/Image/UiCollection/Iconcollection053.png				
13007900	999	2	2		护身匕首	收藏品	还是战场护士的时候薇拉所携带的匕首，用来在迫不得已的时候解决敌人或者解决自己。	通过玩法【永战者凯歌】获得	3200		Assets/Product/Texture/Image/UiCollection/Iconcollection055.png	Assets/Product/Ui/ComponentPrefab/UiCollection/CollectionStyleOne.prefab		[850091,850092,850093]	[3,4,5]	"[""·获得2个【护身匕首】，品质提升为蓝色"",""·获得3个【护身匕首】，品质提升为紫色"",""·获得4个【护身匕首】，品质提升为橙色""]"											
13008000	999	2	2		“棒棒指挥官”奖杯	收藏品	一个被妥善保存的、充满年代感的奖杯，看上去像是黄金时代颁发给最佳演员的嘉奖，底部的署名已经被抹去，改成了“棒棒指挥官”。这看上去像是一种赞誉……这应该是赞誉吧？	通过玩法【独行者剧目·帷幕升起】获得	3300		Assets/Product/Texture/Image/UiCollection/Iconcollection058.png	Assets/Product/Ui/ComponentPrefab/UiCollection/CollectionStyleOne.prefab		[850094,850095,850096]	[3,4,5]	"[""·获得2个【“棒棒指挥官”奖杯】，品质提升为蓝色"",""·获得3个【“棒棒指挥官”奖杯】，品质提升为紫色"",""·获得4个【“棒棒指挥官”奖杯】，品质提升为橙色""]"											
13009000	999	2	2		人类屹立于此	收藏品	“人类屹立于此/我们曾活过。”这块沉重的黑曜石铭牌由艺术协会设计制作，用于表彰在本次迈锡尼协议任务中取得优异战果的指挥官。在我们面前的这片土地上曾流过无数象征着人类勇气的鲜血，我们虽然暂时被阻滞于此，但我们终将重新踏上他们蹚出的道路，获得最后的胜利。	通过玩法【猩红林地】获得	3400		Assets/Product/Texture/Image/UiCollection/Iconcollection056.png	Assets/Product/Ui/ComponentPrefab/UiCollection/CollectionStyleOne.prefab		[850097,850098,850099]	[3,4,5]	"[""·获得2个【人类屹立于此】，品质提升为蓝色"",""·获得4个【人类屹立于此】，品质提升为紫色"",""·获得5个【人类屹立于此】，品质提升为橙色""]"											
13010000	999	2	2		异壤培蓄证书	收藏品	异壤培蓄证书，捕捉了新生灾祸的残影。	完成【伽基勒档案·异壤】培蓄后获得。	3500		Assets/Product/Texture/Image/UiCollection/Iconcollection057.png	Assets/Product/Ui/ComponentPrefab/UiCollection/CollectionStyleOne.prefab	1	[990000,990001,990002]	[3,4,5]	"[""·获得18个【异壤培蓄证书】，品质提升为蓝色"",""·获得36个【异壤培蓄证书】，品质提升为紫色"",""·获得56个【异壤培蓄证书】，品质提升为橙色""]"											
13011000	999	2	2		掌上信号塔	收藏品	空中花园内流行的科技玩具，具备特定频段内的通讯功能，时常能见到有孩子通过这个秘密通话。	通过玩法【链合回路】获得	3600		Assets/Product/Texture/Image/UiCollection/Iconcollection059.png	Assets/Product/Ui/ComponentPrefab/UiCollection/CollectionStyleOne.prefab		[990003,990004,990005]	[3,4,5]	"[""·获得3个【掌上信号塔】，品质提升为蓝色"",""·获得5个【掌上信号塔】，品质提升为紫色"",""·获得7个【掌上信号塔】，品质提升为橙色""]"											
13012001	999	2	2		行星序列	收藏品	手工制作的星系模型，虽然比不上全息投影精确和方便，但是却正因如此更加能引人幻想。	通过玩法【界限构解】获得	3700		Assets/Product/Texture/Image/UiCollection/Iconcollection063.png	Assets/Product/Ui/ComponentPrefab/UiCollection/CollectionStyleOne.prefab		[990015,990016,990017]	[3,4,5]	"[""·在玩法中获得44000积分，品质提升为蓝色"",""·在玩法中获得48000积分，品质提升为紫色"",""·在玩法中获得52000积分，品质提升为橙色""]"											
13012002	999	2	2		笼中雀	收藏品	即使逃离的时间已所剩无几，她依然决定留在这里。	通过玩法【生命星灯】获得	3701		Assets/Product/Texture/Image/UiCollection/Iconcollection061.png	Assets/Product/Ui/ComponentPrefab/UiCollection/CollectionStyleOne.prefab		[990012,990013,990014]	[3,4,5]	"[""·获得2个【笼中雀】，品质提升为蓝色"",""·获得3个【笼中雀】，品质提升为紫色"",""·获得4个【笼中雀】，品质提升为橙色""]"											
13012003	999	2	2		“战术”跳舞毯	收藏品	赛利卡倾情推荐的跳舞毯，这是专为指挥官提供的特殊款，轻巧便携，能够随机播放轻松愉快的音乐，只是毯子上的图案似乎有点过于眼熟。……这真的是跳舞毯吗?	通过玩法【舞乐晨星】获取	3702		Assets/Product/Texture/Image/UiCollection/Iconcollection062.png	Assets/Product/Ui/ComponentPrefab/UiCollection/CollectionStyleOne.prefab		[990009,990010,990011]	[3,4,5]	"[""·获得10个【“战术”跳舞毯】，品质提升为蓝色"",""·获得25个【“战术”跳舞毯】，品质提升为紫色"",""·获得50个【“战术”跳舞毯】，品质提升为橙色""]"											
13012004	2	2	2		岖夜行纪念章	收藏品	巴别塔计划·岖夜行中获得的纪念章，独特的雕刻工艺使其在诸多纪念章中也格外显眼。用以嘉奖在巴别塔计划第八期岖夜行战略行动中成功达成深度战略模拟的指挥官们。别具一格的光泽与凹凸设计，体现了持有者在某次作战中的卓越表现。	通关一次巴别塔·岖夜行获得	1408		Assets/Product/Texture/Image/UiCollection/Iconcollection064.png	Assets/Product/Ui/ComponentPrefab/UiCollection/CollectionStyleOne.prefab	1	[990006,990007,990008]	[3,4,5]	"[""·完成巴别塔任务【岖夜漫渡Ⅶ】，品质提升为蓝色"",""·完成巴别塔任务【岖夜漫渡Ⅷ】，品质提升为紫色"",""·完成巴别塔任务【岖夜漫渡Ⅸ】，品质提升为橙色""]"						9	Assets/Product/Texture/Image/UiCollection/Iconcollection064.png				
13013001	999	2	5		纪念相册	收藏品	——与大家难忘的记忆装点成册，希望这些回忆能够填满今后的每一天。	生日当天获得	3799		Assets/Product/Texture/Image/UiCollection/Iconcollection065.png	Assets/Product/Ui/ComponentPrefab/UiCollection/CollectionStyleOne.prefab															
13013002	999	2	2		第一协奏曲·鸢尾	收藏品	赛琳娜作为歌剧家，第一次将自己感情融入乐章，谱写的协奏曲。 尽管乐曲十分青涩，以至于赛琳娜在看到谱上的一些小错误时，总会羞赧地别过脸去，但这几张乐谱，依然被她小心翼翼地珍藏在盒中。 而现在，这份青涩的回忆，一如乐谱上演绎的曲调般，静静地躺在你手上，等待着有两个人能将它演奏到最后。	通过玩法【协奏者鸣律】获得	3801		Assets/Product/Texture/Image/UiCollection/Iconcollection066.png	Assets/Product/Ui/ComponentPrefab/UiCollection/CollectionStyleOne.prefab		[990019,990020,990021]	[3,4,5]	"[""·获得2个<鸢尾>，品质提升为蓝色"",""·获得3个<鸢尾>，品质提升为紫色"",""·获得4个<鸢尾>，品质提升为橙色""]"											
13013003	999	2	2		节日合照	收藏品	拾荒者最后只留下这一张合照，记录着曾在此地挣扎活着的岁月。而参与合照的人们，大都已经消逝在变迁之中。	通过玩法【免疫之城】获得	3802		Assets/Product/Texture/Image/UiCollection/Iconcollection068.png	Assets/Product/Ui/ComponentPrefab/UiCollection/CollectionStyleOne.prefab		[990022,990023,990024]	[3,4,5]	"[""·获得2个【节日合照】，品质提升为蓝色"",""·获得3个【节日合照】，品质提升为紫色"",""·获得5个【节日合照】，品质提升为橙色""]"											
13013004	9	2	6		荣誉纪念章II	收藏品	这一年里指挥官们经历过最险恶的战斗，无论是红潮的中心还是绝海的边端，都留下了你们浴血战斗的身影。绝望或许时刻萦绕，但你们每次仍奋力握住了唯一的曙光，愿这个珍贵的勋章在未来见证你们的胜利，并成为宝贵的回忆。（统计截止至2021-11-11 10:00）	通过二周年签到获得	301		Assets/Product/Texture/Image/UiCollection/Iconcollection067.png	Assets/Product/Ui/ComponentPrefab/UiCollection/CollectionStyleOne.prefab												[1636596000,1]	[1,2,3,4]		
13013005	999	2	3		《祈祷》	收藏品	故事总会终结，对这幅名为“祈祷”的画像之中那位少女的结局，你会有所遗憾，又抑或是就此闭幕？但只要内心的祈愿没有消散，那么故事的结局一定能由你来改写。	通过玩法【宣叙妄响】获得	3803		Assets/Product/Texture/Image/UiCollection/Iconcollection069.png	Assets/Product/Ui/ComponentPrefab/UiCollection/CollectionStyleOne.prefab		[990025,990026,990027]	[3,4,5]	"[""·获得1个《祈祷》，品质为蓝色"",""·获得2个《祈祷》，品质提升为紫色"",""·获得3个《祈祷》，品质提升为橙色""]"											
13014001	999	2	2		武道的极致	收藏品	习武之人一生都在寻求的极致境界，并不是以拳脚兵器战胜对手，而是以道理使对手信服于自己，寻求战斗以外的共存之法——当然，如果道理讲不通的话，也自然要有别的办法……	通过玩法【游方者记录】获得	3901		Assets/Product/Texture/Image/UiCollection/Iconcollection070.png	Assets/Product/Ui/ComponentPrefab/UiCollection/CollectionStyleOne.prefab		[990028,990029,990030]	[3,4,5]	"[""·获得2个【武道的极致】，品质提升为蓝色"",""·获得3个【武道的极致】，品质提升为紫色"",""·获得4个【武道的极致】，品质提升为橙色""]"											
13014002	999	2	2		停掉的怀表	收藏品	时光的表盖已然破碎，命运的齿轮嘎吱嘎吱。只能通过特定发条维持运转的怀表，现在也暂时得到了安宁。	通过玩法【噬潮逃生】获得	3902		Assets/Product/Texture/Image/UiCollection/Iconcollection071.png	Assets/Product/Ui/ComponentPrefab/UiCollection/CollectionStyleOne.prefab		[990031,990032,990033]	[3,4,5]	"[""·获得2个【停掉的怀表】，品质提升为蓝色"",""·获得3个【停掉的怀表】，品质提升为紫色"",""·获得4个【停掉的怀表】，品质提升为橙色""]"											
13014003	999	2	2		迷你木制矩阵	收藏品	九龙地区流传的古老益智玩具，发明者是一位古代建筑师，他将带有榫卯的木条互相咬合组装起来制作成玩具供孩童们玩耍。九龙人相信通过反复的拆装复杂的结构，能够锻炼孩童的观察力和动手能力。针对不同年龄段的孩童进行了细致的难度分类，但高难度的品类也能让一些成年人沉浸其中。	通过玩法【链合回路】获得	3903		Assets/Product/Texture/Image/UiCollection/Iconcollection072.png	Assets/Product/Ui/ComponentPrefab/UiCollection/CollectionStyleOne.prefab		[990034,990035,990036]	[3,4,5]	"[""·获得3个【迷你木制矩阵】，品质提升为蓝色"",""·获得5个【迷你木制矩阵】，品质提升为紫色"",""·获得7个【迷你木制矩阵】，品质提升为橙色""]"											
13014004	999	2	5		永冻冰冠	收藏品	寒气逼人的冰冠据说永远都不会融化，给予在冰雪感蟹祭中完成任务的所有指挥官，蟹蟹你的参与！	通过玩法【冰雪感蟹祭】获得	3904		Assets/Product/Texture/Image/UiCollection/Iconcollection073.png	Assets/Product/Ui/ComponentPrefab/UiCollection/CollectionStyleOne.prefab															
13015001	999	2	2		陨落星屑	收藏品	她在无数星辰的碎片上留下了自己的牵挂，盼望有一片能穿过宇宙来到你身旁。——你如今还好吗？还……记得我吗？在遥远的未来，少女依然在浩瀚深空中流浪。	通过玩法【凛冬序列】获得	4001		Assets/Product/Texture/Image/UiCollection/Iconcollection074.png	Assets/Product/Ui/ComponentPrefab/UiCollection/CollectionStyleOne.prefab		[990037,990038,990039]	[3,4,5]	"[""获得2个【陨落星屑】，品质提升为蓝色"",""获得3个【陨落星屑】，品质提升为紫色"",""获得4个【陨落星屑】，品质提升为橙色""]"											
13015002	999	2	2		雪人朋友	收藏品	小小的雪人工艺品，代表着不会融化的思念。	通过春节活动【落梅融雪】获得	4002		Assets/Product/Texture/Image/UiCollection/Iconcollection077.png	Assets/Product/Ui/ComponentPrefab/UiCollection/CollectionStyleOne.prefab		[990046,990047,990048]	[3,4,5]	"[""获得2个【雪人朋友】，品质提升为蓝色"",""获得3个【雪人朋友】，品质提升为紫色"",""获得5个【雪人朋友】，品质提升为橙色""]"											
13015003	2	2	2		化物归墟纪念章	收藏品	巴别塔计划·化物归墟中获得的纪念章，可作为珍贵的收藏品。用以嘉奖在化物归墟攻略行动中成功达成深度战略模拟的指挥官们。	通关一次【巴别塔·化物归墟】获得	1409		Assets/Product/Texture/Image/UiCollection/Iconcollection078.png	Assets/Product/Ui/ComponentPrefab/UiCollection/CollectionStyleOne.prefab	1	[990040,990041,990042]	[3,4,5]	"[""·完成巴别塔任务【归墟VII】，品质提升为蓝色"",""·完成巴别塔任务【归墟VIII】，品质提升为紫色"",""·完成巴别塔任务【归墟IX】，品质提升为橙色""]"						11	Assets/Product/Texture/Image/UiCollection/Iconcollection078.png				
13015004	999	2	2		永动星空	收藏品	在她灵魂中转动着的，是一个见证过去与未来的小小的宇宙。	通过玩法【机械之心】获得	4003		Assets/Product/Texture/Image/UiCollection/Iconcollection076.png	Assets/Product/Ui/ComponentPrefab/UiCollection/CollectionStyleOne.prefab		[990043,990044,990045]	[3,4,5]	"[""·获得2个【永动星空】，品质提升为蓝色"",""·获得3个【永动星空】，品质提升为紫色"",""·获得4个【永动星空】，品质提升为橙色""]"											
13015005	999	2	2		群星盛衰	收藏品	寒物质，物质堆，轨道，聚集，稳定。聚变，燃烧，红巨星，冰冷。就在我们眼前，那广阔的星空中，有无数的星星诞生，无数的星星衰老。那是无数个我们的过去。那是无数个我们的未来。这枚勋章，给予经历如此多战斗，见证这一刻群星盛衰的你们。	通过玩法【迈锡尼协议·未然观测】获得	4004		Assets/Product/Texture/Image/UiCollection/Iconcollection079.png	Assets/Product/Ui/ComponentPrefab/UiCollection/CollectionStyleOne.prefab		[990049,990050,990051]	[3,4,5]	"[""·获得6个【群星盛衰】，品质提升为蓝色"",""·获得11个【群星盛衰】，品质提升为紫色"",""·获得16个【群星盛衰】，品质提升为橙色""]"											
13015006	999	2	5		缀王之王	收藏品	元宵灯点，点缀节间欢声。折扇轻舞，舞动漫天春色。	通过春节活动【同祈迎春】获得	4005		Assets/Product/Texture/Image/UiCollection/Iconcollection075.png	Assets/Product/Ui/ComponentPrefab/UiCollection/CollectionStyleOne.prefab															
13016001	999	2	2		转动这个迪球	收藏品	由某位不知名的青年rap歌手提供。对活跃气氛有极强的效果，友情提醒，请不要在居住区使用。	通过玩法【劲舞帕尼尼】获得	5001		Assets/Product/Texture/Image/UiCollection/Iconcollection081.png	Assets/Product/Ui/ComponentPrefab/UiCollection/CollectionStyleOne.prefab		[990055,990056,990057]	[3,4,5]	"[""·获得2个【转动这个迪球】，品质提升为蓝色"",""·获得3个【转动这个迪球】，品质提升为紫色"",""·获得4个【转动这个迪球】，品质提升为橙色""]"											
13016002	999	2	2		差分机	收藏品	哈卡玛凝视着它时，常常会想，在那一侧的尽头里，机械也能够思考吗？	通过玩法【寻神者赞诗】获得	5002		Assets/Product/Texture/Image/UiCollection/Iconcollection082.png	Assets/Product/Ui/ComponentPrefab/UiCollection/CollectionStyleOne.prefab		[990052,990053,990054]	[3,4,5]	"[""·获得2个【差分机】，品质提升为蓝色"",""·获得3个【差分机】，品质提升为紫色"",""·获得4个【差分机】，品质提升为橙色""]"											
13017001	999	2	5		像素小达人	收藏品	送给【魔方嘉年华】优胜者的特制奖杯。虽然可以凭心情拆开成彩色的零件，但想拼回去，就要凭头脑了。	通过玩法【魔方嘉年华】获得	6001		Assets/Product/Texture/Image/UiCollection/Iconcollection086.png	Assets/Product/Ui/ComponentPrefab/UiCollection/CollectionStyleOne.prefab															
13017002	999	2	2		月光砂	收藏品	盛放在沙漏之中的白砂透着淡淡的荧光。那是月光的切片，无星黑夜中唯一的明灯。可月亮本身，不也在依托他人的光明么——不知从何处听来了这样的声音，少女露出一丝落寞的微笑。	通过玩法【基伽勒档案·暗月回廊】获得	6002		Assets/Product/Texture/Image/UiCollection/Iconcollection085.png	Assets/Product/Ui/ComponentPrefab/UiCollection/CollectionStyleOne.prefab		[990061,990062,990063]	[3,4,5]	"[""·搜集3个【月光砂】，品质提升为蓝色"",""·搜集6个【月光砂】，品质提升为紫色"",""·搜集10个【月光砂】，品质提升为橙色""]"											
13017003	999	2	2		月面基地模型	收藏品	前黄金时代，第一位登上月球的人曾说“这是我个人的一小步，却是人类的一大步。”而现在，无数人聚集在月面基地，要再次为了人类的未来，而迈出无数个人的一小步。	通过玩法【凝暗机核】获得	6003		Assets/Product/Texture/Image/UiCollection/Iconcollection084.png	Assets/Product/Ui/ComponentPrefab/UiCollection/CollectionStyleOne.prefab		[990064,990065,990066]	[3,4,5]	"[""·获得2个【月面基地模型】，品质提升为蓝色"",""·获得3个【月面基地模型】，品质提升为紫色"",""·获得4个【月面基地模型】，品质提升为橙色""]"											
13018001	999	2	2		流浪者记事簿	收藏品	很难想象，这样一本破旧的纸质记事簿是如何被保存下来的。扉页上的血渍和液迹早已干涸变色，其中的字迹也并不属于同一个人。	通过玩法【免疫之城·荒境纪事】获得	7002		Assets/Product/Texture/Image/UiCollection/Iconcollection087.png	Assets/Product/Ui/ComponentPrefab/UiCollection/CollectionStyleOne.prefab		[990067,990068,990069]	[3,4,5]	"[""·搜集2个【流浪者记事簿】，品质提升为蓝色"",""·搜集3个【流浪者记事簿】，品质提升为紫色"",""·搜集4个【流浪者记事簿】，品质提升为橙色""]"											
13018002	999	2	2		向日葵与落羽	收藏品	负罪者缓缓诉说着他的回忆，并将那珍贵的光点制作成留念赠予肯静静聆听的你，其中有扎根于地面却昂首逐光的花朵，也有展翅海鸥留下的痕迹。	通过玩法【负罪者自白】获得	7003		Assets/Product/Texture/Image/UiCollection/Iconcollection088.png	Assets/Product/Ui/ComponentPrefab/UiCollection/CollectionStyleOne.prefab		[990070,990071,990072]	[3,4,5]	"[""·获得2个【向日葵与落羽】，品质提升为蓝色"",""·获得3个【向日葵与落羽】，品质提升为紫色"",""·获得4个【向日葵与落羽】，品质提升为橙色""]"											
13018003	999	2	2		“腮红”	收藏品	褪色的鹦鹉辅助机，已经完全停止了活动，它曾跟在一位构造体身边，记录了从普利亚森林公园遗址开始，直到奥赛兰姆号崩毁的战斗。	通过玩法【界限构解】获得	7003		Assets/Product/Texture/Image/UiCollection/Iconcollection089.png	Assets/Product/Ui/ComponentPrefab/UiCollection/CollectionStyleOne.prefab		[990073,990074,990075]	[3,4,5]	"[""·获得2个【“腮红”】，品质提升为蓝色"",""·获得3个【“腮红”】，品质提升为紫色"",""·获得4个【“腮红”】，品质提升为橙色""]"											
13019001	999	2	2		夏色隙影	收藏品	由于在慌乱中错将照片模式切换为了视频录制，一段未曾料想过的夏日实录被巧合地留存了下来。	通过玩法【盛夏回响纪】获得	8001		Assets/Product/Texture/Image/UiCollection/Iconcollection093.png	Assets/Product/Ui/ComponentPrefab/UiCollection/CollectionStyleOne.prefab		[990085,990086,990087]	[3,4,5]	"[""·获得3个【夏色隙影】，品质提升为蓝色"",""·获得5个【夏色隙影】，品质提升为紫色"",""·获得7个【夏色隙影】，品质提升为橙色""]"											
13019002	999	2	2		惑砂数据样本	收藏品	空中花园收集到的作战残响，根据不同档位显示不同品质。模拟与惑砂的作战后即可获得，即便是部分样本也散发出神秘的力量。	通过玩法【追忆洄游】获得	8002		Assets/Product/Texture/Image/UiCollection/Iconcollection094.png	Assets/Product/Ui/ComponentPrefab/UiCollection/CollectionStyleOne.prefab		[990076,990077,990078]	[3,4,5]	"[""·获得6星奖励后，品质提升为蓝色"",""·获得9星奖励后，品质提升为紫色"",""·获得15星奖励后，品质提升为橙色""]"											
13019003	2	2	2		凯旋潮纪念章	收藏品	巴别塔计划·凯旋潮中获得的纪念章，用以嘉奖在巴别塔计划第十期凯旋潮战略行动中成功达成深度战略模拟的指挥官们。纪念章气势磅礴的设计中镌刻了对战士胜利的祝颂。	通关一次【巴别塔·凯旋潮】获得	1410		Assets/Product/Texture/Image/UiCollection/Iconcollection091.png	Assets/Product/Ui/ComponentPrefab/UiCollection/CollectionStyleOne.prefab	1	[990079,990080,990081]	[3,4,5]	"[""·完成巴别塔任务【高歌VII】，品质提升为蓝色"",""·完成巴别塔任务【高歌VIII】，品质提升为紫色"",""·完成巴别塔任务【高歌IX】，品质提升为橙色""]"						13	Assets/Product/Texture/Image/UiCollection/Iconcollection091.png				
13019004	999	2	2		萤辉珊瑚	收藏品	能够散发出淡淡荧光的珊瑚。浪潮的呼唤，引来了深海的精灵，它们汇聚到岸旁，化为浅渊的星河，为比安卡指引回归的道路。	通过玩法【重塑者决意】获得	8004		Assets/Product/Texture/Image/UiCollection/Iconcollection092.png	Assets/Product/Ui/ComponentPrefab/UiCollection/CollectionStyleOne.prefab		[990082,990083,990084]	[3,4,5]	"[""·获得2个【萤辉珊瑚】，品质提升为蓝色"",""·获得3个【萤辉珊瑚】，品质提升为紫色"",""·获得4个【萤辉珊瑚】，品质提升为橙色""]"											
13019101	999	2	2		且舞且蹈	收藏品	雪白轻柔的薄裙，静静伫立在展示架上。穿上它，轻轻抬起膝盖，徐徐旋转身躯。一圈一圈，永不歇停。这就是舞者的使命。舞者为何要起舞呢？舞者可曾记得自己昨日的舞步？舞者……未来将舞至何时？	通过玩法【轻舞赏览】获得	9001		Assets/Product/Texture/Image/UiCollection/Iconcollection096.png	Assets/Product/Ui/ComponentPrefab/UiCollection/CollectionStyleOne.prefab		[990088,990089,990090]	[3,4,5]	"[""·获得2个【且舞且蹈】，品质提升为蓝色"",""·获得3个【且舞且蹈】，品质提升为紫色"",""·获得4个【且舞且蹈】，品质提升为橙色""]"											
13019102	999	2	2		链合聚磁	收藏品	空中花园一度流行的玩具，脱胎于工程部队的工业用模具。由于过于执着于还原工业磁力，造成安全问题，而最终停止生产。请珍惜现在手上这个价值宝贵的珍品，同时千万不要让它接近任何带磁物质……	通过玩法【链合回路·聚磁释能】获得	9002		Assets/Product/Texture/Image/UiCollection/Iconcollection095.png	Assets/Product/Ui/ComponentPrefab/UiCollection/CollectionStyleOne.prefab		[990091,990092,990093]	[3,4,5]	"[""·获得2个【链合聚磁】，品质提升为蓝色"",""·获得3个【链合聚磁】，品质提升为紫色"",""·获得4个【链合聚磁】，品质提升为橙色""]"											
13019103	999	2	2		瓷塑天鹅	收藏品	停驻在静谧湖水上的精致的陶瓷天鹅，高贵而优雅，沉默而徒劳地证明着邦比娜塔稔熟于心却无法复现的那场共舞。	通过玩法【实存者答问】获得	9003		Assets/Product/Texture/Image/UiCollection/Iconcollection098.png	Assets/Product/Ui/ComponentPrefab/UiCollection/CollectionStyleOne.prefab		[990094,990095,990096]	[3,4,5]	"[""·获得2个【瓷塑天鹅】，品质提升为蓝色"",""·获得3个【瓷塑天鹅】，品质提升为紫色"",""·获得4个【瓷塑天鹅】，品质提升为橙色""]"											
13019104	999	2	5		晴月悠祝	收藏品	艺术协会为纪念中秋节而准备的特殊书签。除了已经刻好的祝福，还可以在书签的另一面写下想要传达的话语，而后赠予他人。传说，假如收到的书签能够组成完整的圆月，就可以在图案上刻下心愿，等待它成为现实的那一天到来。	通过中秋活动【游月杳信】获得	9004		Assets/Product/Texture/Image/UiCollection/Iconcollection097.png	Assets/Product/Ui/ComponentPrefab/UiCollection/CollectionStyleOne.prefab															
13019201	999	2	2		未元投影体数据样本	收藏品	空中花园收集到的作战残响，根据不同档位显示不同品质。模拟与未元投影体的作战后即可获得，即便是部分样本也散发出神秘的力量。	通过玩法【超维坍缩】获得	10001		Assets/Product/Texture/Image/UiCollection/Iconcollection101.png	Assets/Product/Ui/ComponentPrefab/UiCollection/CollectionStyleOne.prefab		[990097,990098,990099]	[3,4,5]	"[""·获得6星奖励后，品质提升为蓝色"",""·获得9星奖励后，品质提升为紫色"",""·获得15星奖励后，品质提升为橙色""]"											
13019202	999	2	5		断裂的铭牌	收藏品	断裂的铭牌被战火侵染却不见锈迹，它记录着一段被隐瞒的过去，与从前彻底告别的她，将过去交予了你。	通过玩法【本我回廊-深红之渊】获得	10002		Assets/Product/Texture/Image/UiCollection/Iconcollection100.png	Assets/Product/Ui/ComponentPrefab/UiCollection/CollectionStyleOne.prefab															
13019203	999	2	3		像素梦之队	收藏品	送给【魔方挑战赛】优胜者队伍的特制奖杯。如果将三个小人拆下来放在一起，可以看到它们底部的文字拼成了一句话：We are the champions！	通过玩法【魔方挑战赛】获得	10003		Assets/Product/Texture/Image/UiCollection/Iconcollection099.png	Assets/Product/Ui/ComponentPrefab/UiCollection/CollectionStyleOne.prefab		[990100,990101]	[4,5]	"[""·获得2个【像素梦之队】，品质提升为紫色"",""·获得3个【像素梦之队】，品质提升为橙色""]"											
13019204	999	2	5		旧短刀	收藏品	从全副武装到赤手空拳，他学会用过很多武器，对短刀是他用得最趁手的。哪怕已经磨损得不能使用，这旧物也一直留着。现在，这代表着过去的短刀，他交给你了。	通过玩法【本我回廊-夜刃】获得	10004		Assets/Product/Texture/Image/UiCollection/Iconcollection102.png	Assets/Product/Ui/ComponentPrefab/UiCollection/CollectionStyleOne.prefab															
13019205	999	2	5		喵咪回收者	收藏品	感谢你重新收容了这些跑出去寻找宇宙野生木天蓼的家伙，房间里的喵山喵海正是功绩的证明。因此特别打造这件物品，用以表彰捏住它们命运之颈的英雄。	通过玩法【喵星淘金】获得	10005		Assets/Product/Texture/Image/UiCollection/Iconcollection104.png	Assets/Product/Ui/ComponentPrefab/UiCollection/CollectionStyleOne.prefab															
13019206	999	2	2		改良型定位器	收藏品	里亲自用更换机体时换下的动力核心改装而成的定位器。无论任何时间，任何地点，任何险恶的战况，都会有人朝着你所在的位置奔赴而来。	通过玩法【推演者假说】获得	10001		Assets/Product/Texture/Image/UiCollection/Iconcollection103.png	Assets/Product/Ui/ComponentPrefab/UiCollection/CollectionStyleOne.prefab		[990102,990103,990104]	[3,4,5]	"[""·获得2个【改良型定位器】，品质提升为蓝色"",""·获得3个【改良型定位器】，品质提升为紫色"",""·获得4个【改良型定位器】，品质提升为橙色""]"											
13019301	999	2	5		生日蛋糕	收藏品	由大家一起制作的生日蛋糕，寄托了能与指挥官相遇的感谢及祝福。	第二期生日当天获得	3800		Assets/Product/Texture/Image/UiCollection/Iconcollection105.png	Assets/Product/Ui/ComponentPrefab/UiCollection/CollectionStyleOne.prefab															
13019302	999	2	4		涂鸦尖兵	收藏品	设定上是调色版战争中三方为了让自己的艺术派系占据主要地位而批量制作的小机器人，会在城市的各处墙壁上涂鸦，以增加己方势力的“占领”面积。	通过玩法【调色板战争】获得	11001		Assets/Product/Texture/Image/UiCollection/Iconcollection107.png	Assets/Product/Ui/ComponentPrefab/UiCollection/CollectionStyleOne.prefab		[990105]	[5]	"[""·获得2个【涂鸦尖兵】，品质提升为橙色""]"											
13019303	2	2	2		印象星空纪念章	收藏品	巴别塔计划·印象星空中获得的纪念章，此次徽章并未采用常规的雕刻手法而是大胆使用了特制油画颜料堆叠烘干塑成，用以嘉奖在印象星空战略行动中达成深度战略模拟的指挥官们。	通关一次【巴别塔·印象星空】获得	1411		Assets/Product/Texture/Image/UiCollection/Iconcollection106.png	Assets/Product/Ui/ComponentPrefab/UiCollection/CollectionStyleOne.prefab	1	[990106,990107,990108]	[3,4,5]	"[""·完成巴别塔任务【点睛VII】，品质提升为蓝色"",""·完成巴别塔任务【点睛VIII】，品质提升为紫色"",""·完成巴别塔任务【点睛IX】，品质提升为橙色""]"						15	Assets/Product/Texture/Image/UiCollection/Iconcollection106.png				
13019304	999	2	2		绘本漫画	收藏品	为了实现某个小小的约定，艾拉创作而出的漫画。参照了黄金时代流行的主题，由身着灵装的少女们打败邪恶势力，拯救世界的王道故事。	通过玩法【创造者时代】获得	11002		Assets/Product/Texture/Image/UiCollection/Iconcollection108.png	Assets/Product/Ui/ComponentPrefab/UiCollection/CollectionStyleOne.prefab		[990109,990110,990111]	[3,4,5]	"[""·获得2个【绘本漫画】，品质提升为蓝色"",""·获得3个【绘本漫画】，品质提升为紫色"",""·获得4个【绘本漫画】，品质提升为橙色""]"											
13019305	9	2	6		荣誉纪念章III	收藏品	在这一年的奋战中，人类经历了最绝望的长夜，我们借着曙星的留言，于空晓中重生，沿着异途前行，在螺旋中找到了黎明——如今，所有奋战与挣扎都被创绘者记录在这枚勋章中，她相信，在您回忆的土壤中，它会结出名为未来的果实。	通过三周年签到获得	302		Assets/Product/Texture/Image/UiCollection/Iconcollection109.png	Assets/Product/Ui/ComponentPrefab/UiCollection/CollectionStyleOne.prefab												[1668632400,1]	[1,2,3,4]		
13019401	12	2	5		定约之石	收藏品	由作为引导者的少女赠送的宝石。喻示着你们之间已签订下永恒的契约。上面浮现出了你为了达成契约，所成功通关的冒险次数	完成【厄愿潮声】中“溯潮之帐”相关任务获得	12001		Assets/Product/Texture/Image/UiCollection/Iconcollection114.png	Assets/Product/Ui/ComponentPrefab/UiCollection/CollectionStyleOne.prefab	1														
13019402	999	2	5		一碗团圆	收藏品	绘制着九龙传统花纹的碗中，盛放着一碗圆滚滚的元宵。不知谁把这些元宵捏成了构造体们的模样，大家挤挤挨挨聚在一起，好不热闹。	通过玩法【禧裹团圆】获得	12002		Assets/Product/Texture/Image/UiCollection/Iconcollection111.png	Assets/Product/Ui/ComponentPrefab/UiCollection/CollectionStyleOne.prefab															
13019403	999	2	2		莉莉丝数据样本	收藏品	空中花园收集到的作战残响，根据不同档位显示不同品质。模拟与莉莉丝的作战后即可获得，即便是部分样本也散发出神秘的力量。	通过玩法【诡笑异术】获得	12003		Assets/Product/Texture/Image/UiCollection/Iconcollection112.png	Assets/Product/Ui/ComponentPrefab/UiCollection/CollectionStyleOne.prefab		[990112,990113,990114]	[3,4,5]	"[""·获得6星奖励后，品质提升为蓝色"",""·获得9星奖励后，品质提升为紫色"",""·获得15星奖励后，品质提升为橙色""]"											
13019404	999	2	5		瞬影TR-1200	收藏品	世界通用玩具公司于黄金时代末期推出的最新型号游戏主机，瞬影TR-1200是当时通用玩具设计的集大成之作。但不知道为何在那个网络通讯极其发达的时期，仍执着于使用传统卡带型记忆单元作为游戏载体。但这或许就是被人类称之为“浪漫”的东西吧？	通过玩法【本我回廊-遥星之座】获得	12004		Assets/Product/Texture/Image/UiCollection/Iconcollection115.png	Assets/Product/Ui/ComponentPrefab/UiCollection/CollectionStyleOne.prefab															
13019405	999	2	2		最后通讯	收藏品	在战场的废墟之中发现的唯一还在运作的机械，竟然是一个陈旧无比的军用对讲机。结构简单，结实耐用……正因为这样才并没有被帕弥什所影响运作。上面残留着它的主人在生命的最后时间里发出的一段通讯片段。“请求轰炸增援，目标为此发信地。”	通过玩法【异构战线】获得	12005		Assets/Product/Texture/Image/UiCollection/Iconcollection110.png	Assets/Product/Ui/ComponentPrefab/UiCollection/CollectionStyleOne.prefab		[990121,990122]	[3,5]	"[""·获得2个【最后通讯】，品质提升为蓝色"",""·获得3个【最后通讯】，品质提升为橙色""]"											
13019406	999	2	2		厨神像	收藏品	“空花东厨司命太乙定福奏善蒲牢天尊”	通过玩法【露记大排档】获得	12006		Assets/Product/Texture/Image/UiCollection/Iconcollection113.png	Assets/Product/Ui/ComponentPrefab/UiCollection/CollectionStyleOne.prefab		[990118,990119,990120]	[3,4,5]	"[""·获得2个【厨神像】，品质提升为蓝色"",""·获得3个【厨神像】，品质提升为紫色"",""·获得4个【厨神像】，品质提升为橙色""]"											
13019407	999	2	2		灼痕束缚	收藏品	残留着战斗痕迹的绷带，无声诉说着她与“敌人”相逢、厮杀……并互相吸引的记忆。	通过玩法【沉渊者斩缚】获得	12007		Assets/Product/Texture/Image/UiCollection/Iconcollection116.png	Assets/Product/Ui/ComponentPrefab/UiCollection/CollectionStyleOne.prefab		[990115,990116,990117]	[3,4,5]	"[""·获得2个【灼痕束缚】，品质提升为蓝色"",""·获得3个【灼痕束缚】，品质提升为紫色"",""·获得4个【灼痕束缚】，品质提升为橙色""]"											
13019501	999	2	2		茯神数据样本	收藏品	空中花园收集到的作战残响，根据不同档位显示不同品质。模拟与茯神的作战后即可获得，即便是部分样本也散发出神秘的力量。	通过玩法【系统震荡】获得	12008		Assets/Product/Texture/Image/UiCollection/Iconcollection117.png	Assets/Product/Ui/ComponentPrefab/UiCollection/CollectionStyleOne.prefab		[990123,990124,990125]	[3,4,5]	"[""·获得2个【茯神数据样本】，品质提升为蓝色"",""·获得3个【茯神数据样本】，品质提升为紫色"",""·获得5个【茯神数据样本】，品质提升为橙色""]"											
13019502	999	2	2		损毁的枷锁	收藏品	过去年代里，夜航船强制性地为所有乘客带上的“枷”，取下它的原因和结果相同——死，或是自由。	通过玩法【远归者沉梦】获得	12009		Assets/Product/Texture/Image/UiCollection/Iconcollection118.png	Assets/Product/Ui/ComponentPrefab/UiCollection/CollectionStyleOne.prefab		[990126,990127,990128]	[3,4,5]	"[""·获得2个【损毁的枷锁】，品质提升为蓝色"",""·获得3个【损毁的枷锁】，品质提升为紫色"",""·获得4个【损毁的枷锁】，品质提升为橙色""]"											
13019503	999	2	2		携影共舞	收藏品	月下无人，疏影横斜。如梦如幻，对影共舞。	通过玩法【觅迹寻踪】获得	12010		Assets/Product/Texture/Image/UiCollection/Iconcollection119.png	Assets/Product/Ui/ComponentPrefab/UiCollection/CollectionStyleOne.prefab		[990129,990130,990131]	[3,4,5]	"[""·获得2个【携影共舞】，品质提升为蓝色"",""·获得3个【携影共舞】，品质提升为紫色"",""·获得4个【携影共舞】，品质提升为橙色""]"											
13019504	999	2	2		梦影婆娑	收藏品	浅纹如絮，宛若梦境的余韵，落入掌心。缥缈的愿景，此刻已然褪去色彩，却留有一丝痕迹，向着未来延续。离开吧，无需留恋过往的残像，将所有的迷惘掩埋于此，晨风拂面，正是启程之时。	通过玩法【拾叶载梦】获得	12011		Assets/Product/Texture/Image/UiCollection/Iconcollection120.png	Assets/Product/Ui/ComponentPrefab/UiCollection/CollectionStyleOne.prefab		[990132,990133,990134]	[3,4,5]	"[""·获得2个【梦影婆娑】，品质提升为蓝色"",""·获得3个【梦影婆娑】，品质提升为紫色"",""·获得4个【梦影婆娑】，品质提升为橙色""]"											
13019601	999	2	2		芬里尔数据样本	收藏品	空中花园收集到的作战残响，根据不同档位显示不同品质。模拟与异合聚兽·芬里尔的作战后即可获得，即便是部分样本也散发出神秘的力量。	通过玩法【密林盛宴】获得	12012		Assets/Product/Texture/Image/UiCollection/Iconcollection121.png	Assets/Product/Ui/ComponentPrefab/UiCollection/CollectionStyleOne.prefab		[990135,990136,990137]	[3,4,5]	"[""·获得2个【芬里尔数据样本】，品质提升为蓝色"",""·获得3个【芬里尔数据样本】，品质提升为紫色"",""·获得5个【芬里尔数据样本】，品质提升为橙色""]"											
13019602	2	2	2		幽界林海纪念章	收藏品	巴别塔计划·幽界林海中获得的纪念章，用以嘉奖在幽界林海战略行动中达成深度战略模拟的指挥官们。纪念章以特殊材质的实木雕刻而成，寓意战士们的功绩永不腐朽。	通关一次【巴别塔·幽界林海】获得	1412		Assets/Product/Texture/Image/UiCollection/Iconcollection124.png	Assets/Product/Ui/ComponentPrefab/UiCollection/CollectionStyleOne.prefab	1	[990138,990139,990140]	[3,4,5]	"[""·完成巴别塔任务【绽放VII】，品质提升为蓝色"",""·完成巴别塔任务【绽放VIII】，品质提升为紫色"",""·完成巴别塔任务【绽放IX】，品质提升为橙色""]"						17	Assets/Product/Texture/Image/UiCollection/Iconcollection124.png				
13019603	999	2	2		故事的结局	收藏品	最后，小白狼拥有了属于自己的整个星球。很少有人能真正读懂21号撰写的童话，但这是属于她的故事。她的故事不需要任何拘束。	通过玩法【行星环游记】获得	12014		Assets/Product/Texture/Image/UiCollection/Iconcollection122.png	Assets/Product/Ui/ComponentPrefab/UiCollection/CollectionStyleOne.prefab		[990141,990142,990143]	[3,4,5]	"[""·获得2个【故事的结局】，品质提升为蓝色"",""·获得3个【故事的结局】，品质提升为紫色"",""·获得4个【故事的结局】，品质提升为橙色""]"											
13019604	999	2	2		“呼噜”	收藏品	“姐姐我只能做到这个地步了，你能接受吗？”“嗯。”她像个经历过换牙的孩子一般，小心翼翼地珍藏起了这一切。	通过玩法【自抑者释我】获得	12015		Assets/Product/Texture/Image/UiCollection/Iconcollection125.png	Assets/Product/Ui/ComponentPrefab/UiCollection/CollectionStyleOne.prefab		[990144,990145,990146]	[3,4,5]	"[""·获得2个【“呼噜”】，品质提升为蓝色"",""·获得3个【“呼噜”】，品质提升为紫色"",""·获得4个【“呼噜”】，品质提升为橙色""]"											
13019605	999	2	5		幽邃色彩	收藏品	调查队从重灾区带回的奇特结晶，经过处理后成为了科学理事会附加在报告上的样品。虽然它们都被归纳为同一类目，但这些色彩斑斓的个体，就像是拥有各自的意志一般，弥散着独属于自身的微芒。	通过玩法【链合回路·幽林竞狩】获得	12016		Assets/Product/Texture/Image/UiCollection/Iconcollection123.png	Assets/Product/Ui/ComponentPrefab/UiCollection/CollectionStyleOne.prefab															
13019606	999	2	5		古典六分仪	收藏品	卡农博士赠送给其学生的毕业礼物。航海用的六分仪利用天体测定船舶所在的经纬度坐标，它提示着所有为未来奋斗的科研工作者，铭记自己与他人之间的联系。	通过玩法【本我回廊-卡列尼娜】获得	12017		Assets/Product/Texture/Image/UiCollection/Iconcollection126.png	Assets/Product/Ui/ComponentPrefab/UiCollection/CollectionStyleOne.prefab															
13019607	999	2	2		奈捷尔数据样本	收藏品	空中花园收集到的作战残响，根据不同档位显示不同品质。模拟与“灰蝎”奈捷尔的作战后即可获得，即便是部分样本也散发出神秘的力量。	通过玩法【灰蝎暗袭】获得	12018		Assets/Product/Texture/Image/UiCollection/Iconcollection131.png	Assets/Product/Ui/ComponentPrefab/UiCollection/CollectionStyleOne.prefab		[990147,990148,990149]	[3,4,5]	"[""·获得2个【奈捷尔数据样本】，品质提升为蓝色"",""·获得3个【奈捷尔数据样本】，品质提升为紫色"",""·获得5个【奈捷尔数据样本】，品质提升为橙色""]"											
13019608	999	2	2		地狱三头犬公仔	收藏品	诺克提的三头犬公仔，在出战前，诺克提会将它拿出来摆到舱门旁，和队友一起逐一与它碰拳，祝愿行动顺利。它见证过诺克提的所有战斗，包括没有被记录入档的部分，尽管每次都是因为运输机驾驶员它才能回到诺克提身边。	通过玩法【逐暗者怒号】获得	12019		Assets/Product/Texture/Image/UiCollection/Iconcollection127.png	Assets/Product/Ui/ComponentPrefab/UiCollection/CollectionStyleOne.prefab		[990150,990151,990152]	[3,4,5]	"[""·获得2个【地狱三头犬公仔】，品质提升为蓝色"",""·获得3个【地狱三头犬公仔】，品质提升为紫色"",""·获得4个【地狱三头犬公仔】，品质提升为橙色""]"											
13019609	999	2	3		生锈的挂钟	收藏品	钟表的数字不再走动，时间的牢笼已然破碎。	通过玩法【噬潮逃生:时隙之潮】获得	12020		Assets/Product/Texture/Image/UiCollection/Iconcollection128.png	Assets/Product/Ui/ComponentPrefab/UiCollection/CollectionStyleOne.prefab		[990153,990154]	[4,5]	"[""·获得3个【生锈的挂钟】，品质提升为紫色"",""·获得6个【生锈的挂钟】，品质提升为橙色""]"											
13019610	999	2	5		“飞溅一号”	收藏品	世界通用玩具公司出品——“飞溅一号”特制水火箭。原本只是作为观赏用的益智玩具，但在追加购买特殊瓶体与手持发射器后，即可发射超高溅射范围的水弹，是您胜出亲友间水枪大战的不二之选！	通过玩法【沙滩大作战】获得	12021		Assets/Product/Texture/Image/UiCollection/Iconcollection129.png	Assets/Product/Ui/ComponentPrefab/UiCollection/CollectionStyleOne.prefab															
13019611	999	2	2		无名的诗集	收藏品	回音从未给任何人看过的笔记本，记录着她自己的诗，憧憬，决意与誓言。	通过玩法【审判者正言】获得	12022		Assets/Product/Texture/Image/UiCollection/Iconcollection132.png	Assets/Product/Ui/ComponentPrefab/UiCollection/CollectionStyleOne.prefab		[990158,990159,990160]	[3,4,5]	"[""·获得2个【无名的诗集】，品质提升为蓝色"",""·获得3个【无名的诗集】，品质提升为紫色"",""·获得4个【无名的诗集】，品质提升为橙色""]"											
13019612	999	2	5		我全都要！	收藏品	闪亮的矿石，还有清澈的水晶……没错，对猫猫来说，当然是越多越好！	通过玩法【喵星淘金】获得	12023		Assets/Product/Texture/Image/UiCollection/Iconcollection133.png	Assets/Product/Ui/ComponentPrefab/UiCollection/CollectionStyleOne.prefab															
13019613	2	2	2		无隙星泊纪念章	收藏品	巴别塔计划·无隙星泊中获得的纪念章，用以嘉奖在无隙星泊战略行动中达成深度战略模拟的指挥官们。纪念章以特殊材质制作而成，寓意战士们的功绩如群星般闪耀。	通关一次【巴别塔·无隙星泊】获得	1413		Assets/Product/Texture/Image/UiCollection/Iconcollection138.png	Assets/Product/Ui/ComponentPrefab/UiCollection/CollectionStyleOne.prefab	1	[990161,990162,990163]	[3,4,5]	"[""·完成巴别塔任务【黑域VII】，品质提升为蓝色"",""·完成巴别塔任务【黑域VIII】，品质提升为紫色"",""·完成巴别塔任务【黑域IX】，品质提升为橙色""]"						19	Assets/Product/Texture/Image/UiCollection/Iconcollection138.png				
13019614	999	2	5		诺安自制帮忙券	收藏品	为了对那次鲁莽行动表达歉意，诺安自制了一张万能帮忙券，可以用它来让诺安做一件事，什么都行。虽说是为了道歉，可他递过来的时候，却像派发优惠券的商人一样笑得很克制。“期待你的光临。”	通过玩法【本我回廊-逆旅】获得	12024		Assets/Product/Texture/Image/UiCollection/Iconcollection137.png	Assets/Product/Ui/ComponentPrefab/UiCollection/CollectionStyleOne.prefab															
13019615	999	2	2		给未来的我	收藏品	埋藏了很久的时间胶囊——想要看看外面的世界；想要未来的自己变得受欢迎；想要脑袋变聪明，得到大人的夸奖——封存在其中的手写信，寄放了许多至今也无法实现的愿望。	通过玩法【追溯者洄游】获得	12025		Assets/Product/Texture/Image/UiCollection/Iconcollection134.png	Assets/Product/Ui/ComponentPrefab/UiCollection/CollectionStyleOne.prefab		[990164,990165,990166]	[3,4,5]	"[""·获得2个【给未来的我】，品质提升为蓝色"",""·获得3个【给未来的我】，品质提升为紫色"",""·获得4个【给未来的我】，品质提升为橙色""]"											
13019616	999	2	2		克希拉数据样本	收藏品	空中花园收集到的作战残响，根据不同档位显示不同品质。模拟与克希拉的作战后即可获得，即便是部分样本也散发出神秘的力量。	通过玩法【旧日遥歌】获得	12026		Assets/Product/Texture/Image/UiCollection/Iconcollection135.png	Assets/Product/Ui/ComponentPrefab/UiCollection/CollectionStyleOne.prefab		[990167,990168,990169]	[3,4,5]	"[""·获得2个【克希拉数据样本】，品质提升为蓝色"",""·获得3个【克希拉数据样本】，品质提升为紫色"",""·获得5个【克希拉数据样本】，品质提升为橙色""]"											
13019617	999	2	5		深夏留忆	收藏品	一盒特别定制的拼图，拼合起来之后，承载了整个深夏的美好回忆。	通过玩法【盛夏洄影纪】获得	12027		Assets/Product/Texture/Image/UiCollection/Iconcollection136.png	Assets/Product/Ui/ComponentPrefab/UiCollection/CollectionStyleOne.prefab															
13019618	999	2	2		“王后”	收藏品	在某场游戏中被使用，代表着“王后”的棋子。	通过玩法【异访者焰起】获得	12028		Assets/Product/Texture/Image/UiCollection/Iconcollection140.png	Assets/Product/Ui/ComponentPrefab/UiCollection/CollectionStyleOne.prefab		[990170,990171,990172]	[3,4,5]	"[""·获得2个【“王后”】，品质提升为蓝色"",""·获得3个【“王后”】，品质提升为紫色"",""·获得4个【“王后”】，品质提升为橙色""]"											
13019619	999	2	2		DEAD MASTER数据样本	收藏品	空中花园收集到的作战残响，根据不同档位显示不同品质。模拟与DEAD MASTER的作战后即可获得，即便是部分样本也散发出神秘的力量。	通过玩法【末世一见】获得	12029		Assets/Product/Texture/Image/UiCollection/Iconcollection139.png	Assets/Product/Ui/ComponentPrefab/UiCollection/CollectionStyleOne.prefab		[990173,990174,990175]	[3,4,5]	"[""·获得2个【DEAD MASTER数据样本】，品质提升为蓝色"",""·获得3个【DEAD MASTER数据样本】，品质提升为紫色"",""·获得5个【DEAD MASTER数据样本】，品质提升为橙色""]"											
13019620	999	2	5		热舞纪运动毛巾	收藏品	主办方委托露西亚为本次活动设计的运动毛巾，作为赠予活跃参与者的谢礼。毛巾采用了颇具动感的配色，除此之外，身为设计者的露西亚还小小地滥用了权力，自作主张将自己的照片摆到了毛巾的显眼位置……希望不会有人感到困扰吧。	通过玩法【舞动绮音】获得	12030		Assets/Product/Texture/Image/UiCollection/Iconcollection141.png	Assets/Product/Ui/ComponentPrefab/UiCollection/CollectionStyleOne.prefab															
13019621	13	2	2	861901	时序·迭代	收藏品	发现于映像的最深点，为了逼近现实，不断进行迭代的数据单元。	通过玩法【映像潜渊-深点迭代】获得	12031		Assets/Product/Texture/Image/UiCollection/Iconcollection145.png	Assets/Product/Ui/ComponentPrefab/UiCollection/CollectionStyleOne.prefab	1	[861902,861903,861904]	[3,4,5]	"[""·完成映像潜渊任务【映像潜渊-时序Ⅰ】，品质提升为蓝色"",""·完成映像潜渊任务【映像潜渊-时序Ⅲ】，品质提升为紫色"",""·完成映像潜渊任务【映像潜渊-时序Ⅵ】，品质提升为橙色""]"						2					
13019622	999	2	2		老旧战术指南针	收藏品	有着斑驳锈迹的老旧指南针，曾是绿洲小队标准装备里的配给，指针直至今日还能准确无误地指出方向。	通过玩法【遗忘者棘途】获得	12032		Assets/Product/Texture/Image/UiCollection/Iconcollection142.png	Assets/Product/Ui/ComponentPrefab/UiCollection/CollectionStyleOne.prefab		[990176,990177,990178]	[3,4,5]	"[""·获得2个【老旧战术指南针】，品质提升为蓝色"",""·获得3个【老旧战术指南针】，品质提升为紫色"",""·获得4个【老旧战术指南针】，品质提升为橙色""]"											
13019623	999	2	2		巴拉德数据样本	收藏品	空中花园收集到的作战残响，根据不同档位显示不同品质。模拟与巴拉德的作战后即可获得，即便是部分样本也散发出神秘的力量。	通过玩法【铸火焚风】获得	12033		Assets/Product/Texture/Image/UiCollection/Iconcollection144.png	Assets/Product/Ui/ComponentPrefab/UiCollection/CollectionStyleOne.prefab		[990179,990180,990181]	[3,4,5]	"[""·获得2个【巴拉德数据样本】，品质提升为蓝色"",""·获得3个【巴拉德数据样本】，品质提升为紫色"",""·获得5个【巴拉德数据样本】，品质提升为橙色""]"											
13019624	999	2	5		染枫镖	收藏品	小巧的回旋镖，是一种便于携带的暗器。由锋利的合金刀片链合而成，能在指尖极速转动，出手即刻就能斩断秋风与落叶。	通过玩法【链合回路·移风破斗】获得	12034		Assets/Product/Texture/Image/UiCollection/Iconcollection143.png	Assets/Product/Ui/ComponentPrefab/UiCollection/CollectionStyleOne.prefab															
13019625	999	2	2		九龙薰炉	收藏品	九龙工艺的香薰炉，雕刻成孔雀立于波浪山海之间，沉香木的香气化为飘烟萦绕而出，使人心静神宁。	通过玩法【撰铭者濯世】获得	12035		Assets/Product/Texture/Image/UiCollection/Iconcollection147.png	Assets/Product/Ui/ComponentPrefab/UiCollection/CollectionStyleOne.prefab		[990182,990183,990184]	[3,4,5]	"[""·获得2个【九龙薰炉】，品质提升为蓝色"",""·获得3个【九龙薰炉】，品质提升为紫色"",""·获得4个【九龙薰炉】，品质提升为橙色""]"											
13019626	999	2	2		国王数据样本	收藏品	空中花园收集到的作战残响，根据不同档位显示不同品质。模拟与国王的作战后即可获得，即便是部分样本也散发出神秘的力量。	通过玩法【蚀芒浊辉】获得	12036		Assets/Product/Texture/Image/UiCollection/Iconcollection146.png	Assets/Product/Ui/ComponentPrefab/UiCollection/CollectionStyleOne.prefab		[990185,990186,990187]	[3,4,5]	"[""·获得2个【国王数据样本】，品质提升为蓝色"",""·获得3个【国王数据样本】，品质提升为紫色"",""·获得5个【国王数据样本】，品质提升为橙色""]"											
13019627	999	2	3		“魔士方儿”	收藏品	鲨士碧儿的联名款的果冻方块摆件，尽管看上去可口，但要注意，这可不能吃哦。	通过玩法【魔方弹跳乐】获得	12037		Assets/Product/Texture/Image/UiCollection/Iconcollection149.png	Assets/Product/Ui/ComponentPrefab/UiCollection/CollectionStyleOne.prefab		[990188,990189]	[4,5]	"[""·获得2个【“魔士方儿”】，品质提升为紫色"",""·获得3个【“魔士方儿”】，品质提升为橙色""]"											
13019628	999	2	6		荣誉纪念章Ⅳ	收藏品	我们于冰雪凛冽的渊狱中斩断桎梏，在蓊郁无尽的森林中寻找前路，高举不灭的爝火照亮正义，走过只属于死者的游行寻求新生，将历史的遗焰铸成碑碣，沿着北极星的指引一路前行。 我们又走过了一年，我们将永远走在通往未来的旅途上。	通过活动【光影印迹】获得	303		Assets/Product/Texture/Image/UiCollection/Iconcollection150.png	Assets/Product/Ui/ComponentPrefab/UiCollection/CollectionStyleOne.prefab															
13019629	999	2	2		旧日遗存	收藏品	一台黄金时代就已经损坏的服务器，被布偶熊拆解之后变成了她的个人收藏之一。	通过玩法【继承者追索】获得	12039		Assets/Product/Texture/Image/UiCollection/Iconcollection152.png	Assets/Product/Ui/ComponentPrefab/UiCollection/CollectionStyleOne.prefab		[990190,990191,990192]	[3,4,5]	"[""·获得2个【旧日遗存】，品质提升为蓝色"",""·获得3个【旧日遗存】，品质提升为紫色"",""·获得4个【旧日遗存】，品质提升为橙色""]"											
13019630	999	2	2		柯蕾多尔数据样本	收藏品	空中花园收集到的作战残响，根据不同档位显示不同品质。模拟与柯蕾多尔的作战后即可获得，即便是部分样本也散发出神秘的力量。	通过玩法【绽罔织潮】获得	12040		Assets/Product/Texture/Image/UiCollection/Iconcollection153.png	Assets/Product/Ui/ComponentPrefab/UiCollection/CollectionStyleOne.prefab		[990193,990194,990195]	[3,4,5]	"[""·获得2个【柯蕾多尔数据样本】，品质提升为蓝色"",""·获得3个【柯蕾多尔数据样本】，品质提升为紫色"",""·获得5个【柯蕾多尔数据样本】，品质提升为橙色""]"											
13019631	999	2	5		星跃节拍	收藏品	为【熊熊破坏王】获胜者定制的奖品，这台音箱在保留了便携性的同时有着出色的音响效果，中心处刻着独一无二的WINNER字样。	通过玩法【熊熊破坏王】获得	12041		Assets/Product/Texture/Image/UiCollection/Iconcollection154.png	Assets/Product/Ui/ComponentPrefab/UiCollection/CollectionStyleOne.prefab															
13019632	999	2	5		喵星幻映	收藏品	见鬼，这台全息仪器里全是猫咪的样子，下次得放在小东西们够不到的地方……好吧，还挺可爱的。	通过玩法【喵星淘金】获得	12042		Assets/Product/Texture/Image/UiCollection/Iconcollection151.png	Assets/Product/Ui/ComponentPrefab/UiCollection/CollectionStyleOne.prefab															
13019633	999	2	5		生日花束	收藏品	由每个人挑选一朵鲜花，一起制作而成的生日花束。每朵花里面都寄托了他们对指挥官独一无二的谢意和回忆。	生日当天获得	12038		Assets/Product/Texture/Image/UiCollection/Iconcollection148.png	Assets/Product/Ui/ComponentPrefab/UiCollection/CollectionStyleOne.prefab															
13019634	999	2	2		镜雪残声	收藏品	连铃声都已变得虚弱的古老电话，指引困囿之人归家的旅途。	通过玩法【破界者归赎】获得	12043		Assets/Product/Texture/Image/UiCollection/Iconcollection155.png	Assets/Product/Ui/ComponentPrefab/UiCollection/CollectionStyleOne.prefab		[990196,990197,990198]	[3,4,5]	"[""·获得2个【镜雪残声】，品质提升为蓝色"",""·获得3个【镜雪残声】，品质提升为紫色"",""·获得4个【镜雪残声】，品质提升为橙色""]"											
13019635	999	2	2		塞勒涅数据样本	收藏品	空中花园收集到的作战残响，根据不同档位显示不同品质。模拟与塞勒涅的作战后即可获得，即便是部分样本也散发出神秘的力量。	通过玩法【孽忆罪冕】获得	12044		Assets/Product/Texture/Image/UiCollection/Iconcollection158.png	Assets/Product/Ui/ComponentPrefab/UiCollection/CollectionStyleOne.prefab		[990199,990200,990201]	[3,4,5]	"[""·获得2个【塞勒涅数据样本】，品质提升为蓝色"",""·获得3个【塞勒涅数据样本】，品质提升为紫色"",""·获得5个【塞勒涅数据样本】，品质提升为橙色""]"											
13019636	999	2	5		镜像星尘	收藏品	星尘永绪，辉煌凝时，绘制着时间与月相的徽章，见证着此刻的抉择与荣耀。	通过主线【镜像星尘】获得	12045		Assets/Product/Texture/Image/UiCollection/Iconcollection157.png	Assets/Product/Ui/ComponentPrefab/UiCollection/CollectionStyleOne.prefab															
13019637	999	2	5		熙熙余星	收藏品	放走的花灯终会远去，但鲨士碧儿的香薰蜡烛会代替它继续为你照亮黑夜哦。	通过玩法【新岁游园】获得	12046		Assets/Product/Texture/Image/UiCollection/Iconcollection160.png	Assets/Product/Ui/ComponentPrefab/UiCollection/CollectionStyleOne.prefab															
13019638	14	2	5		矩阵晶簇	收藏品	存在于矩阵网络的数据结晶，曾在不同世界中出现并被洁塔薇拾取。晶簇本身无法被链接和解析，没有主被动传输功能，它忠实地记录着量子之海的每次波澜，时刻提醒前行者——不断重置的世界仍未终结，每一次更迭都没有被时间遗忘，而每一次都将是下一次旅途的起点与终焉。	通过玩法【矩阵循生】获得	12047		Assets/Product/Texture/Image/UiCollection/Iconcollection159.png	Assets/Product/Ui/ComponentPrefab/UiCollection/CollectionStyleOne.prefab	1														
13019639	2	2	2		烬域墟影纪念章	收藏品	巴别塔计划·烬域墟影中获得的纪念章，用以嘉奖在烬域墟影战略行动中达成深度战略模拟的指挥官们。	通关一次【巴别塔·烬域墟影】获得	1414		Assets/Product/Texture/Image/UiCollection/Iconcollection156.png	Assets/Product/Ui/ComponentPrefab/UiCollection/CollectionStyleOne.prefab	1	[990202,990203,990204]	[3,4,5]	"[""·完成巴别塔任务【遗影VII】，品质提升为蓝色"",""·完成巴别塔任务【遗影VIII】，品质提升为紫色"",""·完成巴别塔任务【遗影IX】，品质提升为橙色""]"						21	Assets/Product/Texture/Image/UiCollection/Iconcollection156.png				
13019640	999	2	2		“拂晓”电解液	收藏品	受到布丽姬特青睐而在支援部队风靡起来的饮料。为了感谢布丽姬特多年来的喜爱，生产厂家制作了一罐独一无二的纪念款赠送给她。	通过玩法【秘寻者见证】获得	12048		Assets/Product/Texture/Image/UiCollection/Iconcollection163.png	Assets/Product/Ui/ComponentPrefab/UiCollection/CollectionStyleOne.prefab		[990205,990206,990207]	[3,4,5]	"[""·获得2个【“拂晓”电解液】，品质提升为蓝色"",""·获得3个【“拂晓”电解液】，品质提升为紫色"",""·获得4个【“拂晓”电解液】，品质提升为橙色""]"											
13019641	999	2	2		斯凯奇数据样本	收藏品	空中花园收集到的作战残响，根据不同档位显示不同品质。模拟与斯凯奇的作战后即可获得，即便是部分样本也散发出神秘的力量。	通过玩法【残落深匣】获得	12049		Assets/Product/Texture/Image/UiCollection/Iconcollection161.png	Assets/Product/Ui/ComponentPrefab/UiCollection/CollectionStyleOne.prefab		[990208,990209,990210]	[3,4,5]	"[""·获得2个【斯凯奇数据样本】，品质提升为蓝色"",""·获得3个【斯凯奇数据样本】，品质提升为紫色"",""·获得5个【斯凯奇数据样本】，品质提升为橙色""]"											
13019642	999	2	5		幽塔黎光	收藏品	尘封的桎梏已然破碎，你的选择为这座腐朽坟茔带来了新生，将这道照亮往日的微光，存放于心间吧。	通过浮点纪实【幽塔黎光】获得	12050		Assets/Product/Texture/Image/UiCollection/Iconcollection162.png	Assets/Product/Ui/ComponentPrefab/UiCollection/CollectionStyleOne.prefab															
13019643	999	2	5		星群晶刃	收藏品	依据黄金时代知名电影作品中主人公所使用的武器复刻而成的精致模型。这个影视道具的还原程度让许多不知情者误以为它真的具备杀伤力。	通过玩法【链合回路·寰闪齐星】获得	12051		Assets/Product/Texture/Image/UiCollection/Iconcollection164.png	Assets/Product/Ui/ComponentPrefab/UiCollection/CollectionStyleOne.prefab															
13019644	999	2	2		浮蕴清茗	收藏品	无数次相会、别离又或是重逢，含英依然会把这套并不昂贵的茶具带在身边。	通过玩法【奏梦者拾呓】获得	12052		Assets/Product/Texture/Image/UiCollection/Iconcollection166.png	Assets/Product/Ui/ComponentPrefab/UiCollection/CollectionStyleOne.prefab		[990214,990215,990216]	[3,4,5]	"[""·获得2个【浮蕴清茗】，品质提升为蓝色"",""·获得3个【浮蕴清茗】，品质提升为紫色"",""·获得4个【浮蕴清茗】，品质提升为橙色""]"											
13019645	999	2	2		维罗妮卡数据样本	收藏品	空中花园收集到的作战残响，根据不同档位显示不同品质。模拟与维罗妮卡的作战后即可获得，即便是部分样本也散发出神秘的力量。	通过玩法【赎械机灾】获得	12053		Assets/Product/Texture/Image/UiCollection/Iconcollection165.png	Assets/Product/Ui/ComponentPrefab/UiCollection/CollectionStyleOne.prefab		[990217,990218,990219]	[3,4,5]	"[""·获得2个【维罗妮卡数据样本】，品质提升为蓝色"",""·获得3个【维罗妮卡数据样本】，品质提升为紫色"",""·获得5个【维罗妮卡数据样本】，品质提升为橙色""]"											
13019646	999	2	5		云梁觅影	收藏品	即使天堂遥不可及，理想的桥也不该坠向地狱。硝云尽散，星汉漪澜，相信我们终将抵达那个……彼此携手的未来。	通过浮点纪实【云梁觅影】获得	12054		Assets/Product/Texture/Image/UiCollection/Iconcollection168.png	Assets/Product/Ui/ComponentPrefab/UiCollection/CollectionStyleOne.prefab															
13019647	999	2	2		巡翼衡鹰	收藏品	万事在青少年培育中心得到的古老玩具，翱翔的羽翼之下，它寻找着平衡的支点。	通过玩法【巡游者抉择】获得	12055		Assets/Product/Texture/Image/UiCollection/Iconcollection170.png	Assets/Product/Ui/ComponentPrefab/UiCollection/CollectionStyleOne.prefab		[990220,990221,990222]	[3,4,5]	"[""·获得2个【巡翼衡鹰】，品质提升为蓝色"",""·获得3个【巡翼衡鹰】，品质提升为紫色"",""·获得4个【巡翼衡鹰】，品质提升为橙色""]"											
13019648	999	2	2		“修特罗尔”数据样本	收藏品	空中花园收集到的作战残响，根据不同档位显示不同品质。模拟与“修特罗尔”的作战后即可获得，即便是部分样本也散发出神秘的力量。	通过玩法【枯壳寐循】获得	12056		Assets/Product/Texture/Image/UiCollection/Iconcollection169.png	Assets/Product/Ui/ComponentPrefab/UiCollection/CollectionStyleOne.prefab		[990223,990224,990225]	[3,4,5]	"[""·获得2个【“修特罗尔”数据样本】，品质提升为蓝色"",""·获得3个【“修特罗尔”数据样本】，品质提升为紫色"",""·获得5个【“修特罗尔”数据样本】，品质提升为橙色""]"											
13019649	999	2	5		暮往长离	收藏品	身处明晰梦境中，我们用最澄澈的双眼瞰悟一路走来的风景：清算沉疴，迎接新生，我们终将见证脚下的荒芜趋向繁荣。	通过浮点纪实【暮往长离】获得	12057		Assets/Product/Texture/Image/UiCollection/Iconcollection171.png	Assets/Product/Ui/ComponentPrefab/UiCollection/CollectionStyleOne.prefab															
13019650	999	2	2		四叶草的余音	收藏品	存储有露西亚歌声的录音装置，她注视着回忆，哼唱出名为“幸福”的心声。	通过玩法【守望者誓愿】获得	12058		Assets/Product/Texture/Image/UiCollection/Iconcollection173.png	Assets/Product/Ui/ComponentPrefab/UiCollection/CollectionStyleOne.prefab		[990226,990227,990228]	[3,4,5]	"[""·获得2个【四叶草的余音】，品质提升为蓝色"",""·获得3个【四叶草的余音】，品质提升为紫色"",""·获得4个【四叶草的余音】，品质提升为橙色""]"											
13019651	999	2	2		冯·内古特数据样本	收藏品	空中花园收集到的作战残响，根据不同档位显示不同品质。模拟与冯·内古特的作战后即可获得，即便是部分样本也散发出神秘的力量。	通过玩法【第五号屠宰场】获得	12059		Assets/Product/Texture/Image/UiCollection/Iconcollection172.png	Assets/Product/Ui/ComponentPrefab/UiCollection/CollectionStyleOne.prefab		[990229,990230,990231]	[3,4,5]	"[""·获得2个【冯·内古特数据样本】，品质提升为蓝色"",""·获得3个【冯·内古特数据样本】，品质提升为紫色"",""·获得5个【冯·内古特数据样本】，品质提升为橙色""]"											
13019652	999	2	5		剪身成蝶	收藏品	于万丈幽潭破茧为蝶，振翼翱翔，唤起跨越时空的风暴，撕裂长夜，降下拂晓旭光。	通过主线【剪身成蝶】获得	12060		Assets/Product/Texture/Image/UiCollection/Iconcollection174.png	Assets/Product/Ui/ComponentPrefab/UiCollection/CollectionStyleOne.prefab															
13019653	999	2	2		AJSA-ii训练鞋	收藏品	被问起训练装备话题时一定会被八咫强烈推荐，是她最为青睐的训练鞋款。虽然推出时间已久，但时至今日仍然是为数不多保证高舒适度的同时还能兼顾耐磨性的产品，因此即便是构造体的训练强度，其表现也依旧优秀。	通过玩法【渡魂者徊望】获得	12061		Assets/Product/Texture/Image/UiCollection/Iconcollection178.png	Assets/Product/Ui/ComponentPrefab/UiCollection/CollectionStyleOne.prefab		[990232,990233,990234]	[3,4,5]	"[""·获得2个【AJSA-ii训练鞋】，品质提升为蓝色"",""·获得3个【AJSA-ii训练鞋】，品质提升为紫色"",""·获得4个【AJSA-ii训练鞋】，品质提升为橙色""]"											
13019654	999	2	2		早乙女优华数据样本	收藏品	空中花园收集到的作战残响，根据不同档位显示不同品质。模拟与早乙女优华的作战后即可获得，即便是部分样本也散发出神秘的力量。	通过玩法【葬列花序】获得	12062		Assets/Product/Texture/Image/UiCollection/Iconcollection175.png	Assets/Product/Ui/ComponentPrefab/UiCollection/CollectionStyleOne.prefab		[990235,990236,990237]	[3,4,5]	"[""·获得2个【早乙女优华数据样本】，品质提升为蓝色"",""·获得3个【早乙女优华数据样本】，品质提升为紫色"",""·获得5个【早乙女优华数据样本】，品质提升为橙色""]"											
13019655	999	2	5		晨昏庭影	收藏品	蓝染的花瓣飘曳到时间的尽头，落入大地即是永恒。过往的梦仍甘甜，明日的光亦澄澈……我会留在这里，守望你奔向前方。	通过浮点纪实【晨昏庭影】获得	12063		Assets/Product/Texture/Image/UiCollection/Iconcollection176.png	Assets/Product/Ui/ComponentPrefab/UiCollection/CollectionStyleOne.prefab															
13019656	999	2	2		卡面骑士“变身器”	收藏品	由通用玩具公司制作的限定通讯终端。其外观设计灵感，来源于黄金时代的超级特摄“卡面骑士”。	通过玩法【逐曦者逆程】获得	12064		Assets/Product/Texture/Image/UiCollection/Iconcollection180.png	Assets/Product/Ui/ComponentPrefab/UiCollection/CollectionStyleOne.prefab		[990238,990239,990240]	[3,4,5]	"[""·获得2个【卡面骑士“变身器”】，品质提升为蓝色"",""·获得3个【卡面骑士“变身器”】，品质提升为紫色"",""·获得4个【卡面骑士“变身器”】，品质提升为橙色""]"											
13019657	999	2	2		坠星·帕瓦特数据样本	收藏品	空中花园收集到的作战残响，根据不同档位显示不同品质。模拟与坠星·帕瓦特的作战后即可获得，即便是部分样本也散发出神秘的力量。	通过玩法【星海漫游指南】获得	12065		Assets/Product/Texture/Image/UiCollection/Iconcollection179.png	Assets/Product/Ui/ComponentPrefab/UiCollection/CollectionStyleOne.prefab		[990241,990242,990243]	[3,4,5]	"[""·获得2个【坠星·帕瓦特数据样本】，品质提升为蓝色"",""·获得3个【坠星·帕瓦特数据样本】，品质提升为紫色"",""·获得5个【坠星·帕瓦特数据样本】，品质提升为橙色""]"											
13019658	999	2	5		遥行循星	收藏品	玫瑰盛放在失去未来的永冬。	通过主线【遥行循星】获得	12066		Assets/Product/Texture/Image/UiCollection/Iconcollection181.png	Assets/Product/Ui/ComponentPrefab/UiCollection/CollectionStyleOne.prefab															
13019659	999	2	5		昼伏夜觅	收藏品	现在，这些小家伙不分昼夜，都会在终端装置里面蹦蹦跳跳了。不过幸好，它们不会凌晨四点突然跳到你的床上。	通过玩法【喵星淘金】获得	12067		Assets/Product/Texture/Image/UiCollection/Iconcollection182.png	Assets/Product/Ui/ComponentPrefab/UiCollection/CollectionStyleOne.prefab															
13019660	999	2	2		密箴隐钥	收藏品	密码般的花纹覆盖在钥匙上，蜿蜒的脉络构成神秘的符号，艺术协会曾尝试破译蕴含其中的信息，但最终一无所获。	通过玩法【观测者俯瞰】获得	12068		Assets/Product/Texture/Image/UiCollection/Iconcollection188.png	Assets/Product/Ui/ComponentPrefab/UiCollection/CollectionStyleOne.prefab		[990244,990245,990246]	[3,4,5]	"[""·获得2个【密箴隐钥】，品质提升为蓝色"",""·获得3个【密箴隐钥】，品质提升为紫色"",""·获得4个【密箴隐钥】，品质提升为橙色""]"											
13019661	999	2	2		卡俄斯数据样本	收藏品	空中花园收集到的作战残响，根据不同档位显示不同品质。模拟与卡俄斯的作战后即可获得，即便是部分样本也散发出神秘的力量。	通过玩法【时序之朽】获得	12069		Assets/Product/Texture/Image/UiCollection/Iconcollection183.png	Assets/Product/Ui/ComponentPrefab/UiCollection/CollectionStyleOne.prefab		[990247,990248,990249]	[3,4,5]	"[""·获得2个【卡俄斯数据样本】，品质提升为蓝色"",""·获得3个【卡俄斯数据样本】，品质提升为紫色"",""·获得5个【卡俄斯数据样本】，品质提升为橙色""]"											
13019662	2	2	2		湮维残厄纪念章	收藏品	巴别塔计划·湮维残厄中获得的纪念章，用以嘉奖在湮维残厄战略行动中达成深度战略模拟的指挥官们。	通关一次【巴别塔·湮维残厄】获得	1415		Assets/Product/Texture/Image/UiCollection/Iconcollection186.png	Assets/Product/Ui/ComponentPrefab/UiCollection/CollectionStyleOne.prefab	1	[990250,990251,990252]	[3,4,5]	"[""·完成巴别塔任务【内殿VII】，品质提升为蓝色"",""·完成巴别塔任务【内殿VIII】，品质提升为紫色"",""·完成巴别塔任务【内殿IX】，品质提升为橙色""]"						23	Assets/Product/Texture/Image/UiCollection/Iconcollection186.png				
13019663	999	2	5		锈夜逐光	收藏品	星河注视文明的野火。	通过主线【锈夜逐光】获得	12070		Assets/Product/Texture/Image/UiCollection/Iconcollection187.png	Assets/Product/Ui/ComponentPrefab/UiCollection/CollectionStyleOne.prefab															
13019664	999	2	5		生日贺卡	收藏品	由大家共同制作而成的生日贺卡，所有的心愿与美好寄托其中，融合汇聚成共同的祝福，指挥官，生日快乐！	生日当天获得	12071		Assets/Product/Texture/Image/UiCollection/Iconcollection185.png	Assets/Product/Ui/ComponentPrefab/UiCollection/CollectionStyleOne.prefab															
13019665	999	2	6		荣誉纪念章Ⅴ	收藏品	在这一年里，我们在程序界域中解码出文明的归宿落点，透过镜像虚影勾勒星的轮廓，挣脱时空密网之后破茧成蝶，航行于星际追寻不灭的希望，身陷黑夜仍高唱光明赞歌。笑与泪都凝聚在勋章里，此行不孤，愿未来长有相伴，共同将黎明拥抱入怀。	通过活动【拾忆同辰】获得	304		Assets/Product/Texture/Image/UiCollection/Iconcollection184.png	Assets/Product/Ui/ComponentPrefab/UiCollection/CollectionStyleOne.prefab															
13019666	999	2	2		箴言饼干	收藏品	来到洛普拉多斯的贵客在享用自助餐后的礼品甜点，而这一份的幸运字条上写着：“是时候把我从饼干里放出来了。”	通过玩法【叛狱者诡梦】获得	12072		Assets/Product/Texture/Image/UiCollection/Iconcollection190.png	Assets/Product/Ui/ComponentPrefab/UiCollection/CollectionStyleOne.prefab		[990253,990254,990255]	[3,4,5]	"[""·获得2个【箴言饼干】，品质提升为蓝色"",""·获得3个【箴言饼干】，品质提升为紫色"",""·获得4个【箴言饼干】，品质提升为橙色""]"											
13019667	999	2	2		蒙扎诺夫人数据样本	收藏品	空中花园收集到的作战残响，根据不同档位显示不同品质。模拟与蒙扎诺夫人的作战后即可获得，即便是部分样本也散发出神秘的力量。	通过玩法【金庭流沙之夜】获得	12073		Assets/Product/Texture/Image/UiCollection/Iconcollection189.png	Assets/Product/Ui/ComponentPrefab/UiCollection/CollectionStyleOne.prefab		[990256,990257,990258]	[3,4,5]	"[""·获得2个【蒙扎诺夫人数据样本】，品质提升为蓝色"",""·获得3个【蒙扎诺夫人数据样本】，品质提升为紫色"",""·获得5个【蒙扎诺夫人数据样本】，品质提升为橙色""]"											
13019668	999	2	5		醉狱谲笼	收藏品	在去洛普拉多斯的路上，有暮色燃烧和金币的叮当响。旧世灯火依旧闪亮，靡丽如你所愿。	通过浮点纪实【醉狱谲笼】获得	12074		Assets/Product/Texture/Image/UiCollection/Iconcollection191.png	Assets/Product/Ui/ComponentPrefab/UiCollection/CollectionStyleOne.prefab															
13019669	999	2	5		薇拉“爱心”医疗包	收藏品	某次行动后，薇拉送来一只医疗包，以此寄托“希望指挥官能好好照顾自己”的心情。出于谨慎，指挥官还是检查了一下内容，发现里面少了止痛药，多了几支肾上腺素……除此之外，那只特殊的哨子也被放在了医疗包的角落，或许这也可以救命。	通过玩法【本我回廊-绯耀】获得	12075		Assets/Product/Texture/Image/UiCollection/Iconcollection192.png	Assets/Product/Ui/ComponentPrefab/UiCollection/CollectionStyleOne.prefab															
13019670	999	2	2		镌忆余韵	收藏品	在她童年初次踏入音乐世界殿堂的时候，得到的第一把小提琴。当时稚嫩的她在指板上留下了无数的汗水和划痕，一步步地将它雕刻为承托着梦想的姿态。	通过玩法【歌咏者独舞】获得	12076		Assets/Product/Texture/Image/UiCollection/Iconcollection195.png	Assets/Product/Ui/ComponentPrefab/UiCollection/CollectionStyleOne.prefab		[990259,990260,990261]	[3,4,5]	"[""·获得2个【镌忆余韵】，品质提升为蓝色"",""·获得3个【镌忆余韵】，品质提升为紫色"",""·获得4个【镌忆余韵】，品质提升为橙色""]"											
13019671	999	2	2		依诺·卢娅数据样本	收藏品	空中花园收集到的作战残响，根据不同档位显示不同品质。模拟与依诺·卢娅的作战后即可获得，即便是部分样本也散发出神秘的力量。	通过玩法【焉末庭廊】获得	12077		Assets/Product/Texture/Image/UiCollection/Iconcollection193.png	Assets/Product/Ui/ComponentPrefab/UiCollection/CollectionStyleOne.prefab		[990262,990263,990264]	[3,4,5]	"[""·获得2个【依诺·卢娅数据样本】，品质提升为蓝色"",""·获得3个【依诺·卢娅数据样本】，品质提升为紫色"",""·获得5个【依诺·卢娅数据样本】，品质提升为橙色""]"											
13019672	999	2	5		梦赴光寥之乡	收藏品	往复的轮回抵临尽头，梦醒时分，最后一个音符滑落命运的线谱，涟漪微漾，余音萦绕，你我将于别离后相逢。	通过主线【梦赴光寥之乡】获得	12078		Assets/Product/Texture/Image/UiCollection/Iconcollection194.png	Assets/Product/Ui/ComponentPrefab/UiCollection/CollectionStyleOne.prefab															
13019673	999	2	2		“胜券在我”	收藏品	命运给予的手牌有时或许不尽人意，但只要保持耐心，静待际遇，终有机会扭转局面，获得最后的胜利。	通过玩法【寰格牌律】获得	12079		Assets/Product/Texture/Image/UiCollection/Iconcollection196.png	Assets/Product/Ui/ComponentPrefab/UiCollection/CollectionStyleOne.prefab		[990265,990266,990267]	[3,4,5]	"[""·获得2个【“胜券在我”】，品质提升为蓝色"",""·获得3个【“胜券在我”】，品质提升为紫色"",""·获得4个【“胜券在我”】，品质提升为橙色""]"											
13019674	999	2	2		标准款运算终端	收藏品	041号城市随处可见的便携计算器。虽然具备诸多时新功能，但依旧保证了续航力强和防水耐摔等基本属性。当然，它的回路也可以是制造小麻烦的绝佳土壤——某位少女更喜欢称之为“恶作剧”。	通过玩法【悖逆者档案】获得	12080		Assets/Product/Texture/Image/UiCollection/Iconcollection200.png	Assets/Product/Ui/ComponentPrefab/UiCollection/CollectionStyleOne.prefab		[990268,990269,990270]	[3,4,5]	"[""·获得2个【标准款运算终端】，品质提升为蓝色"",""·获得3个【标准款运算终端】，品质提升为紫色"",""·获得4个【标准款运算终端】，品质提升为橙色""]"											
13019675	999	2	2		“格温普兰”数据样本	收藏品	空中花园收集到的作战残响，根据不同档位显示不同品质。模拟与“格温普兰”的作战后即可获得，即便是部分样本也散发出神秘的力量。	通过玩法【绝园愚夫】获得	12081		Assets/Product/Texture/Image/UiCollection/Iconcollection197.png	Assets/Product/Ui/ComponentPrefab/UiCollection/CollectionStyleOne.prefab		[990271,990272,990273]	[3,4,5]	"[""·获得2个【“格温普兰”数据样本】，品质提升为蓝色"",""·获得3个【“格温普兰”数据样本】，品质提升为紫色"",""·获得5个【“格温普兰”数据样本】，品质提升为橙色""]"											
13019676	999	2	5		逐生复始	收藏品	轮回的“定点”，见证无数后辈的生长与凋零。她把过往凝于枪尖，舍身击碎倒计时的钟摆，将故事的终局引向真正的破晓。	通过浮点纪实【逐生复始】获得	12082		Assets/Product/Texture/Image/UiCollection/Iconcollection198.png	Assets/Product/Ui/ComponentPrefab/UiCollection/CollectionStyleOne.prefab															
13019677	999	2	5		金镐镐	收藏品	一把神奇的金镐镐……！最厉害的矿工必须做点什么。	通过玩法【永封裂隙】获得	12083		Assets/Product/Texture/Image/UiCollection/Iconcollection199.png	Assets/Product/Ui/ComponentPrefab/UiCollection/CollectionStyleOne.prefab															
13019678	999	2	2		改良打火机	收藏品	薇拉从废墟里捡到的一只打火机，曾用微弱的火勉强救下了某个失温的人类。薇拉将其收藏，并进行了夸张的改造，现在火焰可以喷发至三米高。	通过玩法【寻道者焚骨】获得	12084		Assets/Product/Texture/Image/UiCollection/Iconcollection205.png	Assets/Product/Ui/ComponentPrefab/UiCollection/CollectionStyleOne.prefab		[990277,990278,990279]	[3,4,5]	"[""·获得2个【改良打火机】，品质提升为蓝色"",""·获得3个【改良打火机】，品质提升为紫色"",""·获得4个【改良打火机】，品质提升为橙色""]"											
13019679	999	2	2		罗伊德数据样本	收藏品	空中花园收集到的作战残响，根据不同档位显示不同品质。模拟与“罗伊德”的作战后即可获得，即便是部分样本也散发出神秘的力量。	通过玩法【锢界裂生】获得	12085		Assets/Product/Texture/Image/UiCollection/Iconcollection204.png	Assets/Product/Ui/ComponentPrefab/UiCollection/CollectionStyleOne.prefab		[990280,990281,990282]	[3,4,5]	"[""·获得2个【“罗伊德”数据样本】，品质提升为蓝色"",""·获得3个【“罗伊德”数据样本】，品质提升为紫色"",""·获得5个【“罗伊德”数据样本】，品质提升为橙色""]"											
13019680	999	2	2		擐甲执械	收藏品	吹响那决不召唤退却的号角，勇者的真理百战无前。	通过玩法【擐甲执械】获得	12086		Assets/Product/Texture/Image/UiCollection/Iconcollection207.png	Assets/Product/Ui/ComponentPrefab/UiCollection/CollectionStyleOne.prefab		[990283,990284,990285]	[3,4,5]	"[""·获得2个【擐甲执械】，品质提升为蓝色"",""·获得3个【擐甲执械】，品质提升为紫色"",""·获得4个【擐甲执械】，品质提升为橙色""]"											
13019681	999	2	5		末路燎原	收藏品	有人在绝海之上投下点点星火，有人将点点星火燃为燎原烈焰。有人灼烧己身，有人成为新世界的活火。	通过浮点纪实【末路燎原】获得	12087		Assets/Product/Texture/Image/UiCollection/Iconcollection208.png	Assets/Product/Ui/ComponentPrefab/UiCollection/CollectionStyleOne.prefab															
13019682	999	2	2		银色项链	收藏品	在过去，伊娃曾将两条项链分别送给但丁与维吉尔作为他们的生日礼物。这并非原来的那条项链，只是仿制品，但对于斯巴达之子而言，依然能让他们回忆起家人。	通过玩法【除魔者不朽】获得	12088		Assets/Product/Texture/Image/UiCollection/Iconcollection202.png	Assets/Product/Ui/ComponentPrefab/UiCollection/CollectionStyleOne.prefab		[990286,990287,990288]	[3,4,5]	"[""·获得2个【银色项链】，品质提升为蓝色"",""·获得3个【银色项链】，品质提升为紫色"",""·获得4个【银色项链】，品质提升为橙色""]"											
13019683	999	2	2		金色项链	收藏品	在过去，伊娃曾将两条项链分别送给但丁与维吉尔作为他们的生日礼物。这并非原来的那条项链，只是仿制品，但对于斯巴达之子而言，依然能让他们回忆起家人。	通过玩法【除魔者不朽】获得	12089		Assets/Product/Texture/Image/UiCollection/Iconcollection203.png	Assets/Product/Ui/ComponentPrefab/UiCollection/CollectionStyleOne.prefab		[990289,990290,990291]	[3,4,5]	"[""·获得2个【金色项链】，品质提升为蓝色"",""·获得3个【金色项链】，品质提升为紫色"",""·获得4个【金色项链】，品质提升为橙色""]"											
13019684	999	2	2		“镜像维吉尔”数据样本	收藏品	空中花园收集到的作战残响，根据不同档位显示不同品质。模拟与“镜像维吉尔”的作战后即可获得，即便是部分样本也散发出神秘的力量。	通过玩法【终末诗篇】获得	12090		Assets/Product/Texture/Image/UiCollection/Iconcollection201.png	Assets/Product/Ui/ComponentPrefab/UiCollection/CollectionStyleOne.prefab		[990292,990293,990294]	[3,4,5]	"[""·获得2个【“镜像维吉尔”数据样本】，品质提升为蓝色"",""·获得3个【“镜像维吉尔”数据样本】，品质提升为紫色"",""·获得5个【“镜像维吉尔”数据样本】，品质提升为橙色""]"											
13019685	15	2	5		鲨鲨为你点赞	收藏品	你一路上的努力，鲨鲨全部看在眼里哦！	通过玩法【鲨鲨破坏王】获得	12091		Assets/Product/Texture/Image/UiCollection/Iconcollection212.png	Assets/Product/Ui/ComponentPrefab/UiCollection/CollectionStyleOne.prefab	1					1						[3]			
13019686	999	2	2		“千子”数据样本	收藏品	空中花园收集到的作战残响，根据不同档位显示不同品质。模拟与“千子”的作战后即可获得，即便是部分样本也散发出神秘的力量。	通过玩法【溟渊寂息】获得	12092		Assets/Product/Texture/Image/UiCollection/Iconcollection209.png	Assets/Product/Ui/ComponentPrefab/UiCollection/CollectionStyleOne.prefab		[990298,990299,990300]	[3,4,5]	"[""·获得2个【“千子”数据样本】，品质提升为蓝色"",""·获得3个【“千子”数据样本】，品质提升为紫色"",""·获得5个【“千子”数据样本】，品质提升为橙色""]"											
13019687	999	2	5		覆海离声	收藏品	故事在这里停下，故事在这里续写。过往似荆棘穿过躯壳，化作剑光照彻晦暗的浪潮。	通过主线【覆海离声】获得	12094		Assets/Product/Texture/Image/UiCollection/Iconcollection210.png	Assets/Product/Ui/ComponentPrefab/UiCollection/CollectionStyleOne.prefab															
13019688	999	2	2		静祈烛台	收藏品	比安卡日常祈祷所用的烛台，陪伴她走过了一个又一个清晨与长夜。其上光芒柔和温润，仿佛承载了无数虔诚的祈愿。	通过玩法【溯光者启颂】获得	12093		Assets/Product/Texture/Image/UiCollection/Iconcollection213.png	Assets/Product/Ui/ComponentPrefab/UiCollection/CollectionStyleOne.prefab		[990304,990305,990306]	[3,4,5]	"[""·获得2个【静祈烛台】，品质提升为蓝色"",""·获得3个【静祈烛台】，品质提升为紫色"",""·获得4个【静祈烛台】，品质提升为橙色""]"											
13019689	999	2	5		溯梦归途	收藏品	那份决意，重新编织所有的星辰、苦难与时间。	通过主线【溯梦归途】获得	12095		Assets/Product/Texture/Image/UiCollection/Iconcollection211.png	Assets/Product/Ui/ComponentPrefab/UiCollection/CollectionStyleOne.prefab															
13019690	999	2	2		追缉者印记	收藏品	只有能单独完成各种追缉任务者才能拥有的印记，根据任务内的难度高低又分为不同品级，可谓是实力与身份的证明。	通过玩法【疾速追缉】获得	12096		Assets/Product/Texture/Image/UiCollection/Iconcollection215.png	Assets/Product/Ui/ComponentPrefab/UiCollection/CollectionStyleOne.prefab		[990307,990308,990309]	[3,4,5]	"[""·获得2个【追缉者印记】，品质提升为蓝色"",""·获得3个【追缉者印记】，品质提升为紫色"",""·获得4个【追缉者印记】，品质提升为橙色""]"											
13019691	2	2	2		蜕愈的权柄	收藏品	巴别塔计划·黯潮蚀光中获得的纪念章，用以嘉奖在黯潮蚀光战略行动中达成深度战略模拟的指挥官们。	通关一次【巴别塔·黯潮蚀光】获得	1416		Assets/Product/Texture/Image/UiCollection/Iconcollection214.png	Assets/Product/Ui/ComponentPrefab/UiCollection/CollectionStyleOne.prefab	1	[990310,990311,990312]	[3,4,5]	"[""·完成巴别塔任务【曦光VII】，品质提升为蓝色"",""·完成巴别塔任务【曦光VIII】，品质提升为紫色"",""·完成巴别塔任务【曦光IX】，品质提升为橙色""]"						24	Assets/Product/Texture/Image/UiCollection/Iconcollection214.png				39801
13019692	999	2	2		凝时之剪	收藏品	精致复古的手工胸针制品，是斜奏曾在地面一处荒废之地偶然所得。佩于胸口的泛黄色泽却犹如荣誉勋章，一剪时间长河。既可止损难言的过去，亦是破开新生篇章的断口。	通过玩法【织梦者不渝】获得	12097		Assets/Product/Texture/Image/UiCollection/Iconcollection217.png	Assets/Product/Ui/ComponentPrefab/UiCollection/CollectionStyleOne.prefab		[990313,990314,990315]	[3,4,5]	"[""·获得2个【凝时之剪】，品质提升为蓝色"",""·获得3个【凝时之剪】，品质提升为紫色"",""·获得4个【凝时之剪】，品质提升为橙色""]"											
13019693	999	2	2		渡边数据样本	收藏品	空中花园收集到的作战残响，根据不同档位显示不同品质。模拟与渡边的作战后即可获得，即便是部分样本也散发出神秘的力量。	通过玩法【孑存碑影】获得	12098		Assets/Product/Texture/Image/UiCollection/Iconcollection216.png	Assets/Product/Ui/ComponentPrefab/UiCollection/CollectionStyleOne.prefab		[990316,990317,990318]	[3,4,5]	"[""·获得2个【渡边数据样本】，品质提升为蓝色"",""·获得3个【渡边数据样本】，品质提升为紫色"",""·获得5个【渡边数据样本】，品质提升为橙色""]"											
13019694	999	2	5		织奏序言	收藏品	待定轻剪命运之线。丝缕残留的初音，缝缀未完的乐章。	通过浮点纪实【织奏序言】获得	12099		Assets/Product/Texture/Image/UiCollection/Iconcollection218.png	Assets/Product/Ui/ComponentPrefab/UiCollection/CollectionStyleOne.prefab															
13019695	999	2	2		“监管者”数据样本	收藏品	空中花园收集到的作战残响，根据不同档位显示不同品质。模拟与“监管者”的作战后即可获得，即便是部分样本也散发出神秘的力量。	通过玩法【破笼焚枷】获得	12100		Assets/Product/Texture/Image/UiCollection/Iconcollection220.png	Assets/Product/Ui/ComponentPrefab/UiCollection/CollectionStyleOne.prefab		[990319,990320,990321]	[3,4,5]	"[""·获得2个【“监管者”数据样本】，品质提升为蓝色"",""·获得3个【“监管者”数据样本】，品质提升为紫色"",""·获得5个【“监管者”数据样本】，品质提升为橙色""]"											
13019696	999	2	2		渎序面甲	收藏品	这是一张为“残暴”捏造的鬼面，却无法遮蔽“正义”的真容。桀骜的灵魂，不会凝固在金属的假面之中。	通过玩法【独行者回响】获得	12101		Assets/Product/Texture/Image/UiCollection/Iconcollection221.png	Assets/Product/Ui/ComponentPrefab/UiCollection/CollectionStyleOne.prefab		[990322,990323,990324]	[3,4,5]	"[""·获得2个【渎序面甲】，品质提升为蓝色"",""·获得3个【渎序面甲】，品质提升为紫色"",""·获得4个【渎序面甲】，品质提升为橙色""]"											
13019697	999	2	5		理想笼	收藏品	挣脱旧日的囚笼,以无尽的决意迎接新的自由。	通过浮点纪实【理想笼】获得	12102		Assets/Product/Texture/Image/UiCollection/Iconcollection222.png	Assets/Product/Ui/ComponentPrefab/UiCollection/CollectionStyleOne.prefab															
13019698	999	2	5		全息地球仪	收藏品	在黄金时代制造的精巧仪器，通过瞬息万变的全息影像，来模拟和展现地球表面的气候变化。试着把它握在掌心，感受季节和时间的流动吧。	通过【韶影回廊】活动纪念邮件领取	12103		Assets/Product/Texture/Image/UiCollection/Iconcollection219.png	Assets/Product/Ui/ComponentPrefab/UiCollection/CollectionStyleOne.prefab															
13019699	999	2	2		墨利诺厄数据样本	收藏品	空中花园收集到的作战残响，根据不同档位显示不同品质。模拟与墨利诺厄的作战后即可获得，即便是部分样本也散发出神秘的力量。	通过玩法【骸网罗生】获得	12104		Assets/Product/Texture/Image/UiCollection/Iconcollection224.png	Assets/Product/Ui/ComponentPrefab/UiCollection/CollectionStyleOne.prefab		[990325,990326,990327]	[3,4,5]	"[""·获得2个【墨利诺厄数据样本】，品质提升为蓝色"",""·获得3个【墨利诺厄数据样本】，品质提升为紫色"",""·获得5个【墨利诺厄数据样本】，品质提升为橙色""]"											
13019700	999	2	5		眠于厄寐之境	收藏品	那份爱意，在她心中静静发芽。	通过主线【眠于厄寐之境】获得	12105		Assets/Product/Texture/Image/UiCollection/Iconcollection225.png	Assets/Product/Ui/ComponentPrefab/UiCollection/CollectionStyleOne.prefab															
13019701	999	2	5		生日盲盒	收藏品	大家一同准备的惊喜，满盒凝聚于时光中的珍贵情谊，每一份都因你而起，也为你而来。	生日当天获得	12106		Assets/Product/Texture/Image/UiCollection/Iconcollection223.png	Assets/Product/Ui/ComponentPrefab/UiCollection/CollectionStyleOne.prefab															
13019702	999	2	6		荣誉纪念章VI	收藏品	在梦霭中牵起琴韵萦回的素影；于覆海的潮音叠响重书往昔。溯梦长流带来变革，希望的微光化作利刃刺破虚妄，为未来锚定新的航向。让我们并肩勾勒未来的轮廓，以同心之姿奔赴新一年的征途 。	通过活动【伴明荣序】获得	305		Assets/Product/Texture/Image/UiCollection/Iconcollection226.png	Assets/Product/Ui/ComponentPrefab/UiCollection/CollectionStyleOne.prefab															
13019703	999	2	2		“白舟”	收藏品	少女用思念折下的纸船。即使命途苦涩晦暗，这白舟上的明光也会照耀你，护佑你……载着她的温柔与眷恋，送你到安宁和平的梦乡。	通过玩法【铭生者慈怜】获得	12107		Assets/Product/Texture/Image/UiCollection/Iconcollection227.png	Assets/Product/Ui/ComponentPrefab/UiCollection/CollectionStyleOne.prefab		[990328,990329,990330]	[3,4,5]	"[""·获得2个【“白舟”】，品质提升为蓝色"",""·获得3个【“白舟”】，品质提升为紫色"",""·获得4个【“白舟”】，品质提升为橙色""]"											
13019704	999	2	2		伪·折翼鸟数据样本	收藏品	空中花园收集到的作战残响，根据不同档位显示不同品质。模拟与伪·折翼鸟的作战后即可获得，即便是部分样本也散发出神秘的力量。	通过玩法【虚实罅隙】获得	12108		Assets/Product/Texture/Image/UiCollection/Iconcollection229.png	Assets/Product/Ui/ComponentPrefab/UiCollection/CollectionStyleOne.prefab		[990331,990332,990333]	[3,4,5]	"[""·获得2个【伪·折翼鸟数据样本】，品质提升为蓝色"",""·获得3个【伪·折翼鸟数据样本】，品质提升为紫色"",""·获得5个【伪·折翼鸟数据样本】，品质提升为橙色""]"											
13019705	999	2	5		推想视限	收藏品	“你所见的这些都是真正的物体，它们因为许愿未偿，才被贬到这里。”	通过主线【推想视限】获得	12109		Assets/Product/Texture/Image/UiCollection/Iconcollection230.png	Assets/Product/Ui/ComponentPrefab/UiCollection/CollectionStyleOne.prefab															
13019706	999	2	2		颠倒世界	收藏品	现实的深壤托起了虚拟的高悬，真实之可贵正在于它不足与残缺。最完美的理想国，从来构建于尘世的泥泞中。天空成为大地，终结亦是起源。秩序颠倒的此刻，世界焕然一新。	通过玩法【解惑者自苦】获得	12110		Assets/Product/Texture/Image/UiCollection/Iconcollection231.png	Assets/Product/Ui/ComponentPrefab/UiCollection/CollectionStyleOne.prefab		[990334,990335,990336]	[3,4,5]	"[""·获得2个【颠倒世界】，品质提升为蓝色"",""·获得3个【颠倒世界】，品质提升为紫色"",""·获得4个【颠倒世界】，品质提升为橙色""]"											
13019707	999	2	2		追缉者勋章	收藏品	只有能单独完成众多高危追缉任务的卓越者才能获得的荣誉，用以表彰他们过人的骁勇和善战。	通过玩法【疾速追缉】获得	12111		Assets/Product/Texture/Image/UiCollection/Iconcollection228.png	Assets/Product/Ui/ComponentPrefab/UiCollection/CollectionStyleOne.prefab		[990337,990338,990339]	[3,4,5]	"[""·获得2个【追缉者勋章】，品质提升为蓝色"",""·获得3个【追缉者勋章】，品质提升为紫色"",""·获得4个【追缉者勋章】，品质提升为橙色""]"											
13019708	999	2	2		冰心皇·扎克数据样本	收藏品	空中花园收集到的作战残响，根据不同档位显示不同品质。模拟与冰心皇·扎克的作战后即可获得，即便是部分样本也散发出神秘的力量。	通过玩法【冰心统合】获得	12112		Assets/Product/Texture/Image/UiCollection/Iconcollection232.png	Assets/Product/Ui/ComponentPrefab/UiCollection/CollectionStyleOne.prefab		[990340,990341,990342]	[3,4,5]	"[""·获得2个【冰心皇·扎克数据样本】，品质提升为蓝色"",""·获得3个【冰心皇·扎克数据样本】，品质提升为紫色"",""·获得5个【冰心皇·扎克数据样本】，品质提升为橙色""]"											
13019709	999	2	5		冬冕的凋亡	收藏品	“我将永远爱着，我的祖国。”	通过主线【冬冕的凋亡】获得	12113		Assets/Product/Texture/Image/UiCollection/Iconcollection234.png	Assets/Product/Ui/ComponentPrefab/UiCollection/CollectionStyleOne.prefab															
13019710	999	2	2		冬凝	收藏品	凛冬以冰封的慈悲，赦免了春日的凋灭。盛放在琥珀中的死亡，让枯荣在此沉默。这是被封缄的春秋交转，亦是一场漫长至无法故去的告别。	通过玩法【故去者言别】获得	12114		Assets/Product/Texture/Image/UiCollection/Iconcollection233.png	Assets/Product/Ui/ComponentPrefab/UiCollection/CollectionStyleOne.prefab		[990343,990344,990345]	[3,4,5]	"[""·获得2个【冬凝】，品质提升为蓝色"",""·获得3个【冬凝】，品质提升为紫色"",""·获得4个【冬凝】，品质提升为橙色""]"											
13019711	999	2	2		玛格丽特数据样本	收藏品	空中花园收集到的作战残响，根据不同档位显示不同品质。模拟与玛格丽特的作战后即可获得，即便是部分样本也散发出神秘的力量。	通过玩法【枯枝遗光】获得	12115		Assets/Product/Texture/Image/UiCollection/Iconcollection235.png	Assets/Product/Ui/ComponentPrefab/UiCollection/CollectionStyleOne.prefab		[990346,990347,990348]	[3,4,5]	"[""·获得2个【玛格丽特数据样本】，品质提升为蓝色"",""·获得3个【玛格丽特数据样本】，品质提升为紫色"",""·获得5个【玛格丽特数据样本】，品质提升为橙色""]"											
13019712	999	2	5		更美好的明天	收藏品	只要记着回头看，就一定会迎来重逢的瞬间。	通过主线【更美好的明天】获得	12116		Assets/Product/Texture/Image/UiCollection/Iconcollection238.png	Assets/Product/Ui/ComponentPrefab/UiCollection/CollectionStyleOne.prefab															
13019713	999	2	2		金树枝环	收藏品	少女循着记忆制作的手环，由从卡赫季折下的细小枝条编织而成。当年，正是从那里开始，天空染上了异样的光。据说，若将这些枝条紧紧缠在手腕，或许能让逐渐剥落的记忆稍作停留。只是当旧日的余烬复燃时，少女一路追寻的故乡已不再是往昔模样。	通过玩法【溯忆者寻乡】获得	12117		Assets/Product/Texture/Image/UiCollection/Iconcollection237.png	Assets/Product/Ui/ComponentPrefab/UiCollection/CollectionStyleOne.prefab		[990349,990350,990351]	[3,4,5]	"[""·获得2个【金树枝环】，品质提升为蓝色"",""·获得3个【金树枝环】，品质提升为紫色"",""·获得4个【金树枝环】，品质提升为橙色""]"											
13019714	999	2	5		“小小加百列”玩偶	收藏品	“藏品的意义由收藏者来赋予，不需要外人作任何评论。”	通过愚人节邮件【奇怪的愚人节玩笑】获得	12118		Assets/Product/Texture/Image/UiCollection/Iconcollection236.png	Assets/Product/Ui/ComponentPrefab/UiCollection/CollectionStyleOne.prefab															
13019715	999	2	2		“埃则忒”数据样本	收藏品	空中花园收集到的作战残响，根据不同档位显示不同品质。模拟与“埃则忒”的作战后即可获得，即便是部分样本也散发出神秘的力量。	通过玩法【故门柩歌】获得	12119		Assets/Product/Texture/Image/UiCollection/Iconcollection241.png	Assets/Product/Ui/ComponentPrefab/UiCollection/CollectionStyleOne.prefab		[990355,990356,990357]	[3,4,5]	"[""·获得2个【“埃则忒”数据样本】，品质提升为蓝色"",""·获得3个【“埃则忒”数据样本】，品质提升为紫色"",""·获得5个【“埃则忒”数据样本】，品质提升为橙色""]"											
13019716	999	2	5		烈日将烬	收藏品	你曾是追逐烈阳的不死鸟，你已是光芒万丈的太阳。	通过浮点纪实【烈日将烬】获得	12120		Assets/Product/Texture/Image/UiCollection/Iconcollection242.png	Assets/Product/Ui/ComponentPrefab/UiCollection/CollectionStyleOne.prefab															
13019717	999	2	2		太阳之心	收藏品	太阳距离地球1.496亿千米，那可能是人类穷尽一生都无法企及的彼岸。但，即便存在着如同生死两隔般的距离，太阳的光辉仍旧如约抵达这颗渺小星球之上，造就世间的夜晚与白昼，如灵魂般恒久又温柔地陪伴着生命中的喜与悲。人们会安心地于黑夜中陷入沉眠，因为每个人都知道，明天的太阳仍旧会照常升起。	通过玩法【逐日者复归】获得	12121		Assets/Product/Texture/Image/UiCollection/Iconcollection239.png	Assets/Product/Ui/ComponentPrefab/UiCollection/CollectionStyleOne.prefab		[990358,990359,990360]	[3,4,5]	"[""·获得2个【太阳之心】，品质提升为蓝色"",""·获得3个【太阳之心】，品质提升为紫色"",""·获得4个【太阳之心】，品质提升为橙色""]"											
13019718	999	2	2		狩网缉猎令	收藏品	这是一份几乎锈蚀在悬赏系统中的赏格。它只为一种人而准备：那些能单枪匹马将目标缉拿归案的孤狼。当悬赏最终被注销的时候，便只意味着一件事——完成它的猎手，已不再是追逐传奇的人，他本身，就是活着的传奇。	通过玩法【疾速追缉】获得	12122		Assets/Product/Texture/Image/UiCollection/Iconcollection240.png	Assets/Product/Ui/ComponentPrefab/UiCollection/CollectionStyleOne.prefab		[990361,990362,990363]	[3,4,5]	"[""·获得2个【狩网缉猎令】，品质提升为蓝色"",""·获得3个【狩网缉猎令】，品质提升为紫色"",""·获得4个【狩网缉猎令】，品质提升为橙色""]"											
13019719	999	2	2		“先遣队”数据样本	收藏品	空中花园收集到的作战残响，根据不同档位显示不同品质。模拟与“先遣队”的作战后即可获得，即便是部分样本也散发出神秘的力量。	通过玩法【雾宇瞭望】获得	12124		Assets/Product/Texture/Image/UiCollection/Iconcollection246.png	Assets/Product/Ui/ComponentPrefab/UiCollection/CollectionStyleOne.prefab		[990364,990365,990366]	[3,4,5]	"[""·获得2个【“先遣队”数据样本】，品质提升为蓝色"",""·获得3个【“先遣队”数据样本】，品质提升为紫色"",""·获得5个【“先遣队”数据样本】，品质提升为橙色""]"											
13019720	999	2	5		长路归航	收藏品	同一艘方舟，同一片星空。远离故乡的游子将踏上归途，独身一人的神明将走向陌路。即使终将分离，远去的脚步声也会永远共享着初见时的节拍。	通过主线【长路归航】获得	12125		Assets/Product/Texture/Image/UiCollection/Iconcollection247.png	Assets/Product/Ui/ComponentPrefab/UiCollection/CollectionStyleOne.prefab															
13019721	999	2	2		“起点”	收藏品	在模糊且遥远的世界，曾有过一段幸福的时光，曾有过一场未曾完成的约定。一切都璀璨得闪闪发光。但宇宙并不怜悯这场未曾完成的约定。在无尽的循环中，痛苦与遗憾酿成苦涩的爱。她渴望的，不过是一个归宿。	通过玩法【戴冠者长存】获得	12126		Assets/Product/Texture/Image/UiCollection/Iconcollection245.png	Assets/Product/Ui/ComponentPrefab/UiCollection/CollectionStyleOne.prefab		[990367,990368,990369]	[3,4,5]	"[""·获得2个【“起点”】，品质提升为蓝色"",""·获得3个【“起点”】，品质提升为紫色"",""·获得4个【“起点”】，品质提升为橙色""]"											
13019722	999	2	2		血锈勋章	收藏品	这枚兵牌编号已经模糊，弹孔里嵌着火药残渣，暗红血迹沿刻痕凝结成痂，但指尖触到冰冷金属时，仍能觉出硝烟的灼热与猎手胸前的余温。	通过玩法【疾速追缉】获得	12127		Assets/Product/Texture/Image/UiCollection/Iconcollection244.png	Assets/Product/Ui/ComponentPrefab/UiCollection/CollectionStyleOne.prefab		[990370,990371,990372]	[3,4,5]	"[""·获得2个【血锈勋章】，品质提升为蓝色"",""·获得3个【血锈勋章】，品质提升为紫色"",""·获得4个【血锈勋章】，品质提升为橙色""]"											
13019723	999	2	5		未来的回响	收藏品	在广袤的银河中，少女触到一面澄亮的镜，其中映出的身影竟是未来的自己，她因众人的托举而奔赴至此。所有跋涉终将于此相遇，所有回响，也终在此刻共鸣。                 感谢所有与《战双：帕弥什》一直同行的指挥官。	通过「科幻游戏」获奖纪念藏品邮件领取	12123		Assets/Product/Texture/Image/UiCollection/Iconcollection243.png	Assets/Product/Ui/ComponentPrefab/UiCollection/CollectionStyleOne.prefab															
13019724	999	2	2		塔维斯·斯贝尔穆数据样本	收藏品	空中花园收集到的作战残响，根据不同档位显示不同品质。模拟与塔维斯·斯贝尔穆的作战后即可获得，即便是部分样本也散发出神秘的力量。	通过玩法【葬途残声】获得	12128		Assets/Product/Texture/Image/UiCollection/Iconcollection249.png	Assets/Product/Ui/ComponentPrefab/UiCollection/CollectionStyleOne.prefab		[990373,990374,990375]	[3,4,5]	"[""·获得2个【塔维斯·斯贝尔穆数据样本】，品质提升为蓝色"",""·获得3个【塔维斯·斯贝尔穆数据样本】，品质提升为紫色"",""·获得5个【塔维斯·斯贝尔穆数据样本】，品质提升为橙色""]"											
13019725	999	2	5		孑念空行	收藏品	她隐于梦里，宛如雪融于火中。	通过浮点纪实【孑念空行】获得	12129		Assets/Product/Texture/Image/UiCollection/Iconcollection248.png	Assets/Product/Ui/ComponentPrefab/UiCollection/CollectionStyleOne.prefab															
13019726	999	2	2		《邻居侠》典藏CD	收藏品	黄金时代家喻户晓的英雄电影《邻居侠》系列限量典藏CD。光影褪去，薄薄的银盘如同被岁月打磨的琥珀，封存着少女童年的回忆。荧幕里那句关于责任与能力的誓言，在潜移默化中沉淀为她的人生信条。即便隔着悠远岁月，那句话仍像一簇微小的火苗，一次次引燃她深埋心底的余温。当少女回望来路时，目光依然坚定而温柔。	通过玩法【通晓者难明】获得	12130		Assets/Product/Texture/Image/UiCollection/Iconcollection253.png	Assets/Product/Ui/ComponentPrefab/UiCollection/CollectionStyleOne.prefab		[990376,990377,990378]	[3,4,5]	"[""·获得2个【《邻居侠》典藏CD】，品质提升为蓝色"",""·获得3个【《邻居侠》典藏CD】，品质提升为紫色"",""·获得4个【《邻居侠》典藏CD】，品质提升为橙色""]"											
13019727	999	2	5		执炬-暗域独行	收藏品	在黑暗中独自前行，即便真相已被迷雾所笼罩，但前行的勇气依旧如同暗夜中的明灯，永远不会熄灭。	通过玩法【雾夜镇魂曲】获得	12131		Assets/Product/Texture/Image/UiCollection/Iconcollection250.png	Assets/Product/Ui/ComponentPrefab/UiCollection/CollectionStyleOne.prefab						1									
13019728	999	2	5		寻迹-暗域独行	收藏品	在黑暗中独自前行，即便真相已被迷雾所笼罩，但前行的勇气依旧如同暗夜中的明灯，永远不会熄灭。	通过玩法【雾夜镇魂曲】获得	12132		Assets/Product/Texture/Image/UiCollection/Iconcollection251.png	Assets/Product/Ui/ComponentPrefab/UiCollection/CollectionStyleOne.prefab						1									
13019729	16	2	5		破妄-暗域独行	收藏品	在黑暗中独自前行，即便真相已被迷雾所笼罩，但前行的勇气依旧如同暗夜中的明灯，永远不会熄灭。	通过玩法【雾夜镇魂曲】获得	12133		Assets/Product/Texture/Image/UiCollection/Iconcollection252.png	Assets/Product/Ui/ComponentPrefab/UiCollection/CollectionStyleOne.prefab	1					1				1					
13019730	999	2	2		曼南M-1A数据样本	收藏品	空中花园收集到的作战残响，根据不同档位显示不同品质。模拟与Boss的作战后即可获得，即便是部分样本也散发出神秘的力量。	通过玩法【怒海翻澜】获得	12134		Assets/Product/Texture/Image/UiCollection/Iconcollection256.png	Assets/Product/Ui/ComponentPrefab/UiCollection/CollectionStyleOne.prefab		[990379,990380,990381]	[3,4,5]	"[""·获得2个【曼南M-1A数据样本】，品质提升为蓝色"",""·获得3个【曼南M-1A数据样本】，品质提升为紫色"",""·获得5个【曼南M-1A数据样本】，品质提升为橙色""]"											
13019731	999	2	5		歧海循光	收藏品	最接近光明者，往往最先陨落。	通过主线【歧海循光】获得	12135		Assets/Product/Texture/Image/UiCollection/Iconcollection257.png	Assets/Product/Ui/ComponentPrefab/UiCollection/CollectionStyleOne.prefab															
13019732	999	2	2		舶锚吊坠	收藏品	船锚形状的吊坠，打磨得十分精细。大海一望无际，有太多的故事沉入深深海底，无人倾听。日升月落，潮汐往复。相望的目光越过万里海浪，固执地对抗着漫长的遗忘。	通过玩法【浮浪者破幻】获得	12136		Assets/Product/Texture/Image/UiCollection/Iconcollection255.png	Assets/Product/Ui/ComponentPrefab/UiCollection/CollectionStyleOne.prefab		[990385,990386,990387]	[3,4,5]	"[""·获得2个【舶锚吊坠】，品质提升为蓝色"",""·获得3个【舶锚吊坠】，品质提升为紫色"",""·获得4个【舶锚吊坠】，品质提升为橙色""]"											
13019733	999	2	2		模糊的悬赏令？	收藏品	悬赏令上的人物形象似乎有些……分辨率不够的样子。这样真的能抓捕到这位传奇人物吗？	通过玩法【疾速追缉】获得	12137		Assets/Product/Texture/Image/UiCollection/Iconcollection259.png	Assets/Product/Ui/ComponentPrefab/UiCollection/CollectionStyleOne.prefab		[990388,990389,990390]	[3,4,5]	"[""·获得2个【模糊的悬赏令？】，品质提升为蓝色"",""·获得3个【模糊的悬赏令？】，品质提升为紫色"",""·获得4个【模糊的悬赏令？】，品质提升为橙色""]"											
13019734	999	2	2		“最幸运的一天”	收藏品	潜藏在商业街角落，传说中奖率仅有0.1%、几乎无人目睹过其真容的黑猫款毛绒扭蛋摆件。据说只要能拥有它，便等于将幸运握在手中。而如今，这份奇迹正静静躺在你的掌心。	通过玩法【溯时者逆洄】获得	12139		Assets/Product/Texture/Image/UiCollection/Iconcollection254.png	Assets/Product/Ui/ComponentPrefab/UiCollection/CollectionStyleOne.prefab		[990391,990392,990393]	[3,4,5]	"[""·获得2个【“最幸运的一天”】，品质提升为蓝色"",""·获得3个【“最幸运的一天”】，品质提升为紫色"",""·获得4个【“最幸运的一天”】，品质提升为橙色""]"											
13019735	999	2	5		合奏之帧	收藏品	此刻的舞台，此时的盛会，此帧的声乐，留影其中。	通过音乐会纪念邮件【同频相汇，音忆镌留】获得	12138		Assets/Product/Texture/Image/UiCollection/Iconcollection258.png	Assets/Product/Ui/ComponentPrefab/UiCollection/CollectionStyleOne.prefab															
13019736	999	2	2		露莎卡·巡洋猎锋数据样本	收藏品	空中花园收集到的作战残响，根据不同档位显示不同品质。模拟与露莎卡·巡洋猎锋的作战后即可获得，即便是部分样本也散发出神秘的力量。	通过玩法【悍猎季风】获得	12140		Assets/Product/Texture/Image/UiCollection/Iconcollection262.png	Assets/Product/Ui/ComponentPrefab/UiCollection/CollectionStyleOne.prefab		[990409,990410,990411]	[3,4,5]	"[""·获得2个【露莎卡·巡洋猎锋数据样本】，品质提升为蓝色"",""·获得3个【露莎卡·巡洋猎锋数据样本】，品质提升为紫色"",""·获得5个【露莎卡·巡洋猎锋数据样本】，品质提升为橙色""]"											
13019737	999	2	5		远信回响	收藏品	大西洋的魂灵长眠不醒，大西洋的孩子长夜守望。	通过主线【远信回响】获得	12141		Assets/Product/Texture/Image/UiCollection/Iconcollection260.png	Assets/Product/Ui/ComponentPrefab/UiCollection/CollectionStyleOne.prefab															
13019738	999	2	2		旧邦旗	收藏品	略显褪色的旗帜半卷半舒，赤红与铅灰的羽翼交叠，无声地宣告着，他们曾振翅于同一片天空，讲述过同一种语言。	通过玩法【执炬者望海】获得	12142		Assets/Product/Texture/Image/UiCollection/Iconcollection263.png	Assets/Product/Ui/ComponentPrefab/UiCollection/CollectionStyleOne.prefab		[990415,990416,990417]	[3,4,5]	"[""·获得2个【旧邦旗】，品质提升为蓝色"",""·获得3个【旧邦旗】，品质提升为紫色"",""·获得4个【旧邦旗】，品质提升为橙色""]"											
13019739	999	2	5		薪念不熄	收藏品	演算结束的坐标上，先行者将武器留在了原地。那段战斗数据始终未被清除，因为后来者需要知道有人来到过这里。	通过玩法【超频演算】获得	12143		Assets/Product/Texture/Image/UiCollection/Iconcollection264.png	Assets/Product/Ui/ComponentPrefab/UiCollection/CollectionStyleOne.prefab															
13019740	15	2	5		忽悠噗悠~	收藏品	忽忽希望你以后也能遇到，好多好多的朋友。	通过玩法【忽忽破坏王】获得	12144		Assets/Product/Texture/Image/UiCollection/Iconcollection261.png	Assets/Product/Ui/ComponentPrefab/UiCollection/CollectionStyleOne.prefab	1					1						[3]			
