CharacterId	BaseCharacterIds	TargetName
1011002	[5001,5002]	"[""输出进阶"",""输出入门""]"
1021001	[5003,5004]	"[""输出进阶"",""输出入门""]"
1031001	[5005,5006]	"[""辅助进阶"",""辅助入门""]"
1041002	[5007,5008]	"[""输出进阶"",""输出入门""]"
1051001	[5009,5010]	"[""辅助进阶"",""辅助入门""]"
1061002	[5011,5012]	"[""辅助进阶"",""辅助入门""]"
1071002	[5013,5014]	"[""输出进阶"",""输出入门""]"
1081002	[5015,5016]	"[""输出进阶"",""输出入门""]"
1021002	[5017,5018]	"[""输出进阶"",""输出入门""]"
1031002	[5019,5020]	"[""辅助进阶"",""辅助入门""]"
1011003	[5021,5022]	"[""输出进阶"",""输出入门""]"
1031003	[5023,5024]	"[""辅助进阶"",""辅助入门""]"
1061003	[5025,5026]	"[""辅助进阶"",""辅助入门""]"
1071003	[5027,5028]	"[""输出进阶"",""输出入门""]"
1051003	[5029,5030]	"[""辅助进阶"",""辅助入门""]"
1021003	[5031,5032]	"[""输出进阶"",""输出入门""]"
1081003	[5033,5034]	"[""输出进阶"",""输出入门""]"
1091002	[5035,5036]	"[""辅助进阶"",""辅助入门""]"
1041003	[5037,5038]	"[""输出进阶"",""输出入门""]"
1111002	[5039,5040]	"[""辅助进阶"",""辅助入门""]"
1121002	[5041,5042]	"[""辅助进阶"",""辅助入门""]"
1021004	[5043,5044]	"[""输出进阶"",""输出入门""]"
1131002	[5045,5046]	"[""辅助进阶"",""辅助入门""]"
1141003	[5047,5048]	"[""辅助进阶"",""辅助入门""]"
1521003	[5049,5050]	"[""输出进阶"",""输出入门""]"
1161002	[5051,5052]	"[""辅助进阶"",""辅助入门""]"
1181003	[5053,5054]	"[""输出进阶"",""输出入门""]"
1191003	[5055,5056]	"[""辅助进阶"",""辅助入门""]"
1201003	[5057,5058]	"[""输出进阶"",""输出入门""]"
1171003	[5059,5060]	"[""输出进阶"",""输出入门""]"
1511003	[5061,5062]	"[""输出进阶"",""输出入门""]"
1531003	[5063,5064]	"[""输出进阶"",""输出入门""]"
1211002	[5065,5066]	"[""辅助进阶"",""辅助入门""]"
1121003	[5067,5068]	"[""辅助进阶"",""辅助入门""]"
1221002	[5069,5070]	"[""辅助进阶"",""辅助入门""]"
1131003	[5071,5072]	"[""辅助进阶"",""辅助入门""]"
1541003	[5073,5074]	"[""输出进阶"",""输出入门""]"
1031004	[5075,5076,5077]	"[""辅助进阶"",""辅助入门"",""输出进阶""]"
1531004	[5078,5079]	"[""辅助进阶"",""辅助入门""]"
1551003	[5080,5081]	"[""输出进阶"",""输出入门""]"
1051004	[5082,5083]	"[""辅助进阶"",""辅助入门""]"
1561003	[5084,5085]	"[""输出进阶"",""输出入门""]"
1071004	[5086,5087]	"[""辅助进阶"",""辅助入门""]"
1571003	[5088,5089]	"[""输出进阶"",""输出入门""]"
1041004	[5090,5091,5092,5093]	"[""必杀加速进阶"",""必杀加速入门"",""物理增强进阶"",""输出进阶""]"
1231002	[5094,5095,5099,5100]	"[""输出进阶"",""输出入门"",""三消强化"",""三消强化入门""]"
1011004	[5096,5097,5098]	"[""必杀加速进阶"",""必杀加速入门"",""输出进阶""]"
1091003	[5101,5102]	"[""输出进阶"",""输出入门""]"
1021005	[5103,5104,5105]	"[""必杀加速进阶"",""必杀加速入门"",""输出进阶""]"
1241002	[5106,5107]	"[""辅助进阶"",""辅助入门""]"
1221003	[5108,5109,5110,5111]	"[""输出进阶"",""辅助进阶"",""必杀加速入门"",""辅助入门""]"
1251002	[5112,5113]	"[""输出进阶"",""输出入门""]"
1261003	[5114,5115,5116,5117]	"[""辅助进阶"",""输出进阶"",""辅助入门"",""输出入门""]"
1271003	[5118,5119]	"[""输出进阶"",""输出入门""]"
1281002	[5120,5121]	"[""输出进阶"",""输出入门""]"
1081004	[5122,5123]	"[""辅助进阶"",""辅助入门""]"
1521004	[5124,5125]	"[""输出进阶"",""输出入门""]"
1291002	[5126,5127]	"[""辅助进阶"",""辅助入门""]"
1171004	[5128,5129]	"[""输出进阶"",""输出入门""]"
1301002	[5130,5131]	"[""辅助进阶"",""辅助入门""]"
1241003	[5132,5133]	"[""辅助进阶"",""辅助入门""]"
1211003	[5134,5135]	"[""辅助进阶"",""辅助入门""]"
1021006	[5136,5137]	"[""输出进阶"",""输出入门""]"
1311002	[5138,5139]	"[""输出进阶"",""输出入门""]"
1051005	[5140,5141]	"[""辅助进阶"",""辅助入门""]"
1321003	[5142,5143,5144,5145]	"[""装甲型进阶"",""装甲型入门"",""增幅型进阶"",""增幅型入门""]"
1331003	[5146,5147]	"[""辅助进阶"",""辅助入门""]"
1531005	[5148,5149]	"[""输出进阶"",""输出入门""]"
1341002	[5150,5151]	"[""输出进阶"",""输出入门""]"
1131004	[5152,5153]	"[""输出进阶"",""输出入门""]"
1351003	[5154,5155]	"[""输出进阶"",""输出入门""]"
1361003	[5156,5157]	"[""输出进阶"",""输出入门""]"
1041005	[5158,5159]	"[""输出进阶"",""输出入门""]"
1371002	[5160,5161]	"[""输出进阶"",""输出入门""]"
1381003	[5162,5163]	"[""辅助进阶"",""辅助入门""]"
1031005	[5164,5165]	"[""输出进阶"",""输出入门""]"
1291003	[5166,5167]	"[""辅助进阶"",""辅助入门""]"
1141004	[5168,5169]	"[""破甲型进阶"",""破甲型入门""]"
1391003	[5170,5171]	"[""增幅型进阶"",""增幅型入门""]"
1061004	[5172,5173]	"[""破甲型进阶"",""破甲型入门""]"
1021007	[5174,5175]	"[""输出进阶"",""输出入门""]"
1401003	[5176,5177]	"[""增幅型进阶"",""增幅型入门""]"
1071005	[5178,5179]	"[""破甲型进阶"",""破甲型入门""]"
1411003	[5180,5181]	"[""输出进阶"",""输出入门""]"
1421003	[5182,5183]	"[""聚变型进阶"",""聚变型入门""]"
