Id	Quality	Priority	Name	Description	WorldDescription	Icon	BigIcon	SkipIdParams	ModelTransId	ShopIcon
12010001	5	101	寻途黑羊	新生活系列——双枪	若用往日的偏航来解读自我，便会将自己定义为“害群者”。但没有人会被永远困在过去，出膛的子弹将获得全新的目标，即便是“武器”也会寻回本真的色彩。	Assets/Product/Texture/Image/IconToolsSp/E3GunMd120011Sp.png	Assets/Product/Texture/Image/IconTools/E3GunMd120011.png	[80051]	[20170111,20170112]	Assets/Product/Texture/Image/IconCoating/IconCoating12010001.png
12010002	5	102	碧海狂鲨	阔海秘闻系列——双枪	原本是黄金时代映画晨星推出的超人气商品，被改装后变成了防水性能超强的武器，内含包括指甲剪和锉刀等12种便利生活的日常工具。外部涂装在某人的建议下保持原样，如果因为它可爱的外表而对它的火力产生错误的认识，那就太天真了。	Assets/Product/Texture/Image/IconToolsSp/E3GunMd130011Sp.png	Assets/Product/Texture/Image/IconTools/E3GunMd130011.png	[80107]	[20170211,20170212]	Assets/Product/Texture/Image/IconCoating/IconCoating12010002.png
12020001	5	201	粉樱	霓裳系列——太刀	本为百戏班成员表演刀舞所用，舞动时似有花瓣落下。	Assets/Product/Texture/Image/IconToolsSp/E3SwordMd140111Sp.png	Assets/Product/Texture/Image/IconTools/E3SwordMd140111.png	[80005,80112]	[20270111]	Assets/Product/Texture/Image/IconCoating/IconCoating80001.png
12020002	5	202	卢佩卡里亚	游诗歌谣系列——太刀	用现代技术再现了据说是远古时代牧神之刃才能实现的威能。 巧克力盒中，是你命定之人的名字——古老的王权已经随风而逝，只有这奇妙的风俗依然在某处存续。 来吧，从这盒子里抽出你的归宿——时间，不限。	Assets/Product/Texture/Image/IconToolsSp/E3SwordMd160011Sp.png	Assets/Product/Texture/Image/IconTools/E3SwordMd160011.png	[80003]	[20270211]	Assets/Product/Texture/Image/IconCoating/IconCoating12020002.png
12020003	5	203	影打—残光	时节系列——太刀	如同落日一般，眼前的刀刃正在散发着红色的辉光。仅仅只是残料，在特殊的加工下也会出现这样的变化。就算这么做了刀身的性能也不会有丝毫的变化，但是却能让人下意识的觉得这样的刀刃也许会更加锋利。所谓的‘颜色’便是有这奇妙的功效。	Assets/Product/Texture/Image/IconToolsSp/E3SwordMd080012Sp.png	Assets/Product/Texture/Image/IconTools/E3SwordMd080012.png		[20270311]	Assets/Product/Texture/Image/IconCoating/IconCoating12020003.png
12020004	5	204	骨鳞锋刃	阔海秘闻系列——太刀	你以为人鱼没有守护自己的手段吗？它们以骨为芯，披作鳞甲，铸成锋刃，将自己牢牢保护起来——从身躯到心灵，再到身后那个重要的人。	Assets/Product/Texture/Image/IconToolsSp/E3SwordMd180011Sp.png	Assets/Product/Texture/Image/IconTools/E3SwordMd180011.png	[80026]	[20270411]	Assets/Product/Texture/Image/IconCoating/IconCoating12020004.png
12020005	5	205	暮色仪典	放逐乐园系列——太刀	在薄暮的挽歌中交换永久的誓言，离群的恶魔用赤血铸成契约的锋刃。无需付出任何代价，她会永远陪在你的身边。	Assets/Product/Texture/Image/IconToolsSp/E3SwordMd190011Sp.png	Assets/Product/Texture/Image/IconTools/E3SwordMd190011.png	[80096]	[20270511]	Assets/Product/Texture/Image/IconCoating/IconCoating12020005.png
12030001	5	301	科德韦尔-49	圣誓系列——浮游炮	此款浮游炮以遥远星海中的玫瑰为名。早在黄金时代，便有人称宇宙为终极的浪漫。当然，如果可以将这样的浪漫量化为输出能力，一定是相当令人愉快的课题。 无论从外形或是输出功率来看都无可挑剔，除了对使用者瞄准技术的硬性要求外，它无懈可击。	Assets/Product/Texture/Image/IconToolsSp/E3FloatMd100011Sp.png	Assets/Product/Texture/Image/IconTools/E3FloatMd100011.png		[20370111,20370112]	Assets/Product/Texture/Image/IconCoating/IconCoating12030001.png
12030002	5	302	白金天鹅	新生活系列——浮游炮	优雅而修长的身姿，时常让人忘记她其实是执行部队构造体所使用的武器。 正如大家总会被天鹅美丽的身姿所吸引，而在不经意间忽视了它其实是具有攻击性的事实。	Assets/Product/Texture/Image/IconToolsSp/E3FloatMd120011Sp.png	Assets/Product/Texture/Image/IconTools/E3FloatMd120011.png	[80028]	[20370311,20370312]	Assets/Product/Texture/Image/IconCoating/IconCoating12030002.png
12031001	5	303	轻丝俏	时节系列——浮游炮	春风拂叶梢，朴树林间散芳华，佳人静等君。	Assets/Product/Texture/Image/IconToolsSp/E3FloatMd110011Sp.png	Assets/Product/Texture/Image/IconTools/E3FloatMd110011.png	[80015]	[30370111,30370112]	Assets/Product/Texture/Image/IconCoating/IconCoating12031001.png
12040001	5	401	紫鸢	霓裳系列——弓	美丽的事物总是伴随着危险，就如同这把弓一样。	Assets/Product/Texture/Image/IconToolsSp/E3BowMd090011Sp.png	Assets/Product/Texture/Image/IconTools/E3BowMd090011.png	[10030,80128]	[20470111]	Assets/Product/Texture/Image/IconCoating/IconCoating80002.png
12040002	5	402	纯白圣赞	圣誓系列——弓	如其名字一般，是一把仪式感大于实用性的武器。它应该出现在更为圣洁美好的地方，而不是兵戈相见的战场之上。	Assets/Product/Texture/Image/IconToolsSp/E3BowMd100011Sp.png	Assets/Product/Texture/Image/IconTools/E3BowMd100011.png		[20470211]	Assets/Product/Texture/Image/IconCoating/IconCoating12040002.png
12040003	5	403	夤夜惊鸿	霓裳系列——弓	无论是设计风格还是铸造技艺，都沿袭了传统猎弓的经典范式。凝重内敛的黑金弓臂和隐约亮起的星点红光总能让人联想到在暗处静静蛰伏的猎手。当弦音响起，猎物便无所遁形。	Assets/Product/Texture/Image/IconToolsSp/E3BowMd110011Sp.png	Assets/Product/Texture/Image/IconTools/E3BowMd110011.png	[80048,80049]	[20470311]	Assets/Product/Texture/Image/IconCoating/IconCoating12040003.png
12040004	5	404	旭日与希望之愿	往昔重绽系列——弓	那是少女最纯真的梦境，粉色的长弓张开双翼，将洋溢的热情与希望的祈愿注入箭矢，射向黎明前的黑暗。当破晓来临，少女穿梭在议论声中，窥见了熟悉的背影。粉色的弓弦于此刻偷偷绷紧，不仅是消灭邪恶的力量，它似乎还拥有着丘比特的魔法。	Assets/Product/Texture/Image/IconToolsSp/E3BowMd120011Sp.png	Assets/Product/Texture/Image/IconTools/E3BowMd120011.png	[80076]	[20470411]	Assets/Product/Texture/Image/IconCoating/IconCoating12040004.png
12040005	5	405	巡夜之弧	新生活系列——弓	在雨夜与霓虹灯光之间，总有鹰隼的目光注视着都会里每一处孳生罪恶的角落——不必害怕，对于正义而言，长夜永远有人照亮。	Assets/Product/Texture/Image/IconToolsSp/E3BowMd140011Sp.png	Assets/Product/Texture/Image/IconTools/E3BowMd140011.png	[80108,80110]	[20470511]	Assets/Product/Texture/Image/IconCoating/IconCoating12040005.png
12040006	5	406	遐夜·罔梦欢颂	游诗歌谣系列——弓	即使夜被暮色淹没，依然有星尘穿透帷幕，将梦想与祈愿化作星矢，守护这残缺世界中的欢笑与歌谣。	Assets/Product/Texture/Image/IconToolsSp/E3BowMd150011Sp.png	Assets/Product/Texture/Image/IconTools/E3BowMd150011.png	[80171]	[20470611]	Assets/Product/Texture/Image/IconCoating/IconCoating12040006.png
12040007	5	407	热夏虹弦	阔海秘闻系列——弓	水纹在阳光下熠熠，热夏的幻景伴随弦鸣。色彩逐渐晕染，与椰林一起摇曳。遥望天际，数道虹光隐现如同幻影。	Assets/Product/Texture/Image/IconToolsSp/E3BowMd160011Sp.png	Assets/Product/Texture/Image/IconTools/E3BowMd160011.png	[80242]	[20470711]	Assets/Product/Texture/Image/IconCoating/IconCoating12040007.png
12050001	5	501	鲨齿	阔海秘闻系列——电锯	“Aloha！鲨鱼要来咯！什么，鲨鱼不是这么叫的？不要在意这些细节啦！”——鲨鱼属性满载的Na☆na☆mi	Assets/Product/Texture/Image/IconToolsSp/E3SawMd110011Sp.png	Assets/Product/Texture/Image/IconTools/E3SawMd110011.png	[80025]	[20570111]	Assets/Product/Texture/Image/IconCoating/IconCoating12050001.png
12050002	5	502	南瓜咧嘴笑	放逐乐园系列——电锯	“这样狂欢的节日，怎么能少了欢笑！把这南瓜这样，再这样一下——瞧，它笑得多开心呀！”	Assets/Product/Texture/Image/IconToolsSp/E3SawMd120011Sp.png	Assets/Product/Texture/Image/IconTools/E3SawMd120011.png	[80037,80112]	[20570211]	Assets/Product/Texture/Image/IconCoating/IconCoating12050002.png
12060001	5	601	米斯基之剑	放逐乐园系列——大剑	以亡灵节为主题制作的大剑，用高络合金铸造而成。简单粗暴外形，简单粗暴的强韧度，适合简单粗暴的使用者。	Assets/Product/Texture/Image/IconToolsSp/E3ClaymoreMd090011Sp.png	Assets/Product/Texture/Image/IconTools/E3ClaymoreMd090011.png		[20670111]	Assets/Product/Texture/Image/IconCoating/IconCoating12060001.png
12060002	5	602	伯利恒之星	新生活系列——大剑	以圣诞树为原型制作的大剑，剑尖的伯利恒之星紧紧吸附在剑身之上，能够随意甩动而不会被甩飞出去。剑刃并不锋利，但是却有着合适的重量，作为武器来说也有着不错的杀伤力。	Assets/Product/Texture/Image/IconToolsSp/E2ClaymoreMd110011Sp.png	Assets/Product/Texture/Image/IconTools/E2ClaymoreMd110011.png		[10660211]	Assets/Product/Texture/Image/IconCoating/IconCoating12060002.png
12060003	5	603	深海突击	阔海秘闻系列——大剑	剑身大胆地使用了海量柔性填充材料，以应对总是超过承载极限的冲击，这也让整把剑看上去更像是抱枕而非武器。虽然剑（鱼）刃（鳍）上的寒光总能打消掉大部分人抱住它好好睡一觉的想法，但神秘的鱼眼设计却有诱人失魂的魔力，这一点就连武器设计者本人也无法幸免。	Assets/Product/Texture/Image/IconToolsSp/E3ClaymoreMd100011Sp.png	Assets/Product/Texture/Image/IconTools/E3ClaymoreMd100011.png	[80041,80112]	[20670211]	Assets/Product/Texture/Image/IconCoating/IconCoating12060003.png
12060004	5	604	掠影神锋	霓裳系列——大剑	选用了较为含蓄沉稳的暗影配色，来凸显选材的厚重可靠。但使用者却给出了“少了点让人眼前一亮的玩意儿，而且也太正经了”这样的评价。于是那条绛红的绸带便出现在了这把大剑之上。不过恰逢年节，这点装饰倒是画龙点睛，意外地合适。	Assets/Product/Texture/Image/IconToolsSp/E3ClaymoreMd110011Sp.png	Assets/Product/Texture/Image/IconTools/E3ClaymoreMd110011.png	[80048]	[20670311]	Assets/Product/Texture/Image/IconCoating/IconCoating12060004.png
12070001	5	701	开门红	霓裳系列——火炮	以爆竹为原型设计的火箭筒，末端的爆竹可以在攻击时装填进炮身一起发射出去，但是每次发射后都需要等待几秒钟让炮身散热。	Assets/Product/Texture/Image/IconToolsSp/E2SleeveMd110011Sp.png	Assets/Product/Texture/Image/IconTools/E2SleeveMd110011.png	[10030]	[10760111]	Assets/Product/Texture/Image/IconCoating/IconCoating80003.png
12070002	5	702	掌心白雪	圣誓系列——火炮	雪花在掌心消融，沸腾的情感将指间的温度升高，二人一起，将再也不惧寒冬。	Assets/Product/Texture/Image/IconToolsSp/E3SleeveMd090011Sp.png	Assets/Product/Texture/Image/IconTools/E3SleeveMd090011.png	[80014]	[20770111]	Assets/Product/Texture/Image/IconCoating/IconCoating12070001.png
12070003	5	703	啸火猛兽	新生活系列——火炮	虽然经常抱怨设计师搞错了需求，自己想要的是进食的猫科猛兽而不是举起刀叉的萌兽，但其实从未去投诉或者要求更改过。	Assets/Product/Texture/Image/IconToolsSp/E3SleeveMd100011Sp.png	Assets/Product/Texture/Image/IconTools/E3SleeveMd100011.png	[80045]	[20770211]	Assets/Product/Texture/Image/IconCoating/IconCoating12070003.png
12070004	5	704	永夏激浪	阔海秘闻系列——火炮	来吧！让我们点燃这片大海！谁说打水仗非得用水枪？水炮才是王道！	Assets/Product/Texture/Image/IconToolsSp/E3SleeveMd110011Sp.png	Assets/Product/Texture/Image/IconTools/E3SleeveMd110011.png	[80111]	[20770311]	Assets/Product/Texture/Image/IconCoating/IconCoating12070004.png
12080001	5	801	天坼玄溪	霓裳系列——短刀	不以物喜，不以己悲，即使天地解体，亦可化作溪流，巡行其中。正如这两柄短刀，不管外界如何变迁，亦能够承载着九龙的信念传承下去，直至需要它们重新出现的那一天到来。	Assets/Product/Texture/Image/IconToolsSp/E3DaggerMd020011Sp.png	Assets/Product/Texture/Image/IconTools/E3DaggerMd020011.png	[80088]	[20870111,20870112]	Assets/Product/Texture/Image/IconCoating/IconCoating12080001.png
12090001	5	802	荧尘敛愿	游诗歌谣系列——镰刀	在那无人知晓的静谧深处，散落的荧辉点亮了尘沫。黎明将至，收束心愿的花蕾，又会迎来怎样的绽放呢？	Assets/Product/Texture/Image/IconToolsSp/E3SickMd110011Sp.png	Assets/Product/Texture/Image/IconTools/E3SickMd110011.png	[80094]	[20970111]	Assets/Product/Texture/Image/IconCoating/IconCoating12090001.png
12100001	5	1001	龙争竞	霓裳系列——独域·大剑	以端午节的古老庆祝仪式为主题制作的大剑，某位测试者一边抱怨着这种设计应该拿去当展示品，一边忍不住在扬起锋刃劈坏了测试室的墙壁。	Assets/Product/Texture/Image/IconToolsSp/E3KamuMd030011Sp.png	Assets/Product/Texture/Image/IconTools/E3KamuMd030011.png	[80062]	[21060111]	Assets/Product/Texture/Image/IconCoating/IconCoating12100001.png
12110001	5	1101	世界树	地平线系列——枪盾	英雄守护世界，世界成为英雄的助力。 当英雄从世界树上取下枝条，它便成为不灭的神枪。 但与此同时，它仍是世界树。	Assets/Product/Texture/Image/IconToolsSp/E3SpearMd030011Sp.png	Assets/Product/Texture/Image/IconTools/E3SpearMd030011.png	[80010]	[21170211,21170212]	Assets/Product/Texture/Image/IconCoating/IconCoating12110001.png
12110002	5	1102	赤冕耀旆	地平线系列——枪盾	朝阳初生，骑士飞驰在属于她的赛道。她将和你共享胜利的荣耀。让凯旋的辉光，在领奖台高悬的旗帜上燃烧。	Assets/Product/Texture/Image/IconToolsSp/E3SpearMd040011Sp.png	Assets/Product/Texture/Image/IconTools/E3SpearMd040011.png	[80069]	[21170311,21170312]	Assets/Product/Texture/Image/IconCoating/IconCoating12110002.png
12110003	5	1103	耀言誓约	游诗歌谣系列——枪盾	划穿霜雪的声音响彻天空，千万年不朽的英雄传说破空而来，在世人传颂声中，坚定了最终的归宿。凛然生风，耀耀生华，都是她履行誓言的决意。	Assets/Product/Texture/Image/IconToolsSp/E3SpearMd050011Sp.png	Assets/Product/Texture/Image/IconTools/E3SpearMd050011.png	[80135]	[21170411,21170412]	Assets/Product/Texture/Image/IconCoating/IconCoating12110003.png
12130001	5	1301	星瀚云渺	霓裳系列——独域·龙枪	沧海桑田，星瀚茫茫跨枯桑。 人间百态渺渺如云，阅尽银河风浪。 枪身沉沉但纹饰精湛，似是古时旧物。九龙古史宬记载此物曾为赠礼，随信札一封，依稀可见落款小字：鸢。	Assets/Product/Texture/Image/IconToolsSp/E3SabreMd020011Sp.png	Assets/Product/Texture/Image/IconTools/E3SabreMd020011.png	[80005]	[21370111]	Assets/Product/Texture/Image/IconCoating/IconCoating12130001.png
12130002	5	1302	静夜新生	新生活系列——独域·龙枪	忠诚的白犬架起生死的通道，优雅的黑猫驱走险恶的毒蛇。她轻挥手中的权杖，祈愿所有子民都能获得生的希望。	Assets/Product/Texture/Image/IconToolsSp/E3QuMd030011Sp.png	Assets/Product/Texture/Image/IconTools/E3QuMd030011.png	[80042,80112]	[21370211]	Assets/Product/Texture/Image/IconCoating/IconCoating12130002.png
12140001	5	1401	天地一掷	霓裳系列——拳套	江山渺无垠，环城歌未竟。天地赌一掷，去还皆问心。即使尘封已久，拳套周身的金色铭文仍然闪烁着森芒，执此武器者，必定如它的铸造者所期望那般，精诚之心可断金石。	Assets/Product/Texture/Image/IconToolsSp/E3GloveMd020011Sp.png	Assets/Product/Texture/Image/IconTools/E3GloveMd020011.png	[80097]	[21470111,21470112]	Assets/Product/Texture/Image/IconCoating/IconCoating12140001.png
12170001	5	1701	荆棘咏叹	深度腐蚀系列——增幅器	强劲的驱动结合绚丽的外观而诞生出的增幅器。挥舞时似是有繁星洒落，但是不能因此而忽视由它增幅出的恐怖杀伤力。	Assets/Product/Texture/Image/IconToolsSp/E3RingMd020011Sp.png	Assets/Product/Texture/Image/IconTools/E3RingMd020011.png	[80112]	[21770111]	Assets/Product/Texture/Image/IconCoating/IconCoating12170001.png
12170002	5	1702	牡刺	新生活系列——增幅器	增幅器牡刺，由于其超前的缺口设计，内部传输回路被划分得相当复杂且难以理解，它也一度因此被认为注重外观远超性能。然而突破性的创新带来的是全新高度的算力，在其巨大的算力数据前，对这样个性设计再有微词的人都只能认可。	Assets/Product/Texture/Image/IconToolsSp/E3RingMd030011Sp.png	Assets/Product/Texture/Image/IconTools/E3RingMd030011.png	[80020]	[21770211]	Assets/Product/Texture/Image/IconCoating/IconCoating80004.png
12170003	5	1703	云阙清辉	时节系列——增幅器	长风怀玉凭冰栏， 明榭能濯涧影寒。 何意清辉九万里， 故园萑苇尽阑珊。	Assets/Product/Texture/Image/IconToolsSp/E3RingMd040011Sp.png	Assets/Product/Texture/Image/IconTools/E3RingMd040011.png	[80071]	[21770311]	Assets/Product/Texture/Image/IconCoating/IconCoating12170003.png
12170004	5	1704	择晓权愿	游诗歌谣系列——增幅器	被遗忘的旧神夺回失落的权柄，她将以自己的意志行走至黎明。	Assets/Product/Texture/Image/IconToolsSp/E3RingMd050011Sp.png	Assets/Product/Texture/Image/IconTools/E3RingMd050011.png	[80077]	[21770411]	Assets/Product/Texture/Image/IconCoating/IconCoating12170004.png
12180001	5	1801	激浪MK.81改装版	阔海秘闻系列——枪械组	激浪MK.81，原本是黄金时代某第13号财团售卖的玩具。经由万事彻底改装以后，居然真的能够当作武器使用。装配的万事定制能量罐里填充了薄荷味气体，能够确保被击中方与开火方一起清爽一夏。同时，它还保有原本的功能，在闲暇之时可以降低功率，用激爽的寒浪唤醒昏昏欲睡的心灵。	Assets/Product/Texture/Image/IconToolsSp/E3RifleMd030011Sp.png	Assets/Product/Texture/Image/IconTools/E3RifleMd030011.png	[80066]	[21870112,21870111]	Assets/Product/Texture/Image/IconCoating/IconCoating12180001.png
12190001	5	1901	辉月幻想曲	往昔重绽系列——独域·提琴剑	离开熟悉的道路，静静地走进未知的夜晚。闭上眼，无声的乐曲流入长夜，化作柔和的辉光。虽然这里不是思念的故乡，也不是旅程的终点，但旅人啊，请暂为驻足，倾听这由光编织而成的幻想曲。	Assets/Product/Texture/Image/IconToolsSp/E3CelloMd020011Sp.png	Assets/Product/Texture/Image/IconTools/E3CelloMd020011.png	[80031,80112]	[21970111,21970112]	Assets/Product/Texture/Image/IconCoating/IconCoating12190001.png
12190002	5	1902	星夜随想曲	游诗歌谣系列——独域·提琴剑	漫步于田野间，抬头仰望浩瀚无垠星空，张开双臂，聆听微风哼起的歌谣。旅人啊，请暂时放下一切，让自由的心灵飘荡在星与夜中，来感受这肆意而欢快的随想曲。	Assets/Product/Texture/Image/IconToolsSp/E3CelloMd030011Sp.png	Assets/Product/Texture/Image/IconTools/E3CelloMd030011.png		[21970211,21970212]	Assets/Product/Texture/Image/IconCoating/IconCoating12190002.png
12200001	5	2001	狮魂荣光	往昔重绽系列——铳刃	狮魂荣光是法奥斯优秀毕业生配备的武器统称。它在挥舞时发出的狮子般的低沉咆哮，成为其名字的由来。狮子不会被轻易驯服，想要持有狮魂荣光同样有着严苛的条件。持有者需用纪律规范自身，将希望铭刻胸膛，方能不愧对狮魂荣光沉重的寄托。	Assets/Product/Texture/Image/IconToolsSp/E3GunbladeMd020011Sp.png	Assets/Product/Texture/Image/IconTools/E3GunbladeMd020011.png	[80012,80112]	[22070111,22070112]	Assets/Product/Texture/Image/IconCoating/IconCoating12200001.png
12200002	5	2002	灰月初拥	放逐乐园系列——铳刃	这把武器，切开鲜红浪潮，像是在痛饮敌人的鲜血。紧握住它，无穷的动力就会支撑着身体继续前进。这究竟是永生的诅咒，还是内心的抉择？	Assets/Product/Texture/Image/IconToolsSp/E3GunbladeMd030011Sp.png	Assets/Product/Texture/Image/IconTools/E3GunbladeMd030011.png	[80039]	[22070211,22070212]	Assets/Product/Texture/Image/IconCoating/IconCoating12200002.png
12200003	5	2003	逸时	新生活系列——铳刃	在卡拉一型的基础之上经使用者自行改造后的版本，变得更加轻巧灵活，便于隐藏。很显然，他做好了在一切场景下都要保护对方的准备。	Assets/Product/Texture/Image/IconToolsSp/E3GunbladeMd040011Sp.png	Assets/Product/Texture/Image/IconTools/E3GunbladeMd040011.png	[80074]	[22070311,22070312]	Assets/Product/Texture/Image/IconCoating/IconCoating12200003.png
12220001	5	2201	絮蓝悠梦	往昔重绽系列——独域·链刀	如梦似幻的湛蓝玫瑰，于骑士的手心悄然绽放，在那遥远的彼岸，祈祷梦境的延续。愿延展的花瓣能够切碎一切迷惘，指引相遇的道路。倘若彼此注定要以荆棘相连，无论苦难与疼痛，都将紧攥于手，至死不渝。	Assets/Product/Texture/Image/IconToolsSp/E3LuolanMd020011Sp.png	Assets/Product/Texture/Image/IconTools/E3LuolanMd020011.png	[80053,80112]	[22260111,22260112]	Assets/Product/Texture/Image/IconCoating/IconCoating12220001.png
12230001	5	2301	闪耀旗帜	新生活系列——旗枪	蕴含着意志与理想的旗帜。设计朴实无华，但团结奋斗的精神却能够切实传递到任何人的内心。只要还有人愿意联合起来，为了人类的胜利而继续战斗，它就将永远闪耀下去！	Assets/Product/Texture/Image/IconToolsSp/E3LanceMd020011Sp.png	Assets/Product/Texture/Image/IconTools/E3LanceMd020011.png	[80058,80112]	[22370112,22370111]	Assets/Product/Texture/Image/IconCoating/IconCoating12230001.png
12230002	5	2302	夏沫辉绽	阔海秘闻系列——旗枪	为抵御灼热的光辉，伞面如同花瓣一样绽放，为少女划分出自己的领地。她悄悄潜伏其中，于音乐的浪潮中寻找有趣的事物，直至某人在这种注视下选择绕道而行。于是，少女展示了伞的另一种用法。她绑好伞骨，握住伞柄，将它当作标枪投掷出去，迫使路过的指挥官停下脚步。	Assets/Product/Texture/Image/IconToolsSp/E3LanceMd030011Sp.png	Assets/Product/Texture/Image/IconTools/E3LanceMd030011.png	[80065]	[22370212,22370211]	Assets/Product/Texture/Image/IconCoating/IconCoatin12230002.png
12230003	5	2303	冥途挽歌	游诗歌谣系列——旗枪	亡者向前，生者退却。唯有战士，不愿向深渊屈服，拥抱忘却的新生。征战于星穹之下，徘徊于冥界边际。但愿苍空燃尽之时，冥途的挽歌，能够指引迷失的英灵，找到回家的道路。	Assets/Product/Texture/Image/IconToolsSp/E3LanceMd040011Sp.png	Assets/Product/Texture/Image/IconTools/E3LanceMd040011.png	[80095]	[22370312,22370311]	Assets/Product/Texture/Image/IconCoating/IconCoating12230003.png
12230004	5	2304	长缨挂帅	霓裳系列——旗枪	在远古的朝代，这面旗帜象征着将士的冀望，无论战场如何酷烈，只要旌旗不倒，就象征着战况仍有逆转余地。今日再竖起这面旌旗，含义和往日无异：“破釜为舟，背水为阵”，一切仍有逆转的余地。	Assets/Product/Texture/Image/IconToolsSp/E3LanceMd060011Sp.png	Assets/Product/Texture/Image/IconTools/E3LanceMd060011.png	[80138]	[22370412,22370411]	Assets/Product/Texture/Image/IconCoating/IconCoating12230004.png
12240001	5	2401	瀚空	游诗歌谣系列——权杖	浩瀚的寒空之中，唯有它陪伴在寂寥的仙神身旁。她在等待，在祈祷着什么呢？也许只有真正抵达她的身旁，才能知晓了。	Assets/Product/Texture/Image/IconToolsSp/E3WandMd020011Sp.png	Assets/Product/Texture/Image/IconTools/E3WandMd020011.png	[80033]	[22470111]	Assets/Product/Texture/Image/IconCoating/IconCoating12240001.png
12240002	5	2402	除旧唤春	霓裳系列——权杖	庭下爆竹，回声毕剥。 春风送暖，去邪辟厄。 千灯争璨，浮光流火。 聊以祝祷，惟愿祥和。	Assets/Product/Texture/Image/IconToolsSp/E3WandMd030011Sp.png	Assets/Product/Texture/Image/IconTools/E3WandMd030011.png	[80050,80112]	[22470211]	Assets/Product/Texture/Image/IconCoating/IconCoating12240002.png
12240003	5	2403	森宇幻翼	游诗歌谣系列——权杖	蝶翼承载梦想，散发玉石的荧光。只要记忆中的痕迹不曾消散，权杖的光芒就不会黯淡，实现梦想的魔法也永远存在。	Assets/Product/Texture/Image/IconToolsSp/E3WandMd040011Sp.png	Assets/Product/Texture/Image/IconTools/E3WandMd040011.png	[80063]	[22470311]	Assets/Product/Texture/Image/IconCoating/IconCoating12240003.png
12250001	5	2501	弥愿风鸣	浮世晓歌系列——笛剑	将祈祷寄予彼身，将心愿诉予神明。静坐于庭院之中的少女，轻轻吹响了她的长笛。愿此世之所有幸福，常伴那早已遥不可及的思念之人。弥愿萦声，叶落风鸣。视线穿过飘舞的白絮，于薄雾之中凝望着。哪怕只是须臾中的一刹……“可以，再见一面吗…”	Assets/Product/Texture/Image/IconToolsSp/E3FluntMd030011Sp.png	Assets/Product/Texture/Image/IconTools/E3FluntMd030011.png	[80078]	[22570111]	Assets/Product/Texture/Image/IconCoating/IconCoating12250001.png
12250002	5	2502	涟游萦奏	阔海秘闻系列——笛剑	这是一次全新的尝试，挖掘传统乐器的潜能，古典与流行结合，焕发出新的生命力。由艾拉委托蕾奥妮研制的变调Ⅲ型组件实现了两种音乐种类的完美融合。“难道以后真的会发展成把唢呐融入硬核摇滚的情况吗？”——蕾奥妮	Assets/Product/Texture/Image/IconToolsSp/E3FluntMd040011Sp.png	Assets/Product/Texture/Image/IconTools/E3FluntMd040011.png	[80119]	[22570121]	Assets/Product/Texture/Image/IconCoating/IconCoating12250002.png
12260001	5	2601	茜蕾伴生	新生活系列——独域·回旋龙厄	舞台上，少女纤细的双手紧张地握于胸前，而观众们也竖起耳朵期待第一缕歌声。她下定了决心，伸出两指划出一道弧线，就在观众们几乎要开始模仿她的动作为其应援时，一把点缀着茜色的锋刃应召而来，配合少女舞出了绝妙身法。叫好声在短暂的沉默后爆发——新生代偶像，歌声不再是唯一的标杆。	Assets/Product/Texture/Image/IconToolsSp/E3BoomerangMd020011Sp.png	Assets/Product/Texture/Image/IconTools/E3BoomerangMd020011.png	[80060]	[22660111]	Assets/Product/Texture/Image/IconCoating/IconCoatin12260001.png
12280001	5	2801	铿霆卯	霓裳系列——重破锤	工程部队开年出库的第一把武器，在某位副队长的支持下，被送往艺术协会加上了卯兔迎春的涂装，理由是“物似主人形”。重重挥下它时破空的声响正如铿锵的春雷，任谁都不会想到，在被卡列尼娜改造之前，最初的它只是一个用来捣年糕的机械臼吧。	Assets/Product/Texture/Image/IconToolsSp/E3HammerMd020011Sp.png	Assets/Product/Texture/Image/IconTools/E3HammerMd020011.png	[80089]	[22870111]	Assets/Product/Texture/Image/IconCoating/IconCoating12280001.png
12280002	5	2802	熠耀绚星	新生活系列——重破锤	艺术协会最新力作！参考了黄金时代的偶像元素，采用更加鲜艳明亮的色彩，并加装了音乐模块。每一次挥动它，都像是在施放让人变得闪耀的魔法。“既然作为‘制作人’的指挥官都这样说了，那我就尽全力歌唱吧。才……才不是因为自己也喜欢。”	Assets/Product/Texture/Image/IconToolsSp/E3HammerMd030011Sp.png	Assets/Product/Texture/Image/IconTools/E3HammerMd030011.png	[80118]	[22870121]	Assets/Product/Texture/Image/IconCoating/IconCoating12280002.png
12280003	5	2803	道法万钧	霓裳系列——重破锤	以古卷为原型锻造，内蕴含不详之物，用符箓镇压。挥舞时锤随咒起，灵眸窥转，洞悉阴阳，万钧破魂，祛除一切不祥之气。	Assets/Product/Texture/Image/IconToolsSp/E3HammerMd040011Sp.png	Assets/Product/Texture/Image/IconTools/E3HammerMd040011.png	[80193]	[22870131]	Assets/Product/Texture/Image/IconCoating/IconCoating12280003.png
12290001	5	2901	折纸鸥歌	阔海秘闻系列——独域·释能剑	小时候，他总是幻想着手中的折纸变成了武器，让自己拥有反抗的力量。长大后，他又盼着世界上所有的武器都变成折纸，让纷争止于孩童的打闹。如今，武器涂装上这份易染血的纯白正在无声地提醒着使用者，不要忘记生命的沉重。	Assets/Product/Texture/Image/IconToolsSp/E3NuoanMd020011Sp.png	Assets/Product/Texture/Image/IconTools/E3NuoanMd020011.png	[80122]	[22970111,22970112]	Assets/Product/Texture/Image/IconCoating/IconCoating12290001.png
12300001	5	3001	南十字星	游诗歌谣系列——剑杖	高悬于夜空的十字连星，昼光淡去之时，它将为迷途之人指引方向。	Assets/Product/Texture/Image/IconToolsSp/E3BigswordMd020011Sp.png	Assets/Product/Texture/Image/IconTools/E3BigswordMd020011.png	[80068,80112]	[23070111]	Assets/Product/Texture/Image/IconCoating/IconCoatin12300001.png
12300002	5	3002	誓时雪	寰星之屿系列——剑杖	彼此的伤口交叠在一起，两人在永不停歇的大雪中交换了离别与相守的誓言。	Assets/Product/Texture/Image/IconToolsSp/E3BigswordMd030011Sp.png	Assets/Product/Texture/Image/IconTools/E3BigswordMd030011.png	[80085,80130]	[23070211]	Assets/Product/Texture/Image/IconCoating/IconCoating12300002.png
12300003	5	3003	暮晓	放逐乐园系列——剑杖	灯薪不灭，火云阳焰撕开每一片浓夜。她亦深信，每一场缅怀都将带来晨曦。	Assets/Product/Texture/Image/IconToolsSp/E3BigswordMd040011Sp.png	Assets/Product/Texture/Image/IconTools/E3BigswordMd040011.png	[80160]	[23070311]	Assets/Product/Texture/Image/IconCoating/IconCoating12300003.png
12310001	5	3101	白羽幻梦	往昔重绽系列——螳螂刃	尽管脚下舞台不复存在，尽管观众席位空无一人，尽管每一次旋转都伴随着破碎与死亡，梦中的小小天鹅依然舞动着，为注视着她的珍重之人，献上祝福。	Assets/Product/Texture/Image/IconToolsSp/E3BangbinataMd020011Sp.png	Assets/Product/Texture/Image/IconTools/E3BangbinataMd020011.png	[80129]	[23170111,23170112]	Assets/Product/Texture/Image/IconCoating/IconCoating12310001.png
12310002	5	3102	湛澈翩跹	新生活系列——螳螂刃	利刃揉碎在不温良的夜里。踮起脚尖，轻然跃起。等刀尖划破纸面，优雅至死不渝。	Assets/Product/Texture/Image/IconToolsSp/E3BangbinataMd030011Sp.png	Assets/Product/Texture/Image/IconTools/E3BangbinataMd030011.png	[80159]	[23170211,23170212]	Assets/Product/Texture/Image/IconCoating/IconCoating12310002.png
12310003	5	3103	玲珑曼舞	新生活系列——螳螂刃	梦的最深处，舞曲已达高潮，琉璃澜漫，在华灯的照耀下流光溢彩。童话王国的小小观众们围着炉火，转动八音盒的发条，期待着下一幕的舞蹈。	Assets/Product/Texture/Image/IconToolsSp/E3BangbinataMd040011Sp.png	Assets/Product/Texture/Image/IconTools/E3BangbinataMd040011.png	[80206]	[23170311,23170312]	Assets/Product/Texture/Image/IconCoating/IconCoating12310003.png
12320001	5	3201	悲怆奇迹	放逐乐园系列——复合兵装	即使过去被暗沉的旧血覆盖，猎人仍然紧握手中的武器。付出的代价无需任何人知晓，踏上血肉之躯堆砌的道路，子夜的尽头，他如约带来千万分之一的奇迹。	Assets/Product/Texture/Image/IconToolsSp/E3SuperliboxMd030011Sp.png	Assets/Product/Texture/Image/IconTools/E3SuperliboxMd030011.png	[80079]	[23270111,23270112,23270113]	Assets/Product/Texture/Image/IconCoating/IconCoating12320001.png
12320002	5	3202	悠游浅嬉	阔海秘闻系列——复合兵装	这套武器绝对是沙滩作战的利器，不管是什么样的攻势，都可以选用合理的方案反击。当然最让人惊叹的绝对是作为杀手锏的水炮。“即使是水枪战也要全力以赴。”	Assets/Product/Texture/Image/IconToolsSp/E3SuperliboxMd040011Sp.png	Assets/Product/Texture/Image/IconTools/E3SuperliboxMd040011.png	[80120]	[23270121,23270122,23270123]	Assets/Product/Texture/Image/IconCoating/IconCoating12320002.png
12330001	5	3301	走纸生华	地平线系列——光束铳枪	涂料填充，颜色预设，按动扳机，像素光点在笔尖跳跃……今天的少女比以往更加活跃，在名为战场的白纸上旋转不停，以刃为笔，恣意绘制心目中的图景。	Assets/Product/Texture/Image/IconToolsSp/E3BeamlanceMd020011Sp.png	Assets/Product/Texture/Image/IconTools/E3BeamlanceMd020011.png	[80235]	[23370111]	Assets/Product/Texture/Image/IconCoating/IconCoating12330001.png
12330002	5	3302	虹浪染彩	阔海秘闻系列——光束铳枪	海葵摇曳着粉嫩的裙摆，群鱼穿梭其间，留下一道道银色的轨迹，深海的洋流携带着岩石上斑斓的珊瑚，描绘出一条条流动的彩带——湛蓝仅为底层颜料，这片壮阔浩瀚，远非一色。	Assets/Product/Texture/Image/IconToolsSp/E3BeamlanceMd030011Sp.png	Assets/Product/Texture/Image/IconTools/E3BeamlanceMd030011.png	[80176]	[23370121]	Assets/Product/Texture/Image/IconCoating/IconCoating12330002.png
12340001	5	3401	青髓	霓裳系列——封刃太刀	青色兽骨制成的封刃太刀，在深渊中也能发出森然寒光。对于流徙的海客来说，它既是斩破牢笼的证明，也是必须背负的业障。	Assets/Product/Texture/Image/IconToolsSp/E3AlphaMd020011Sp.png	Assets/Product/Texture/Image/IconTools/E3AlphaMd020011.png	[80090,80112]	[23470111]	Assets/Product/Texture/Image/IconCoating/IconCoating12340001.png
12340002	5	3402	星霆	新生活系列——封刃太刀	仿佛蕴含了群星雷霆怒火的封刃太刀，无法用常理解释的武器，当以无上觉悟握紧它时，雷声轰鸣，出鞘瞬间的苍蓝火焰甚至能照亮夜空。	Assets/Product/Texture/Image/IconToolsSp/E3AlphaMd030011Sp.png	Assets/Product/Texture/Image/IconTools/E3AlphaMd030011.png	[80127]	[23470121]	Assets/Product/Texture/Image/IconCoating/IconCoating12340002.png
12340003	5	3403	燃鳞	霓裳系列——封刃太刀	以秘传淬火之良技打造的封刃太刀，夹钢工艺在刃身铭下的波纹宛若龙翻偃舞。高熵合金刀鞘据说能够储存使用者外溢的能量，总是绽露着赫赫焰光。驾驭它便如攀上龙鳞，当有一刀可敌百万师的豪气。	Assets/Product/Texture/Image/IconToolsSp/E3AlphaMd040011Sp.png	Assets/Product/Texture/Image/IconTools/E3AlphaMd040011.png	[80148]	[23470131]	Assets/Product/Texture/Image/IconCoating/IconCoating12340003.png
12340004	5	3404	灼魍	寰星之屿系列——封刃太刀	钢铁以百鬼众魅作覆，让柄卷和目贯绝缘于疾雷。而锋刃之上，铭刻着杀伐决断：用掣电裁夺魍魉的命运，却永远不会被刀下阎罗攫取魂魄。刀主的意志，在星流霆击间恣意释出。	Assets/Product/Texture/Image/IconToolsSp/E3AlphaMd050011Sp.png	Assets/Product/Texture/Image/IconTools/E3AlphaMd050011.png	[80180]	[23470141]	Assets/Product/Texture/Image/IconCoating/IconCoating12340004.png
12340005	5	3405	凛锋入夜	放逐乐园系列——封刃太刀	凛冽的锋刃斩开月色，行过之处，皆为战场，刀鸣之声，照彻暗夜。	Assets/Product/Texture/Image/IconToolsSp/E3AlphaMd060011Sp.png	Assets/Product/Texture/Image/IconTools/E3AlphaMd060011.png	[80268,80267]	[23470151]	Assets/Product/Texture/Image/IconCoating/IconCoating12340005.png
12350001	5	3501	青弦	霓裳系列——折扇	制琴师出身的九龙工匠应舞者之邀打造了这件折扇。沿边利锷散出割玉寒意，扇面上的潺水翩花却平添几分素雅。这份反差究竟是舞者的意趣，还是作为武器的制胜秘法？答案就藏在她狡黠的笑容中，你猜到了吗。	Assets/Product/Texture/Image/IconToolsSp/E3FanMd020011Sp.png	Assets/Product/Texture/Image/IconTools/E3FanMd020011.png	[80147]	[23570111]	Assets/Product/Texture/Image/IconCoating/IconCoating12350001.png
12360001	5	3601	执花斩风	霓裳系列——爪刃	专为应对诊治的需求，调整了输出功率的爪刃。视乎实际的使用情景，可以安然无恙地拿起一朵娇嫩的鲜花，也可以轻易地撕开碍事的绷带。	Assets/Product/Texture/Image/IconToolsSp/E3ClawMd020011Sp.png	Assets/Product/Texture/Image/IconTools/E3ClawMd020011.png	[80315]	[23670111,23670112]	Assets/Product/Texture/Image/IconCoating/IconCoating12360001.png
12360002	5	3602	童梦轻挠	新生活系列——爪刃	在稚愿编织的乐园中获得的纪念品，每次挥舞，都能勾起笑意，轻触那份纯真的童趣。	Assets/Product/Texture/Image/IconToolsSp/E3ClawMd030011Sp.png	Assets/Product/Texture/Image/IconTools/E3ClawMd030011.png	[80179]	[23670121,23670122]	Assets/Product/Texture/Image/IconCoating/IconCoating12360002.png
12370001	5	3701	星龙拳	霓裳系列——机械臂	取材于九龙传统铠甲，融合了最新引爆技术制成的动力拳套。具有十分灵活的机动性，既可以作为武器，也可以完全替代义肢使用。	Assets/Product/Texture/Image/IconToolsSp/E3ArmMd020011Sp.png	Assets/Product/Texture/Image/IconTools/E3ArmMd020011.png	[80141]	[23770111]	Assets/Product/Texture/Image/IconCoating/IconCoating12370001.png
12380001	5	3801	晨昏线	游诗歌谣系列——异刃戟	海平面上无数次的日出与日落，冷清的星与月，那是这个年代鲜有人看到的景色。少女喜欢这份独属于自己的静谧。	Assets/Product/Texture/Image/IconToolsSp/E3LamiyaMd020011Sp.png	Assets/Product/Texture/Image/IconTools/E3LamiyaMd020011.png	[80121,80123]	[23870111]	Assets/Product/Texture/Image/IconCoating/IconCoating12380001.png
12380002	5	3802	寥光缀忆	寰星之屿系列——异刃戟	过往的记忆绽放芳华，海潮梦呓，呢喃破碎细语。宁愿溺于旧日愿想，拾捡寥寥追忆，也不敢睁开双眼，触碰瘦落世间。但倘若……倘若她向前伸出手。故事的起始点，失落在海面上的光芒，已经照射到她的身边。	Assets/Product/Texture/Image/IconToolsSp/E3LamiyaMd030011Sp.png	Assets/Product/Texture/Image/IconTools/E3LamiyaMd030011.png	[80152]	[23870121]	Assets/Product/Texture/Image/IconCoating/IconCoating12380002.png
12380003	5	3803	锦绣丹锋	霓裳系列——异刃戟	玉阙雕栏连海覆，丹心锦绣柱穹苍。艳鬐跹跹，碧琼怀央，奋袂挥斫，飘飖若赪尾游龙，奔突似雷硠罡潇。有道是：西瀛瑰奇，乾坤造妙，尽在七尺丹锋之内。	Assets/Product/Texture/Image/IconToolsSp/E3LamiyaMd040011Sp.png	Assets/Product/Texture/Image/IconTools/E3LamiyaMd040011.png	[80204]	[23870311]	Assets/Product/Texture/Image/IconCoating/IconCoating12380003.png
12400001	5	4001	焚祸灾轮	神寂启示录系列——拓刀	铭刻于此刀上早已不可知的古老语言，在游荡者手中发出轮转声响，这片被遗忘的土地上，追猎着孽物的钢刃将它所及之物送抵应往的轮回。	Assets/Product/Texture/Image/IconToolsSp/E3SabreMd030011Sp.png	Assets/Product/Texture/Image/IconTools/E3SabreMd030011.png	[80235]	[24070111]	Assets/Product/Texture/Image/IconCoating/IconCoating12400001.png
12410001	5	4101	永夜焚霜	放逐乐园系列——长剑	在漫长的时光里，一切事物都逐渐腐朽变色，只有这把漆黑的长剑一直陪伴着她。孑然走过这场漫长而孤独的旅途，她不需要任何的安慰和肯定，只需要确切握在手中的力量告诉她，她的选择并没有错。	Assets/Product/Texture/Image/IconToolsSp/E3JianMd020011Sp.png	Assets/Product/Texture/Image/IconTools/E3JianMd020011.png	[80136,80137]	[24170111]	Assets/Product/Texture/Image/IconCoating/IconCoating12410001.png
12410002	5	4102	鸾霄羽落	霓裳系列——长剑	鸾舞霄汉，羽落人间。寒芒幽映，凝辉流转，剑身如画卷开展，光影勾勒出千秋悲欢。初观轻盈，似红袖飘摇；倏然回势，若锣鼓骤起。曲罢剑收，清鸣犹在，如折腔残韵回荡戏台四方，余意绵绵不绝。	Assets/Product/Texture/Image/IconToolsSp/E3JianMd030011Sp.png	Assets/Product/Texture/Image/IconTools/E3JianMd030011.png	[80244]	[24170211]	Assets/Product/Texture/Image/IconCoating/IconCoating12410002.png
12410003	5	4103	赤刃鸣金	霓裳系列——长剑	龙雀大环，刃鸣如凰。赤红的刀刃散发着喋血的危险，据《九龙秘典·神兵卷》载：“龙雀赤刃乃双生之魂所铸，兄殒则器裂，妹悟则归膺”，龙鳞雀羽淬星火，旧世新章一刀裁。	Assets/Product/Texture/Image/IconToolsSp/E3JianMd040011Sp.png	Assets/Product/Texture/Image/IconTools/E3JianMd040011.png	[80293]	[24170311]	Assets/Product/Texture/Image/IconCoating/IconCoating12410003.png
12420001	5	4201	不羁制造者	新生活系列——战术耳机	完全根据黄金时期原教旨主义调音标准还原的经典款耳机，音色通透，高频清澈水润，低频厚润饱满，音场开阔且具有强烈的线条感。什么？你说这个调音不对味？那一定是神经系统的活跃度还不够高，再去吧台那边领一杯螺丝起子口味电解液吧。	Assets/Product/Texture/Image/IconToolsSp/E3HeadsetMd020011Sp.png	Assets/Product/Texture/Image/IconTools/E3HeadsetMd020011.png	[80142]	[24270111]	Assets/Product/Texture/Image/IconCoating/IconCoating12420001.png
12420002	5	4202	澎浪合成器	阔海秘闻系列——战术耳机	防水聚合物耳罩保管着骇客的夏日绝技：120BPM的节拍在涌浪间回响，电子战模块释出的高频声波却能让目标的防火墙决堤。冲浪摇滚循环不停，让耳机的主人都不禁慨叹：This is true music!	Assets/Product/Texture/Image/IconToolsSp/E3HeadsetMd030011Sp.png	Assets/Product/Texture/Image/IconTools/E3HeadsetMd030011.png	[80188]	[24270211]	Assets/Product/Texture/Image/IconCoating/IconCoating12420002.png
12420003	5	4203	游春桃	霓裳系列——战术耳机	游春，粉霞晕染了初生的枝头，少女手捧春桃，在洒落的暖阳中	Assets/Product/Texture/Image/IconToolsSp/E3HeadsetMd040011Sp.png	Assets/Product/Texture/Image/IconTools/E3HeadsetMd040011.png	[80219]	[24270311]	Assets/Product/Texture/Image/IconCoating/IconCoating12420003.png
12430001	5	4301	染霜	圣誓系列——月轮	少女端坐王座，月华像磷光般，围绕在她的身边烁烁。高悬的星辉映衬出一双皎白身影，时过境迁，月旁已伴群星。	Assets/Product/Texture/Image/IconToolsSp/E3CircleMd020011Sp.png	Assets/Product/Texture/Image/IconTools/E3CircleMd020011.png	[80150,80151]	[24370111,24370112]	Assets/Product/Texture/Image/IconCoating/IconCoating12430001.png
12430002	5	4302	瀛鲤	阔海秘闻系列——月轮	无垠穹隆垂落于碧海湛天，群鱼游弋仿若跃升祭典。百川汇入旧梦汪洋，回环终而复始。瀛海深邃，洑水尾迹却明澈可辨。琉璃瞳孔的少女指尖轻触，波纹涟涟，万物谐鸣。	Assets/Product/Texture/Image/IconToolsSp/E3CircleMd030011Sp.png	Assets/Product/Texture/Image/IconTools/E3CircleMd030011.png	[80186]	[24370211,24370212]	Assets/Product/Texture/Image/IconCoating/IconCoating12430002.png
12430003	5	4303	失乐裁断	放逐乐园系列——月轮	蝮蛇盘踞禁树，丰稔了放逐与衰亡。起舞吧，造生环星的伟力，使我们复原位，极乐福境失而复得。歌唱吧，上天的诗神，见证祂裁决公正，完成诗文中前无古人的创举。	Assets/Product/Texture/Image/IconToolsSp/E3CircleMd040011Sp.png	Assets/Product/Texture/Image/IconTools/E3CircleMd040011.png		[24370311,24370312]	Assets/Product/Texture/Image/IconCoating/IconCoating12430003.png
12430004	5	4304	狂欢霓虹	新生活系列——月轮	就让霓虹把这座城市颠倒，全部的天台和高楼都是上演今夜狂欢的舞台，少女驻足于其间，露出比满城夜色更灿烂的笑容。	Assets/Product/Texture/Image/IconToolsSp/E3CircleMd050011Sp.png	Assets/Product/Texture/Image/IconTools/E3CircleMd050011.png	[80315]	[24370411,24370412]	Assets/Product/Texture/Image/IconCoating/IconCoating12430004.png
12440001	5	4401	安全义务	新生活系列——战术旋棍	齿轮校准、电路稳定、合金加固……每个崭新的清晨，热枕的少女都会细心调试这件装备。这不仅是她安全的保障，也是她对自己许下的承诺——保持最佳状态，随时准备向每一个需要帮助的人伸出援手。	Assets/Product/Texture/Image/IconToolsSp/E3TonfaMd020011Sp.png	Assets/Product/Texture/Image/IconTools/E3TonfaMd020011.png	[80170]	[24470111,24470112]	Assets/Product/Texture/Image/IconCoating/IconCoating12440001.png
12440002	5	4402	变速节阀	地平线系列——战术旋棍	赛车破风而来，冲入维修站，选手专用的旋棍与车头精准嵌合，展开护盾将车身抬起，热浪翻腾之中，工作人员将预热的车胎换上，目送车手迎风重返赛道，全程仅用时1.86秒。	Assets/Product/Texture/Image/IconToolsSp/E3TonfaMd030011Sp.png	Assets/Product/Texture/Image/IconTools/E3TonfaMd030011.png	[80200]	[24470121,24470122]	Assets/Product/Texture/Image/IconCoating/IconCoating12440002.png
12450001	5	4501	乐煌	霓裳系列——琵琶	微风拂过弦端，轻扬起千年的尘梦，古与今交织的话语，悄然在寂静中盛开。煌煌乐声，将历史的故事轻轻铺陈。	Assets/Product/Texture/Image/IconToolsSp/E3PipaMd020011Sp.png	Assets/Product/Texture/Image/IconTools/E3PipaMd020011.png	[80171]	[24570111,24570112]	Assets/Product/Texture/Image/IconCoating/IconCoating12450001.png
12450002	5	4502	绣漪荷韵	阔海秘闻系列——琵琶	荷花池馆为品，蔷薇帘箔作弦。轮指轻拨，风来香满。枕欹清玉，扇动齐纨；秀漪戏鸳，把露荷翻。馥郁泻下，琼珠溢溅。一弹指顷，声涛撼浪却具化骨销形之力。外柔中刚，如是而已。	Assets/Product/Texture/Image/IconToolsSp/E3PipaMd030011Sp.png	Assets/Product/Texture/Image/IconTools/E3PipaMd030011.png	[80186]	[24570211,24570212]	Assets/Product/Texture/Image/IconCoating/IconCoating12450002.png
12450003	5	4503	胭踏梅	霓裳系列——琵琶	梅香沐春，少女的身影如火般踏雪而来，为流云也染上春日的气息。春花也欲将绽放的时节，少女手中的丝弦停驻了这季节交织间的梦境，点下大地银装上的一抹胭红。	Assets/Product/Texture/Image/IconToolsSp/E3PipaMd040011Sp.png	Assets/Product/Texture/Image/IconTools/E3PipaMd040011.png	[80217]	[24570311,24570312]	Assets/Product/Texture/Image/IconCoating/IconCoating12450003.png
12450004	5	4504	秋鉴月心	霓裳系列——琵琶	琴箱蜿蜒的木纹，浸染了千载月魄的清辉。当五指拂过冰弦，弦音裁开层云暗翳，澄澈天心。月声浩荡，吟鸣如露，浸润人间尘寰，涤荡浮埃。离乡者闻清音，魂牵故里桂影；羁旅客沐弦光，心泊玉宇琼楼。此间天地，琵琶并非丝竹之乐，乃是悬于苍穹的满月玉轮——弦动一刻，秋心昭昭。	Assets/Product/Texture/Image/IconToolsSp/E3PipaMd050011Sp.png	Assets/Product/Texture/Image/IconTools/E3PipaMd050011.png	[80265]	[24570411,24570412]	Assets/Product/Texture/Image/IconCoating/IconCoating12450004.png
12460001	5	4601	玄鸱	霓裳系列——左轮手枪	这把武器由九龙巧匠之手铸就，锋刃与机巧并存，精湛技艺融入其中，尽显高妙。寒铁淬火，灵羽轻旋，每一次出击都蕴含着持有者的信念，将黑暗与隐患化作虚无。	Assets/Product/Texture/Image/IconToolsSp/E3RevolverMd020011Sp.png	Assets/Product/Texture/Image/IconTools/E3RevolverMd020011.png	[80178]	[24660111,24660112,0,24660114]	Assets/Product/Texture/Image/IconCoating/IconCoating12460001.png
12460002	5	4602	银爵送葬	神寂启示录系列——左轮手枪	银弹贯穿头颅的那一刻，送葬者是否会感到一丝不舍。每颗骨钉都钉死一段未亡的旧梦。玫瑰在枪火中绽成墓志铭，尊贵的仇敌。死亡不过是时间的又一次篡改。	Assets/Product/Texture/Image/IconToolsSp/E3RevolverMd030011Sp.png	Assets/Product/Texture/Image/IconTools/E3RevolverMd030011.png	[80305]	[24660211,24660212,0,24660214]	Assets/Product/Texture/Image/IconCoating/IconCoating12460002.png
12470001	5	4701	赫刃	往昔重绽系列——光纹太刀	黑金刀鞘荣华显耀，烈日冠冕煅烧星火的飞芒。礼仪性质的佩刀，或许距离硝烟很遥远；昔日战地的英武却尽浓缩于刀刃的那抹殷红，煊赫之气令出席典礼之人无不首肯称羡。	Assets/Product/Texture/Image/IconToolsSp/E3TachiaMd020011Sp.png	Assets/Product/Texture/Image/IconTools/E3TachiaMd020011.png	[80186,80187]	[24770111,24770112]	Assets/Product/Texture/Image/IconCoating/IconCoating12470001.png
12470002	5	4702	绯羽灼华	寰星之屿系列——光纹太刀	往后的年华，我想与你，去爱，去创造，去燃烧，去一同驱散绞缠行星的霜寒，而后回首，去耕耘我们亲手种下的春天。	Assets/Product/Texture/Image/IconToolsSp/E3TachiaMd030011Sp.png	Assets/Product/Texture/Image/IconTools/E3TachiaMd030011.png	[80220]	[24770211,24770212]	Assets/Product/Texture/Image/IconCoating/IconCoating12470002.png
12470003	5	4703	热刃鱼游	阔海秘闻系列——光纹太刀	盐？该放多少？一瓶！胡椒粉，适量，适量是多少？刷上食用油……那样太慢了，泼上去也行吧？着、着火了！快灭火！……指挥官，抢救下来了。这次没有变成黑炭，鱼肉也熟了，很好吃的，请放心食用。	Assets/Product/Texture/Image/IconToolsSp/E3TachiaMd040011Sp.png	Assets/Product/Texture/Image/IconTools/E3TachiaMd040011.png	[80234]	[24770311,24770312]	Assets/Product/Texture/Image/IconCoating/IconCoating12470003.png
12470004	5	4704	汐光曳漪	阔海秘闻系列——光纹太刀	当尘世喧嚣隐于夜色，幽蓝珀光自渊底中流转浮现。磷火幽荧点缀着无垠海面，若隐若现，引人凝眸忘返。少女涉水漫步，拖曳出涟漪尾迹，她缓缓伸手，冷焰微芒掠过指尖，如星尘挥洒，驱散了渊海的孤寂。	Assets/Product/Texture/Image/IconToolsSp/E3TachiaMd050011Sp.png	Assets/Product/Texture/Image/IconTools/E3TachiaMd050011.png	[80245]	[24770411,24770412]	Assets/Product/Texture/Image/IconCoating/IconCoating12470004.png
12480001	5	4801	诡蜮赤魇	往昔重绽系列——动力臂组	血肉嵌合锻钢，挣断符箓，绛臂铮铮，罡风簌簌呼啸。祂攀附在少女身后，宛若狰狞饿狼，伺机扑向她的敌人，殛灭魍魉，大快朵颐。	Assets/Product/Texture/Image/IconToolsSp/E3PackMd020011Sp.png	Assets/Product/Texture/Image/IconTools/E3PackMd020011.png	[80192]	[24870111]	Assets/Product/Texture/Image/IconCoating/IconCoating12480001.png
12490001	5	4901	桃心勇者	新生活系列——盾斧	“黄金的白昼酣然入眠，街道辉煌明灭，又到了勇者执行公务的时间，她与桃心伙伴一起，飞跃在高楼大厦之间，将侵扰人世良宵的坏家伙们尽数拍回兔子洞——不许笑！这是七实想了好久的背景设定！”	Assets/Product/Texture/Image/IconToolsSp/E3SwordaxeMd020011Sp.png	Assets/Product/Texture/Image/IconTools/E3SwordaxeMd020011.png	[80198,80199]	[24970111,24970112,24970113]	Assets/Product/Texture/Image/IconCoating/IconCoating12490001.png
12490002	5	4902	荒际猎烬	放逐乐园系列——盾斧	烈阳下的焦土炙热滚烫，狂风卷着黄尘咆哮，启芒星扛着无敌盾斧迎战大怪兽，呀嚯，斗了个三天三夜！结局呢？当然是坏家伙全被赶跑，沙暴彻底平息，荒野从此安宁。谢谢你，启芒星！	Assets/Product/Texture/Image/IconToolsSp/E3SwordaxeMd030011Sp.png	Assets/Product/Texture/Image/IconTools/E3SwordaxeMd030011.png	[80235]	[24970211,24970212,24970213]	Assets/Product/Texture/Image/IconCoating/IconCoating12490002.png
12490003	5	4903	霓染银河	地平线系列——盾斧	银河漫游之旅上难免会出现艰险困阻，这时候就需要一把宇宙合金斧子，只需轻轻一挥，就能把所有太空垃圾化作尘埃……好了，把挡在我们眼前的东西都通通砸碎吧！	Assets/Product/Texture/Image/IconToolsSp/E3SwordaxeMd040011Sp.png	Assets/Product/Texture/Image/IconTools/E3SwordaxeMd040011.png	[80305]	[24970311,24970312,24970313]	Assets/Product/Texture/Image/IconCoating/IconCoating12490003.png
12500001	5	5001	权视穹钥	游诗歌谣系列——钥杖	白翼粹美圣洁，覆裹螺旋的星冕，圣座睿智的权能在祂的光泽间翕跃，祂的绚烂照耀灵湾与星辰，祂是福泽与启迪的银匙，亦是通向至福乐土的诗。	Assets/Product/Texture/Image/IconToolsSp/E3KeywandMd020011Sp.png	Assets/Product/Texture/Image/IconTools/E3KeywandMd020011.png	[80204,80205]	[25070111,25070112]	Assets/Product/Texture/Image/IconCoating/IconCoating12500001.png
12500002	5	5002	雾蕴灵犀	霓裳系列——钥杖	不得识其真面目，只缘心有灵犀通。	Assets/Product/Texture/Image/IconToolsSp/E3KeywandMd030011Sp.png	Assets/Product/Texture/Image/IconTools/E3KeywandMd030011.png	[80244]	[25070211,25070212]	Assets/Product/Texture/Image/IconCoating/IconCoating12500002.png
12500003	5	5003	永昼织誓	游诗歌谣系列——钥杖	在永夜降临之际，命运之主点燃不灭的烛火，她行走于黑暗的回廊，将昔日的荣耀和秘辛一同封存进长夜。她在流转的时光中守候，璀璨的宝冠似星辰般永不褪色，她等待着，等待着时光流转殆尽之前，那能解出她唇边神秘笑意的命定之人走向她的宝座。	Assets/Product/Texture/Image/IconToolsSp/E3KeywandMd040011Sp.png	Assets/Product/Texture/Image/IconTools/E3KeywandMd040011.png	[80271]	[25070311,25070312]	Assets/Product/Texture/Image/IconCoating/IconCoating12500003.png
12510001	5	5101	浮嚣	新生活系列——月伞	迷雾笼罩的街灯闪烁，柔光与阴影交织，虚浮的城镇恍如梦境。理智的边界逐渐模糊，自我与本能在无声的旋律中共舞，喧嚣升腾，狂欢即将上演。	Assets/Product/Texture/Image/IconToolsSp/E3BrollyMd020011Sp.png	Assets/Product/Texture/Image/IconTools/E3BrollyMd020011.png	[80212]	[25170111]	Assets/Product/Texture/Image/IconCoating/IconCoating12510001.png
12510002	5	5102	绫罗冥伞	霓裳系列——月伞	月映竹柏间，冥舞乱龙蛇。蛊毒浓凝、洞堂湿濡。却看撑花若昂然蛇首，指起华散，鱼龙曼衍；雷动猋至，剜心刺髓。萋斐罗绣擎起伞幔，留那残丝织尽了断魂的戚哀。	Assets/Product/Texture/Image/IconToolsSp/E3BrollyMd030011Sp.png	Assets/Product/Texture/Image/IconTools/E3BrollyMd030011.png	[80229]	[25170211]	Assets/Product/Texture/Image/IconCoating/IconCoating12510002.png
12510003	5	5103	弊盗弥天	神寂启示录系列——月伞	伞骨擎起的荫蔽之下，纸醉金迷的蜃景正在疯长。她撑伞穿行于狂欢和哀嚎之间，戏蔑的目光将这众生诡相尽数纳下。所谓欺天之盗，从不在于银钱盈亏，而在于窃尽你贪婪的愚勇。	Assets/Product/Texture/Image/IconToolsSp/E3BrollyMd040011Sp.png	Assets/Product/Texture/Image/IconTools/E3BrollyMd040011.png	[80263]	[25170311]	Assets/Product/Texture/Image/IconCoating/IconCoating12510003.png
12520001	5	5201	桂鸢诗律	游诗歌谣系列——弦剑	桂木制成冠冕，酒神用一支鸢尾谱下岁月为题的乐句，诗曲颂唱，琴弦将遗憾与错误付诸于忍耐和恩慈。指针下，她的独唱穿过黑夜荆棘，叙说无言的思绪。	Assets/Product/Texture/Image/IconToolsSp/E3LyreswordMd020011Sp.png	Assets/Product/Texture/Image/IconTools/E3LyreswordMd020011.png	[80217,80218]	[25270111,25270112]	Assets/Product/Texture/Image/IconCoating/IconCoating12520001.png
12520002	5	5202	风花齐颂	寰星之屿系列——弦剑	若生命是首乐曲，你便是我荒诞的静寂时，悄然哼唱的旋律。往后岁月，愿我们共度每一个轮回的四季，让心弦相扣，奏响风与飞花的乐章。	Assets/Product/Texture/Image/IconToolsSp/E3LyreswordMd030011Sp.png	Assets/Product/Texture/Image/IconTools/E3LyreswordMd030011.png	[80248]	[25270211,25270212]	Assets/Product/Texture/Image/IconCoating/IconCoating12520002.png
12520003	5	5203	夏恋弦舞	汐落浮光系列——弦剑	阳光为弦，汐风为曲，心绪随夏风悠然起舞，世间最美的合奏，是源于阳光、海浪与翩跹身影的相逢。	Assets/Product/Texture/Image/IconToolsSp/E3LyreswordMd040011Sp.png	Assets/Product/Texture/Image/IconTools/E3LyreswordMd040011.png	[80309]	[25270311,25270312]	Assets/Product/Texture/Image/IconCoating/IconCoating12520003.png
12530001	5	5301	灵怪神谕	新生活系列——聚能剑炮	以反偶像活动审判庭的名义——其之一，勿忘虔心之本；其之二，勿惜氪金之财；其之三，精进阅片之积；其之四，关爱同好之德；其之五，谨守宅魂之毅；其之六，敬拜圣地之虔；其之七，接受祝福之爱！一切为大统领至上，降下十万兆瓦出力之最终审判！	Assets/Product/Texture/Image/IconToolsSp/E3PistolMd020011Sp.png	Assets/Product/Texture/Image/IconTools/E3PistolMd020011.png	[80230]	[25370111]	Assets/Product/Texture/Image/IconCoating/IconCoating12530001.png
12530002	5	5302	飞沫惹夏	阔海秘闻系列——聚能剑炮	光滑流线型的枪身里，涌动着伺机而动的清凉。指尖轻巧一压，纤细水线倏然划破骄阳织就的宁静，精准地在某人肩头，点缀一枚晶莹勋章。溅起的飞沫将慵懒的夏日搅起涟漪，一场只属于你和她的欢乐游戏，就此拉开序章。	Assets/Product/Texture/Image/IconToolsSp/E3PistolMd030011Sp.png	Assets/Product/Texture/Image/IconTools/E3PistolMd030011.png	[80247]	[25370211]	Assets/Product/Texture/Image/IconCoating/IconCoating12530002.png
12530003	5	5303	绯炽灼流	新生活系列——聚能剑炮	仿佛封印了“炎魔”之力于其中的聚能剑炮，当少女将手心握上枪柄时，其呼吸便与枪口跃动的火光悄然同频。而从能量核心中迸发而出的光流，足以将整片天穹染成绯色。	Assets/Product/Texture/Image/IconToolsSp/E3PistolMd040011Sp.png	Assets/Product/Texture/Image/IconTools/E3PistolMd040011.png	[80329]	[25370311]	Assets/Product/Texture/Image/IconCoating/IconCoating12530003.png
12540001	5	5401	血烁黎明	神寂启示录系列——双刃枪	焰心刺破黑暗，火光勾勒黎明。命运宠幸余烬，秩序终将再临。	Assets/Product/Texture/Image/IconToolsSp/E3BladespearMd020011Sp.png	Assets/Product/Texture/Image/IconTools/E3BladespearMd020011.png	[80235,80236]	[25470111,25470112]	Assets/Product/Texture/Image/IconCoating/IconCoating12540001.png
12540002	5	5402	九黎铭尊	霓裳系列——双刃枪	九黎天际无尽深邃，魂啸阵阵，枪断生机于无形。相传铸枪者曾于云海山巅，一击洞穿鬼王残魄，天地为之色变。唯有意志坚定者，方可驾驭。	Assets/Product/Texture/Image/IconToolsSp/E3BladespearMd030011Sp.png	Assets/Product/Texture/Image/IconTools/E3BladespearMd030011.png	[80243]	[25470211,25470212]	Assets/Product/Texture/Image/IconCoating/IconCoating12540002.png
12540003	5	5403	光荣秘钥	往昔重绽系列——双刃枪	“不要擅动那位小姐的武器，凡是招惹她的人，没一个有好下场。”很少有人了解，那位帮派小姐的真实身份，她如飓风般降临街头，不知疲倦地战斗。就连推荐她参加行动的长官都相当意外，仿佛学生身份才是她的伪装。	Assets/Product/Texture/Image/IconToolsSp/E3BladespearMd040011Sp.png	Assets/Product/Texture/Image/IconTools/E3BladespearMd040011.png	[80293]	[25470311,25470312]	Assets/Product/Texture/Image/IconCoating/IconCoating12540003.png
12570001	5	5701	罚赎诫律	放逐乐园系列——蛇腹剑	尽管世界早已支离破碎，但仍有残存的亘古律法，以凛冽锋芒衡量着沉沦的界限。绯刃掠空而过，斩落束缚灵魂的尘世枷锁，罪孽深重者归于虚无，苦痛至极者得以解脱。在这堕落残域，死亡既是惩罚，亦是救赎。	Assets/Product/Texture/Image/IconToolsSp/E3ChainswordMd020011Sp.png	Assets/Product/Texture/Image/IconTools/E3ChainswordMd020011.png	[80245,80246]	[25770111]	Assets/Product/Texture/Image/IconCoating/IconCoating12570001.png
12570002	5	5702	星眠于绀昼	寰星之屿系列——蛇腹剑	“今夜星光璀璨，大地甘美芬芳，庭院的门儿被风吹得吱呀作响，美丽的人啊，你手持着一捧晚星，相伴在我身旁……”	Assets/Product/Texture/Image/IconToolsSp/E3ChainswordMd030011Sp.png	Assets/Product/Texture/Image/IconTools/E3ChainswordMd030011.png	[80282]	[25770211]	Assets/Product/Texture/Image/IconCoating/IconCoating12570002.png
12570003	5	5703	琉星澜漪	汐落浮光系列——蛇腹剑	沁凉的夜风轻拂，悠然唤醒在长椅上的小憩，缓缓睁开双眼，看到的是身侧少女温柔的笑颜。在她的眼中，看到漫天洒落的星光，和她无需宣之于口的情意。双手交握，无需言语，只是静静地独享这刹那又永恒的一刻。	Assets/Product/Texture/Image/IconToolsSp/E3ChainswordMd040011Sp.png	Assets/Product/Texture/Image/IconTools/E3ChainswordMd040011.png	[80315]	[25770311]	Assets/Product/Texture/Image/IconCoating/IconCoating12570003.png
12580001	5	5801	蓝梭命剪	浮世晓歌系列——剪刀	裁剪万物之命途，织就未来之愿想。要修补的话……请先告诉我撕裂的形状。	Assets/Product/Texture/Image/IconToolsSp/E3ShearsMd020011Sp.png	Assets/Product/Texture/Image/IconTools/E3ShearsMd020011.png	[80255]	[25870111]	Assets/Product/Texture/Image/IconCoating/IconCoating12580001.png
12580002	5	5802	剪春柳	霓裳系列——剪刀	桃符褪尽胭脂色，冻笔初融蘸翠微。总有人去折春枝，剪下青芽称柳瘦。	Assets/Product/Texture/Image/IconToolsSp/E3ShearsMd030011Sp.png	Assets/Product/Texture/Image/IconTools/E3ShearsMd030011.png	[80279]	[25870211]	Assets/Product/Texture/Image/IconCoating/IconCoating12580002.png
12590001	5	5901	万寂恒砂	游诗歌谣系列——骑枪	沙海中骑枪如同亘古不移的石碑，划开生与死的帷幕，将那些被永恒放逐、徒劳挣扎的魂火，引渡向永恒的静默。没有颂歌，没有哀悼，就连死亡最末的余响，也倾颓在无垠的恒砂之中。沦为了缄默的食粮。砂砾碾落，万籁归于死寂……这是对名为死亡的沙原最为灼烫的诅咒——要么在黄沙的湮灭中选择缄默……要么，成为缄默本身。	Assets/Product/Texture/Image/IconToolsSp/E3DragonlanceMd020011Sp.png	Assets/Product/Texture/Image/IconTools/E3DragonlanceMd020011.png	[80263,80264]	[25970111]	Assets/Product/Texture/Image/IconCoating/IconCoating12590001.png
12590002	5	5902	圣夜礼赞	新生活系列——骑枪	清脆的铃声在宁静的雪夜中回荡，随旋律飘落的每一片雪花，都承载着一个真挚的愿望。这柄长枪本身就是献予圣夜的颂歌，只为将安宁归还于每一扇温暖的窗。	Assets/Product/Texture/Image/IconToolsSp/E3DragonlanceMd030011Sp.png	Assets/Product/Texture/Image/IconTools/E3DragonlanceMd030011.png	[80276]	[25970112]	Assets/Product/Texture/Image/IconCoating/IconCoating12590002.png
12590003	5	5903	幽翼掠影	雾夜镇魂曲系列——骑枪	天明之前，以冷静的决意肃清身前的一切阻碍，喧嚣在夜色中化为沉寂，将过往埋入迷雾之中。	Assets/Product/Texture/Image/IconToolsSp/E3DragonlanceMd040011Sp.png	Assets/Product/Texture/Image/IconTools/E3DragonlanceMd040011.png	[80305]	[25970311]	Assets/Product/Texture/Image/IconCoating/IconCoating12590003.png
12600001	5	6001	浮光惊鸿	霓裳系列——悬浮镜轮	少女行走于溪涧，任月华流转在指尖，莲瓣随风而落，轻轻碰碎水面的倒影，只留那一刹那的惊鸿一瞥。	Assets/Product/Texture/Image/IconToolsSp/E3LotusbladeMd020011Sp.png	Assets/Product/Texture/Image/IconTools/E3LotusbladeMd020011.png	[80266,80267]	[26070111]	Assets/Product/Texture/Image/IconCoating/IconCoating12600001.png
12600002	5	6002	千晶奇谭	寰星之屿系列——悬浮镜轮	“把我们的经历改编成童话，结尾我也许会这样写：在所有苦痛都无法触及的地方，天鹅公主与她的大魔法师建成了珍藏愿望的家园，从此幸福地生活在一起。”	Assets/Product/Texture/Image/IconToolsSp/E3LotusbladeMd030011Sp.png	Assets/Product/Texture/Image/IconTools/E3LotusbladeMd030011.png	[80307]	[26070211]	Assets/Product/Texture/Image/IconCoating/IconCoating12600002.png
12610001	5	6101	蜜径寻踪	往昔重绽系列——数码战靴	蜂蜜滴落之处，自成一条甜美的路径。当好奇的脚爪踏上这金色的指引，少女便成了探险传奇的一部分——毕竟，大地早已为真正的探险家，备好了无穷的惊喜。	Assets/Product/Texture/Image/IconToolsSp/E3ShoesMd020011Sp.png	Assets/Product/Texture/Image/IconTools/E3ShoesMd020011.png	[80274,80275]	[26170111,26170112]	Assets/Product/Texture/Image/IconCoating/IconCoating12610001.png
12610002	5	6102	椰风甜屿	汐落浮光系列——数码战靴	晚风裹挟着海盐的咸味，伴随着跃动的脚步，整片海滩如同她独自起舞的舞台，来自少女的欢笑与俏皮，将夏日里的一切都涂抹成了梦幻般的糖果色。	Assets/Product/Texture/Image/IconToolsSp/E3ShoesMd030011Sp.png	Assets/Product/Texture/Image/IconTools/E3ShoesMd030011.png	[80319]	[26170211,26170212]	Assets/Product/Texture/Image/IconCoating/IconCoating12610002.png
12620001	5	6201	霜烬灼灭	游诗歌谣系列——辉光战戟	那就在长夜中燃起一把火吧，那把火终将烧尽一切，将霜雪都灼作大地，将晦暝变为黎明。	Assets/Product/Texture/Image/IconToolsSp/E3HalberdMd020011Sp.png	Assets/Product/Texture/Image/IconTools/E3HalberdMd020011.png	[80280,80281]	[26270111]	Assets/Product/Texture/Image/IconCoating/IconCoating12620001.png
12620002	5	6202	精密焊灼	地平线系列——辉光战戟	冰雪以白色伤痕遮掩已经冷却的苦痛，而人们却在伤痕结疤处重新点起篝火。就这样，工业与文明，如血液般，顺着火焰与灯光再次往更贫瘠处流去。	Assets/Product/Texture/Image/IconToolsSp/E3HalberdMd030011Sp.png	Assets/Product/Texture/Image/IconTools/E3HalberdMd030011.png	[80294]	[26270211]	Assets/Product/Texture/Image/IconCoating/IconCoating12620002.png
12630001	5	6301	蓝夜羽镰	游诗歌谣系列——裁决镰刃	她说人的左手深藏愿望，而右手里隐匿着代价。善恶在覆手之间，由她的锋刃来裁决和审判。	Assets/Product/Texture/Image/IconToolsSp/E3SickleMd020011Sp.png	Assets/Product/Texture/Image/IconTools/E3SickleMd020011.png	[80292]	[26370111]	Assets/Product/Texture/Image/IconCoating/IconCoating12630001.png
12630002	5	6302	涤罪断骨	雾夜镇魂曲系列——裁决镰刃	月光自锋刃边缘游走，迷雾丝丝缕缕，缠绕上旧日的契约。红水晶般的瞳孔中漾出一丝笑意，她向命运发来邀约，今夜，可愿共赴这场末途之魇舞？	Assets/Product/Texture/Image/IconToolsSp/E3SickleMd030011Sp.png	Assets/Product/Texture/Image/IconTools/E3SickleMd030011.png	[80327]	[26370211]	Assets/Product/Texture/Image/IconCoating/IconCoating12630002.png
12640001	5	6401	秘银辉刃	雾夜镇魂曲系列——爆能巨剑	在认知已然模糊的狂乱之夜里，刃口逸散出的些许微光，成了迷途与归路之间那条细到几乎看不见的界限。浸没在狂乱与迷失里，刀刃反倒成了唯一沉默却理智的存在。	Assets/Product/Texture/Image/IconToolsSp/E3GreatswordMd020011Sp.png	Assets/Product/Texture/Image/IconTools/E3GreatswordMd020011.png	[80309,80296]	[26470111]	Assets/Product/Texture/Image/IconCoating/IconCoating12640001.png
12640002	5	6402	黄油犬铃	新生活系列——爆能巨剑	在孩童的记忆里，清晨的黄油味道与小狗的扑腾才是最准点的闹钟。如今，当每日不得不面对如荆棘般刺痛的世界时，那段孩童时光逐渐沉淀，成为了最好的止痛药。	Assets/Product/Texture/Image/IconToolsSp/E3GreatswordMd030011Sp.png	Assets/Product/Texture/Image/IconTools/E3GreatswordMd030011.png	[80308]	[26470211]	Assets/Product/Texture/Image/IconCoating/IconCoating12640002.png
12650001	5	6501	长夜孤刃	雾夜镇魂曲系列——转轮长刃	高贵和优雅，是她隐匿起自己真实一面的伪装，猩红的锋刃斩开浓雾，以此对沉沦的城市宣告：她绝不妥协。	Assets/Product/Texture/Image/IconToolsSp/E3SsalphaMd020011Sp.png	Assets/Product/Texture/Image/IconTools/E3SsalphaMd020011.png	[80305,80306]	[26570111,26570112]	Assets/Product/Texture/Image/IconCoating/IconCoating12650001.png
12660001	5	6601	柔浪环歌	汐落浮光系列——折叠圆锯	在往昔的计划中，在海滩上度过一整个夏天的必要内容包括：防晒喷雾，柠檬味的冰饮，还有双人共享的浮床……但这个夏季最动人心弦的一切，却并未写在这个计划中，而是悄然埋藏在了二人的心底：那是共处的默契，彼此之间漫步在海滩上的回忆，还有少女眼中的笑意。	Assets/Product/Texture/Image/IconToolsSp/E3ChainsawMd020011Sp.png	Assets/Product/Texture/Image/IconTools/E3ChainsawMd020011.png	[80309,80310]	[26670111]	Assets/Product/Texture/Image/IconCoating/IconCoating12660001.png
12670001	5	6701	怒海狂弦	往昔重绽系列——浮海舶锚	指尖拨动琴弦，细碎水光随音律飞溅，把夏日海岸的温柔与热烈，以及共度的每一刻珍贵的时光，都尽数谱入只有二人独享的乐章中。	Assets/Product/Texture/Image/IconToolsSp/E3AnchorMd020011Sp.png	Assets/Product/Texture/Image/IconTools/E3AnchorMd020011.png	[80315,80316]	[26770111]	Assets/Product/Texture/Image/IconCoating/IconCoating12670001.png
12690001	5	6901	凄白羁火	放逐乐园系列——十字重炮	铁与火铸就裂空的轰鸣，宣告毁灭与新生同时降临。烈焰划破寒暑晨昏，枪口所指之处，天地止息，万物噤声。	Assets/Product/Texture/Image/IconToolsSp/E3HeavycrossMd020011Sp.png	Assets/Product/Texture/Image/IconTools/E3HeavycrossMd020011.png	[80327,80328]	[26970111]	Assets/Product/Texture/Image/IconCoating/IconCoating12690001.png
