Id,Name
101,Incandescence
102,Dead Line Timing
103,Matrix Lightning
201,Shock Saturation
202,Nsec Transmission
203,Shock Echo
301,Matrix Outburst
302,Overload Signal
303,Limit Break
401,Shock Saturation
402,Nsec Transmission
403,Shock Echo
500,Glorious Afterglow
501,Glorious Spear
502,Superconducting Axial Ray
503,Honed Gel
504,Stellar Magnetic Rail
505,Peaceful Radiant
506,Resonant Echo
507,Domain Deconstruction
508,Domain Deconstruction
509,Domain Deconstruction
510,Domain Deconstruction
511,Domain Deconstruction
512,Boundary's Annihilation
513,Gravity Barrier
514,Absolute Defense
515,Shock Saturation
516,Nsec Transmission
517,Shock Echo