Id,Name,Site
3012001,Merli,1
3013001,Pinoff,1
3013002,Pavrey,1
3014001,Archimedes,1
3014002,Edison,1
3014003,Alice,1
3014004,Cunningham,1
3014005,Cottie,1
3015001,Carrielynn,1
3015002,Aife,1
3015003,Ike,1
3015004,Voltaire,1
3015005,Gloria,1
3015006,Richelieu,1
3015007,Samantha,1
3015008,Mozart,1
3015050,Liv:Reindeer,1
3016001,Condelina,1
3016002,Shakespeare,1
3016003,Heisen,1
3016004,Darwin,1
3016005,Hanna,1
3016006,Cottie,1
3016007,DaVinci,1
3016008,Catherine,1
3016009,Einsteina,1
3016010,PhilipII,1
3016011,Guinevere,1
3016012,Frederick,1
3022001,Merli,2
3023001,Pinoff,2
3023002,Pavrey,2
3024001,Archimedes,2
3024002,Edison,2
3024003,Alice,2
3024004,Cunningham,2
3025001,Carrielynn,2
3025002,Aife,2
3025003,Ike,2
3025004,Voltaire,2
3025005,Gloria,2
3025006,Richelieu,2
3025007,Samantha,2
3025008,Mozart,2
3025050,Liv:Reindeer,2
3026001,Condelina,2
3026002,Shakespeare,2
3026003,Heisen,2
3026004,Darwin,2
3026005,Hanna,2
3026006,Cottie,2
3026007,DaVinci,2
3026008,Catherine,2
3026009,Einsteina,2
3026010,PhilipII,2
3026011,Guinevere,2
3026012,Frederick,2
3032001,Merli,3
3033001,Pinoff,3
3033002,Pavrey,3
3034001,Archimedes,3
3034002,Edison,3
3034003,Alice,3
3034004,Cunningham,3
3035001,Carrielynn,3
3035002,Aife,3
3035003,Ike,3
3035004,Voltaire,3
3035005,Gloria,3
3035006,Richelieu,3
3035007,Samantha,3
3035008,Mozart,3
3035050,Liv:Reindeer,3
3036001,Condelina,3
3036002,Shakespeare,3
3036003,Heisen,3
3036004,Darwin,3
3036005,Hanna,3
3036006,Cottie,3
3036007,DaVinci,3
3036008,Catherine,3
3036009,Einsteina,3
3036010,PhilipII,3
3036011,Guinevere,3
3036012,Frederick,3
3042001,Merli,4
3043001,Pinoff,4
3043002,Pavrey,4
3044001,Archimedes,4
3044002,Edison,4
3044003,Alice,4
3044004,Cunningham,4
3044005,Cottie,4
3045001,Carrielynn,4
3045002,Aife,4
3045003,Ike,4
3045004,Voltaire,4
3045005,Gloria,4
3045006,Richelieu,4
3045007,Samantha,4
3045008,Mozart,4
3045050,Liv:Reindeer,4
3046001,Condelina,4
3046002,Shakespeare,4
3046003,Heisen,4
3046004,Darwin,4
3046005,Hanna,4
3046006,Cottie,4
3046007,DaVinci,4
3046008,Catherine,4
3046009,Einsteina,4
3046010,PhilipII,4
3046011,Guinevere,4
3046012,Frederick,4
3052001,Merli,5
3053001,Pinoff,5
3053002,Pavrey,5
3054001,Archimedes,5
3054002,Edison,5
3054003,Alice,5
3054004,Cunningham,5
3055001,Carrielynn,5
3055002,Aife,5
3055003,Ike,5
3055004,Voltaire,5
3055005,Gloria,5
3055006,Richelieu,5
3055007,Samantha,5
3055008,Mozart,5
3055050,Liv:Reindeer,5
3056001,Condelina,5
3056002,Shakespeare,5
3056003,Heisen,5
3056004,Darwin,5
3056005,Hanna,5
3056006,Cottie,5
3056007,DaVinci,5
3056008,Catherine,5
3056009,Einsteina,5
3056010,PhilipII,5
3056011,Guinevere,5
3056012,Frederick,5
3062001,Merli,6
3063001,Pinoff,6
3063002,Pavrey,6
3064001,Archimedes,6
3064002,Edison,6
3064003,Alice,6
3064004,Cunningham,6
3065001,Carrielynn,6
3065002,Aife,6
3065003,Ike,6
3065004,Voltaire,6
3065005,Gloria,6
3065006,Richelieu,6
3065007,Samantha,6
3065008,Mozart,6
3065050,Liv:Reindeer,6
3066001,Condelina,6
3066002,Shakespeare,6
3066003,Heisen,6
3066004,Darwin,6
3066005,Hanna,6
3066006,Cottie,6
3066007,DaVinci,6
3066008,Catherine,6
3066009,Einsteina,6
3066010,PhilipII,6
3066011,Guinevere,6
3066012,Frederick,6
3016014,Patton,1
3026014,Patton,2
3036014,Patton,3
3046014,Patton,4
3056014,Patton,5
3066014,Patton,6
3016013,Bathlon,1
3026013,Bathlon,2
3036013,Bathlon,3
3046013,Bathlon,4
3056013,Bathlon,5
3066013,Bathlon,6
3016015,Chen Jiyuan,1
3026015,Chen Jiyuan,2
3036015,Chen Jiyuan,3
3046015,Chen Jiyuan,4
3056015,Chen Jiyuan,5
3066015,Chen Jiyuan,6
3016016,Koya,1
3026016,Koya,2
3036016,Koya,3
3046016,Koya,4
3056016,Koya,5
3066016,Koya,6
3015051,NewYearFireworks,1
3025051,NewYearFireworks,2
3035051,NewYearFireworks,3
3045051,NewYearFireworks,4
3055051,NewYearFireworks,5
3065051,NewYearFireworks,6
3015052,LanternFestival:Reunion,1
3025052,LanternFestival:Reunion,2
3035052,LanternFestival:Reunion,3
3045052,LanternFestival:Reunion,4
3055052,LanternFestival:Reunion,5
3065052,LanternFestival:Reunion,6
3014006,Nimitz,1
3024006,Nimitz,2
3034006,Nimitz,3
3044006,Nimitz,4
3054006,Nimitz,5
3064006,Nimitz,6
3015009,Boudica,1
3025009,Boudica,2
3035009,Boudica,3
3045009,Boudica,4
3055009,Boudica,5
3065009,Boudica,6
3015055,KFC·Alpha,1
3025055,KFC·Alpha,2
3035055,KFC·Alpha,3
3045055,KFC·Alpha,4
3055055,KFC·Alpha,5
3065055,KFC·Alpha,6
3015056,KFC·Lucia,1
3025056,KFC·Lucia,2
3035056,KFC·Lucia,3
3045056,KFC·Lucia,4
3055056,KFC·Lucia,5
3065056,KFC·Lucia,6
3016017,Leeuwenhoek,1
3026017,Leeuwenhoek,2
3036017,Leeuwenhoek,3
3046017,Leeuwenhoek,4
3056017,Leeuwenhoek,5
3066017,Leeuwenhoek,6
3016018,Wuan,1
3026018,Wuan,2
3036018,Wuan,3
3046018,Wuan,4
3056018,Wuan,5
3066018,Wuan,6
3016019,Flamel,1
3026019,Flamel,2
3036019,Flamel,3
3046019,Flamel,4
3056019,Flamel,5
3066019,Flamel,6
3015053,Lee—CelebrationundertheMoon,1
3025053,Lee—CelebrationundertheMoon,2
3035053,Lee—CelebrationundertheMoon,3
3045053,Lee—CelebrationundertheMoon,4
3055053,Lee—CelebrationundertheMoon,5
3065053,Lee—CelebrationundertheMoon,6
3016020,Lucrezia,1
3026020,Lucrezia,2
3036020,Lucrezia,3
3046020,Lucrezia,4
3056020,Lucrezia,5
3066020,Lucrezia,6
3016021,Exupery,1
3026021,Exupery,2
3036021,Exupery,3
3046021,Exupery,4
3056021,Exupery,5
3066021,Exupery,6
3016022,Tifa,1
3026022,Tifa,2
3036022,Tifa,3
3046022,Tifa,4
3056022,Tifa,5
3066022,Tifa,6
3016023,Jack,1
3026023,Jack,2
3036023,Jack,3
3046023,Jack,4
3056023,Jack,5
3066023,Jack,6
3015057,Liv:United,1
3025057,Liv:United,2
3035057,Liv:United,3
3045057,Liv:United,4
3055057,Liv:United,5
3065057,Liv:United,6
3016024,Elizabeth,1
3026024,Elizabeth,2
3036024,Elizabeth,3
3046024,Elizabeth,4
3056024,Elizabeth,5
3066024,Elizabeth,6
3016025,Seraphine,1
3026025,Seraphine,2
3036025,Seraphine,3
3046025,Seraphine,4
3056025,Seraphine,5
3066025,Seraphine,6
3015058,Chrome:Banquet,1
3025058,Chrome:Banquet,2
3035058,Chrome:Banquet,3
3045058,Chrome:Banquet,4
3055058,Chrome:Banquet,5
3065058,Chrome:Banquet,6
3016026,Marcco,1
3026026,Marcco,2
3036026,Marcco,3
3046026,Marcco,4
3056026,Marcco,5
3066026,Marcco,6
3016027,Unimate,1
3026027,Unimate,2
3036027,Unimate,3
3046027,Unimate,4
3056027,Unimate,5
3066027,Unimate,6
3016028,Isabel,1
3026028,Isabel,2
3036028,Isabel,3
3046028,Isabel,4
3056028,Isabel,5
3066028,Isabel,6
3016029,Boone,1
3026029,Boone,2
3036029,Boone,3
3046029,Boone,4
3056029,Boone,5
3066029,Boone,6
3018053,Ceremony-Liv,1
3028053,Ceremony-Liv,2
3038053,Ceremony-Liv,3
3048053,Ceremony-Liv,4
3058053,Ceremony-Liv,5
3068053,Ceremony-Liv,6
3016030,Shelley,1
3026030,Shelley,2
3036030,Shelley,3
3046030,Shelley,4
3056030,Shelley,5
3066030,Shelley,6
3019050,Vera-ScarletSummers,1
3029050,Vera-ScarletSummers,2
3039050,Vera-ScarletSummers,3
3049050,Vera-ScarletSummers,4
3059050,Vera-ScarletSummers,5
3069050,Vera-ScarletSummers,6
3016031,Charlotte,1
3026031,Charlotte,2
3036031,Charlotte,3
3046031,Charlotte,4
3056031,Charlotte,5
3066031,Charlotte,6
3016032,Turing,1
3026032,Turing,2
3036032,Turing,3
3046032,Turing,4
3056032,Turing,5
3066032,Turing,6
3016033,Aline,1
3026033,Aline,2
3036033,Aline,3
3046033,Aline,4
3056033,Aline,5
3066033,Aline,6
3016034,Diesel,1
3026034,Diesel,2
3036034,Diesel,3
3046034,Diesel,4
3056034,Diesel,5
3066034,Diesel,6
3016035,Fran,1
3026035,Fran,2
3036035,Fran,3
3046035,Fran,4
3056035,Fran,5
3066035,Fran,6
3016036,Signa,1
3026036,Signa,2
3036036,Signa,3
3046036,Signa,4
3056036,Signa,5
3066036,Signa,6
3016037,Derketo,1
3026037,Derketo,2
3036037,Derketo,3
3046037,Derketo,4
3056037,Derketo,5
3066037,Derketo,6
3016038,Alphons,1
3026038,Alphons,2
3036038,Alphons,3
3046038,Alphons,4
3056038,Alphons,5
3066038,Alphons,6
3016039,Liliana,1
3026039,Liliana,2
3036039,Liliana,3
3046039,Liliana,4
3056039,Liliana,5
3066039,Liliana,6
3016040,Ji Bo'an,1
3026040,Ji Bo'an,2
3036040,Ji Bo'an,3
3046040,Ji Bo'an,4
3056040,Ji Bo'an,5
3066040,Ji Bo'an,6
3016041,Cleopatra,1
3026041,Cleopatra,2
3036041,Cleopatra,3
3046041,Cleopatra,4
3056041,Cleopatra,5
3066041,Cleopatra,6
3016042,ChangWuzi,1
3026042,ChangWuzi,2
3036042,ChangWuzi,3
3046042,ChangWuzi,4
3056042,ChangWuzi,5
3066042,ChangWuzi,6
3016043,Liston,1
3026043,Liston,2
3036043,Liston,3
3046043,Liston,4
3056043,Liston,5
3066043,Liston,6
3016044,Heraclitus,1
3026044,Heraclitus,2
3036044,Heraclitus,3
3046044,Heraclitus,4
3056044,Heraclitus,5
3066044,Heraclitus,6
3016045,Wilde,1
3026045,Wilde,2
3036045,Wilde,3
3046045,Wilde,4
3056045,Wilde,5
3066045,Wilde,6
3016046,Herschell,1
3026046,Herschell,2
3036046,Herschell,3
3046046,Herschell,4
3056046,Herschell,5
3066046,Herschell,6
3016047,Sothoth,1
3026047,Sothoth,2
3036047,Sothoth,3
3046047,Sothoth,4
3056047,Sothoth,5
3066047,Sothoth,6
3016048,Barcelo,1
3026048,Barcelo,2
3036048,Barcelo,3
3046048,Barcelo,4
3056048,Barcelo,5
3066048,Barcelo,6
3016049,Burana,1
3026049,Burana,2
3036049,Burana,3
3046049,Burana,4
3056049,Burana,5
3066049,Burana,6
3016050,Klenova,1
3026050,Klenova,2
3036050,Klenova,3
3046050,Klenova,4
3056050,Klenova,5
3066050,Klenova,6
3016051,Hervor,1
3026051,Hervor,2
3036051,Hervor,3
3046051,Hervor,4
3056051,Hervor,5
3066051,Hervor,6
3016052,Jeanne,1
3026052,Jeanne,2
3036052,Jeanne,3
3046052,Jeanne,4
3056052,Jeanne,5
3066052,Jeanne,6
3016053,Keats,1
3026053,Keats,2
3036053,Keats,3
3046053,Keats,4
3056053,Keats,5
3066053,Keats,6
3016054,Natasha,1
3026054,Natasha,2
3036054,Natasha,3
3046054,Natasha,4
3056054,Natasha,5
3066054,Natasha,6
3016055,Poincare,1
3026055,Poincare,2
3036055,Poincare,3
3046055,Poincare,4
3056055,Poincare,5
3066055,Poincare,6
3015059,Bianca:TipsyNight,1
3025059,Bianca:TipsyNight,2
3035059,Bianca:TipsyNight,3
3045059,Bianca:TipsyNight,4
3055059,Bianca:TipsyNight,5
3065059,Bianca:TipsyNight,6
3015060,Luna:FullmoonLaurel,1
3025060,Luna:FullmoonLaurel,2
3035060,Luna:FullmoonLaurel,3
3045060,Luna:FullmoonLaurel,4
3055060,Luna:FullmoonLaurel,5
3065060,Luna:FullmoonLaurel,6
3015061,Cerberus-RaveParty,1
3025061,Cerberus-RaveParty,2
3035061,Cerberus-RaveParty,3
3045061,Cerberus-RaveParty,4
3055061,Cerberus-RaveParty,5
3065061,Cerberus-RaveParty,6
3015062,ChaCha:Qu,1
3025062,ChaCha:Qu,2
3035062,ChaCha:Qu,3
3045062,ChaCha:Qu,4
3055062,ChaCha:Qu,5
3065062,ChaCha:Qu,6
3015063,ChaCha:Hanying,1
3025063,ChaCha:Hanying,2
3035063,ChaCha:Hanying,3
3045063,ChaCha:Hanying,4
3055063,ChaCha:Hanying,5
3065063,ChaCha:Hanying,6
3015064,Nabati:Lucia,1
3025064,Nabati:Lucia,2
3035064,Nabati:Lucia,3
3045064,Nabati:Lucia,4
3055064,Nabati:Lucia,5
3065064,Nabati:Lucia,6
3015065,Nabati:Lee,1
3025065,Nabati:Lee,2
3035065,Nabati:Lee,3
3045065,Nabati:Lee,4
3055065,Nabati:Lee,5
3065065,Nabati:Lee,6
3015066,Nabati:Liv,1
3025066,Nabati:Liv,2
3035066,Nabati:Liv,3
3045066,Nabati:Liv,4
3055066,Nabati:Liv,5
3065066,Nabati:Liv,6
3015067,TreasureGem:Bianca,1
3025067,TreasureGem:Bianca,2
3035067,TreasureGem:Bianca,3
3045067,TreasureGem:Bianca,4
3055067,TreasureGem:Bianca,5
3065067,TreasureGem:Bianca,6
3015068,TreasureGem:Nanami,1
3025068,TreasureGem:Nanami,2
3035068,TreasureGem:Nanami,3
3045068,TreasureGem:Nanami,4
3055068,TreasureGem:Nanami,5
3065068,TreasureGem:Nanami,6
3015069,Nanami:Holoverse,1
3025069,Nanami:Holoverse,2
3035069,Nanami:Holoverse,3
3045069,Nanami:Holoverse,4
3055069,Nanami:Holoverse,5
3065069,Nanami:Holoverse,6
3015070,Lawson:MindStation,1
3025070,Lawson:MindStation,2
3035070,Lawson:MindStation,3
3045070,Lawson:MindStation,4
3055070,Lawson:MindStation,5
3065070,Lawson:MindStation,6
3015071,GrandFeastofLight,1
3025071,GrandFeastofLight,2
3035071,GrandFeastofLight,3
3045071,GrandFeastofLight,4
3055071,GrandFeastofLight,5
3065071,GrandFeastofLight,6
3015072,Liv:TravelNotes,1
3025072,Liv:TravelNotes,2
3035072,Liv:TravelNotes,3
3045072,Liv:TravelNotes,4
3055072,Liv:TravelNotes,5
3065072,Liv:TravelNotes,6
3015501,Cerberus-RaveParty,1
3025501,Cerberus-RaveParty,2
3035501,Cerberus-RaveParty,3
3045501,Cerberus-RaveParty,4
3015650,Lucia-SummerDaze,1
3025650,Lucia-SummerDaze,2
3035650,Lucia-SummerDaze,3
3045650,Lucia-SummerDaze,4
3055650,Lucia-SummerDaze,5
3065650,Lucia-SummerDaze,6
