Id	Name	Title	NameplateQuality	Group	Description	Hint	NameplateGetWay	NameplateUpgradeType	Duration	IconType	Icon	BackBoard	OutLineColor	QualityIcon	Params	DecomposeExp	UpgradeExp	ConvertItemId	ConvertItemCount	ExpireTimeStr	PlusTime	EffectRes
17000001	10001	10002	1	1	3	[4]	5	1	604800	2	Assets/Product/Texture/Atlas/UiNameplate/UiNameplateGold.png	Assets/Product/Texture/Atlas/UiNameplate/UiNameplateGold.png	303030FF	Assets/Product/Texture/Atlas/UiCollection/CollectionLevel10.png								
17000002	20001	20002	2	1	3	[4]	5	1	604800	2	Assets/Product/Texture/Atlas/UiNameplate/UiNameplateGold.png	Assets/Product/Texture/Atlas/UiNameplate/UiNameplateGold.png	303031FF	Assets/Product/Texture/Atlas/UiCollection/CollectionLevel11.png								
17000003	30001	30002	3	1	3	[4]	5	1	604800	2	Assets/Product/Texture/Atlas/UiNameplate/UiNameplateGold.png	Assets/Product/Texture/Atlas/UiNameplate/UiNameplateGold.png	303032FF	Assets/Product/Texture/Atlas/UiCollection/CollectionLevel20.png								
17000004	40001	40002	1	2	6	[7,8]	5	2	604800	2	Assets/Product/Texture/Atlas/UiNameplate/UiNameplateGold.png	Assets/Product/Texture/Atlas/UiNameplate/UiNameplateGold.png	303033FF	Assets/Product/Texture/Atlas/UiCollection/CollectionLevel21.png	[1,20]							
17000005	50001	50002	2	2	6	[7,8]	5	2	604800	2	Assets/Product/Texture/Atlas/UiNameplate/UiNameplateGold.png	Assets/Product/Texture/Atlas/UiNameplate/UiNameplateGold.png	303034FF	Assets/Product/Texture/Atlas/UiCollection/CollectionLevel22.png	[1,50]							
17000006	60001	60002	3	2	6	[7,8]	5	2	604800	2	Assets/Product/Texture/Atlas/UiNameplate/UiNameplateGold.png	Assets/Product/Texture/Atlas/UiNameplate/UiNameplateGold.png	303035FF	Assets/Product/Texture/Atlas/UiCollection/CollectionLevel30.png								
17000007	70001	70002	1	3	9	[500010]	5	3	604800	2	Assets/Product/Texture/Atlas/UiNameplate/UiNameplateGold.png	Assets/Product/Texture/Atlas/UiNameplate/UiNameplateGold.png	303036FF	Assets/Product/Texture/Atlas/UiCollection/CollectionLevel31.png		50	200					
17000008	80001	80002	2	3	9	[1000010]	5	3	604800	2	Assets/Product/Texture/Atlas/UiNameplate/UiNameplateGold.png	Assets/Product/Texture/Atlas/UiNameplate/UiNameplateGold.png	303037FF	Assets/Product/Texture/Atlas/UiCollection/CollectionLevel32.png		100	300					
17000009	90001	90002	3	3	9	[1500010]	5	3	604800	2	Assets/Product/Texture/Atlas/UiNameplate/UiNameplateGold.png	Assets/Product/Texture/Atlas/UiNameplate/UiNameplateGold.png	303038FF	Assets/Product/Texture/Atlas/UiCollection/CollectionLevel33.png		150	500					
17000010	100001	100002	1	4	11	[5000012]	5	4	604800	2	Assets/Product/Texture/Atlas/UiNameplate/UiNameplateGold.png	Assets/Product/Texture/Atlas/UiNameplate/UiNameplateGold.png	303039FF	Assets/Product/Texture/Atlas/UiCollection/CollectionLevel10.png				1	500			
17000011	110001	110002	2	4	11	[10000012]	5	4	604800	2	Assets/Product/Texture/Atlas/UiNameplate/UiNameplateGold.png	Assets/Product/Texture/Atlas/UiNameplate/UiNameplateGold.png	303040FF	Assets/Product/Texture/Atlas/UiCollection/CollectionLevel11.png				1	1000			
17000012	120001	120002	3	4	11	[15000012]	5	4	604800	2	Assets/Product/Texture/Atlas/UiNameplate/UiNameplateGold.png	Assets/Product/Texture/Atlas/UiNameplate/UiNameplateGold.png	303041FF	Assets/Product/Texture/Atlas/UiCollection/CollectionLevel20.png				1	1500			
17000013	130001	130002	1	5	13	[14]	5	1		2	Assets/Product/Texture/Atlas/UiNameplate/UiNameplateGold.png	Assets/Product/Texture/Atlas/UiNameplate/UiNameplateGold.png	303042FF	Assets/Product/Texture/Atlas/UiCollection/CollectionLevel21.png								
17000014	140001	140002	2	5	13	[14]	5	1		2	Assets/Product/Texture/Atlas/UiNameplate/UiNameplateGold.png	Assets/Product/Texture/Atlas/UiNameplate/UiNameplateGold.png	303043FF	Assets/Product/Texture/Atlas/UiCollection/CollectionLevel22.png								
17000015	150001	150002	3	5	13	[14]	5	1		2	Assets/Product/Texture/Atlas/UiNameplate/UiNameplateGold.png	Assets/Product/Texture/Atlas/UiNameplate/UiNameplateGold.png	303044FF	Assets/Product/Texture/Atlas/UiCollection/CollectionLevel30.png								
17000016	160001	160002	1	6	15	[16]	5	1		2	Assets/Product/Texture/Atlas/UiNameplate/UiNameplateGold.png	Assets/Product/Texture/Atlas/UiNameplate/UiNameplateGold.png	303045FF	Assets/Product/Texture/Atlas/UiCollection/CollectionLevel31.png						2021/4/5		
17000017	170001	170002	2	6	15	[16]	5	1		2	Assets/Product/Texture/Atlas/UiNameplate/UiNameplateGold.png	Assets/Product/Texture/Atlas/UiNameplate/UiNameplateGold.png	303046FF	Assets/Product/Texture/Atlas/UiCollection/CollectionLevel32.png						2021/4/5		
17000018	180001	180002	3	6	15	[16]	5	1		2	Assets/Product/Texture/Atlas/UiNameplate/UiNameplateGold.png	Assets/Product/Texture/Atlas/UiNameplate/UiNameplateGold.png	303047FF	Assets/Product/Texture/Atlas/UiCollection/CollectionLevel33.png						2021/4/5		
17000019	190001	190002	1	7	17	[18]	5	1	604800	2	Assets/Product/Texture/Atlas/UiNameplate/UiNameplateGold.png	Assets/Product/Texture/Atlas/UiNameplate/UiNameplateGold.png	303048FF	Assets/Product/Texture/Atlas/UiCollection/CollectionLevel10.png						2021/4/5		
17000020	200001	200002	2	7	17	[18]	5	1	604800	2	Assets/Product/Texture/Atlas/UiNameplate/UiNameplateGold.png	Assets/Product/Texture/Atlas/UiNameplate/UiNameplateGold.png	303049FF	Assets/Product/Texture/Atlas/UiCollection/CollectionLevel11.png						2021/4/5		
17000021	210001	210002	3	7	17	[18]	5	1	604800	2	Assets/Product/Texture/Atlas/UiNameplate/UiNameplateGold.png	Assets/Product/Texture/Atlas/UiNameplate/UiNameplateGold.png	303050FF	Assets/Product/Texture/Atlas/UiCollection/CollectionLevel20.png						2021/4/5		
17000022	10019	20	1	8	10019	[300021]	5	1		2	Assets/Product/Texture/Atlas/UiNameplate/UiNameplateGold.png	Assets/Product/Texture/Atlas/UiNameplate/UiNameplateGold.png	303048FF	Assets/Product/Texture/Atlas/UiCollection/CollectionLevel10.png							30	
17000023	20019	20	2	8	20019	[22]	5	1	604800	2	Assets/Product/Texture/Atlas/UiNameplate/UiNameplateGold.png	Assets/Product/Texture/Atlas/UiNameplate/UiNameplateGold.png	303049FF	Assets/Product/Texture/Atlas/UiCollection/CollectionLevel11.png								
17000024	30019	20	3	8	30019	[120023]	5	1		2	Assets/Product/Texture/Atlas/UiNameplate/UiNameplateGold.png	Assets/Product/Texture/Atlas/UiNameplate/UiNameplateGold.png	303050FF	Assets/Product/Texture/Atlas/UiCollection/CollectionLevel20.png							43200	
17000025	40019	20	4	8	40019	[120023]	5	1		2	Assets/Product/Texture/Atlas/UiNameplate/UiNameplateGold.png	Assets/Product/Texture/Atlas/UiNameplate/UiNameplateGold.png	303050FF	Assets/Product/Texture/Atlas/UiCollection/CollectionLevel20.png							43200	
17000026	10024	20	1	9	10024	[300021]	5	3		2	Assets/Product/Texture/Atlas/UiNameplate/UiNameplateGold.png	Assets/Product/Texture/Atlas/UiNameplate/UiNameplateGold.png	303036FF	Assets/Product/Texture/Atlas/UiCollection/CollectionLevel31.png		50	100				30	
17000027	20024	20	2	9	20024	[22]	5	3	604800	2	Assets/Product/Texture/Atlas/UiNameplate/UiNameplateGold.png	Assets/Product/Texture/Atlas/UiNameplate/UiNameplateGold.png	303037FF	Assets/Product/Texture/Atlas/UiCollection/CollectionLevel32.png		100	200					
17000028	30024	20	3	9	30024	[240023]	5	3		2	Assets/Product/Texture/Atlas/UiNameplate/UiNameplateGold.png	Assets/Product/Texture/Atlas/UiNameplate/UiNameplateGold.png	303038FF	Assets/Product/Texture/Atlas/UiCollection/CollectionLevel33.png		150	300				86400	
17000029	40024	20	4	9	40024	[240023]	5	3		2	Assets/Product/Texture/Atlas/UiNameplate/UiNameplateGold.png	Assets/Product/Texture/Atlas/UiNameplate/UiNameplateGold.png	303038FF	Assets/Product/Texture/Atlas/UiCollection/CollectionLevel33.png		200	400				86400	
17040101	25	25	1	401	26	[100000027,225000028]	29	2		2		Assets/Product/Texture/Atlas/UiNameplate/UiNameplateCopper.png	303030	Assets/Product/Texture/Atlas/UiCollection/CollectionLevel31.png	[1,10000]							
17040102	25	25	2	401	26	[100000027,225000028]	29	2		2		Assets/Product/Texture/Atlas/UiNameplate/UiNameplateSilver.png	303030	Assets/Product/Texture/Atlas/UiCollection/CollectionLevel32.png	[1,22500]							
17040103	25	25	3	401	26	[100000027,225000028]	29	2		2		Assets/Product/Texture/Atlas/UiNameplate/UiNameplateGold.png	582903	Assets/Product/Texture/Atlas/UiCollection/CollectionLevel33.png								
17040201	30	30	1	402	31	[100000032,225000033]	29	2		2		Assets/Product/Texture/Atlas/UiNameplate/UiNameplateCopper.png	303030	Assets/Product/Texture/Atlas/UiCollection/CollectionLevel31.png	[2,10000]							
17040202	30	30	2	402	31	[100000032,225000033]	29	2		2		Assets/Product/Texture/Atlas/UiNameplate/UiNameplateSilver.png	303030	Assets/Product/Texture/Atlas/UiCollection/CollectionLevel32.png	[2,22500]							
17040203	30	30	3	402	31	[100000032,225000033]	29	2		2		Assets/Product/Texture/Atlas/UiNameplate/UiNameplateGold.png	582903	Assets/Product/Texture/Atlas/UiCollection/CollectionLevel33.png								
17040301	34	34	1	403	35	[100000036,225000037]	29	2		2		Assets/Product/Texture/Atlas/UiNameplate/UiNameplateCopper.png	303030	Assets/Product/Texture/Atlas/UiCollection/CollectionLevel31.png	[3,10000]							
17040302	34	34	2	403	35	[100000036,225000037]	29	2		2		Assets/Product/Texture/Atlas/UiNameplate/UiNameplateSilver.png	303030	Assets/Product/Texture/Atlas/UiCollection/CollectionLevel32.png	[3,22500]							
17040303	34	34	3	403	35	[100000036,225000037]	29	2		2		Assets/Product/Texture/Atlas/UiNameplate/UiNameplateGold.png	582903	Assets/Product/Texture/Atlas/UiCollection/CollectionLevel33.png								
17040401	38	38	1	404	39	[100000040,225000041]	29	2		2		Assets/Product/Texture/Atlas/UiNameplate/UiNameplateCopper.png	303030	Assets/Product/Texture/Atlas/UiCollection/CollectionLevel31.png	[4,10000]							
17040402	38	38	2	404	39	[100000040,225000041]	29	2		2		Assets/Product/Texture/Atlas/UiNameplate/UiNameplateSilver.png	303030	Assets/Product/Texture/Atlas/UiCollection/CollectionLevel32.png	[4,22500]							
17040403	38	38	3	404	39	[100000040,225000041]	29	2		2		Assets/Product/Texture/Atlas/UiNameplate/UiNameplateGold.png	582903	Assets/Product/Texture/Atlas/UiCollection/CollectionLevel33.png								
17040501	42	42	1	405	43	[100000044,225000045]	29	2		2		Assets/Product/Texture/Atlas/UiNameplate/UiNameplateCopper.png	303030	Assets/Product/Texture/Atlas/UiCollection/CollectionLevel31.png	[5,10000]							
17040502	42	42	2	405	43	[100000044,225000045]	29	2		2		Assets/Product/Texture/Atlas/UiNameplate/UiNameplateSilver.png	303030	Assets/Product/Texture/Atlas/UiCollection/CollectionLevel32.png	[5,22500]							
17040503	42	42	3	405	43	[100000044,225000045]	29	2		2		Assets/Product/Texture/Atlas/UiNameplate/UiNameplateGold.png	582903	Assets/Product/Texture/Atlas/UiCollection/CollectionLevel33.png								
17040601	46	46	1	406	47	[100000048,225000049]	29	2		2		Assets/Product/Texture/Atlas/UiNameplate/UiNameplateCopper.png	303030	Assets/Product/Texture/Atlas/UiCollection/CollectionLevel31.png	[6,10000]							
17040602	46	46	2	406	47	[100000048,225000049]	29	2		2		Assets/Product/Texture/Atlas/UiNameplate/UiNameplateSilver.png	303030	Assets/Product/Texture/Atlas/UiCollection/CollectionLevel32.png	[6,22500]							
17040603	46	46	3	406	47	[100000048,225000049]	29	2		2		Assets/Product/Texture/Atlas/UiNameplate/UiNameplateGold.png	582903	Assets/Product/Texture/Atlas/UiCollection/CollectionLevel33.png								
17040701	50	50	1	407	51	[100000052,225000053]	29	2		2		Assets/Product/Texture/Atlas/UiNameplate/UiNameplateCopper.png	303030	Assets/Product/Texture/Atlas/UiCollection/CollectionLevel31.png	[7,10000]							
17040702	50	50	2	407	51	[100000052,225000053]	29	2		2		Assets/Product/Texture/Atlas/UiNameplate/UiNameplateSilver.png	303030	Assets/Product/Texture/Atlas/UiCollection/CollectionLevel32.png	[7,22500]							
17040703	50	50	3	407	51	[100000052,225000053]	29	2		2		Assets/Product/Texture/Atlas/UiNameplate/UiNameplateGold.png	582903	Assets/Product/Texture/Atlas/UiCollection/CollectionLevel33.png								
17040801	54	54	1	408	55	[100000056,225000057]	29	2		2		Assets/Product/Texture/Atlas/UiNameplate/UiNameplateCopper.png	303030	Assets/Product/Texture/Atlas/UiCollection/CollectionLevel31.png	[8,10000]							
17040802	54	54	2	408	55	[100000056,225000057]	29	2		2		Assets/Product/Texture/Atlas/UiNameplate/UiNameplateSilver.png	303030	Assets/Product/Texture/Atlas/UiCollection/CollectionLevel32.png	[8,22500]							
17040803	54	54	3	408	55	[100000056,225000057]	29	2		2		Assets/Product/Texture/Atlas/UiNameplate/UiNameplateGold.png	582903	Assets/Product/Texture/Atlas/UiCollection/CollectionLevel33.png								
17040901	58	58	1	409	59	[100000060,225000061]	29	2		2		Assets/Product/Texture/Atlas/UiNameplate/UiNameplateCopper.png	303030	Assets/Product/Texture/Atlas/UiCollection/CollectionLevel31.png	[9,10000]							
17040902	58	58	2	409	59	[100000060,225000061]	29	2		2		Assets/Product/Texture/Atlas/UiNameplate/UiNameplateSilver.png	303030	Assets/Product/Texture/Atlas/UiCollection/CollectionLevel32.png	[9,22500]							
17040903	58	58	3	409	59	[100000060,225000061]	29	2		2		Assets/Product/Texture/Atlas/UiNameplate/UiNameplateGold.png	582903	Assets/Product/Texture/Atlas/UiCollection/CollectionLevel33.png								
17041001	62	62	1	410	63	[100000064,225000065]	29	2		2		Assets/Product/Texture/Atlas/UiNameplate/UiNameplateCopper.png	303030	Assets/Product/Texture/Atlas/UiCollection/CollectionLevel31.png	[10,10000]							
17041002	62	62	2	410	63	[100000064,225000065]	29	2		2		Assets/Product/Texture/Atlas/UiNameplate/UiNameplateSilver.png	303030	Assets/Product/Texture/Atlas/UiCollection/CollectionLevel32.png	[10,22500]							
17041003	62	62	3	410	63	[100000064,225000065]	29	2		2		Assets/Product/Texture/Atlas/UiNameplate/UiNameplateGold.png	582903	Assets/Product/Texture/Atlas/UiCollection/CollectionLevel33.png								
17041101	66	66	1	411	67	[100000068,225000069]	29	2		2		Assets/Product/Texture/Atlas/UiNameplate/UiNameplateCopper.png	303030	Assets/Product/Texture/Atlas/UiCollection/CollectionLevel31.png	[11,10000]							
17041102	66	66	2	411	67	[100000068,225000069]	29	2		2		Assets/Product/Texture/Atlas/UiNameplate/UiNameplateSilver.png	303030	Assets/Product/Texture/Atlas/UiCollection/CollectionLevel32.png	[11,22500]							
17041103	66	66	3	411	67	[100000068,225000069]	29	2		2		Assets/Product/Texture/Atlas/UiNameplate/UiNameplateGold.png	582903	Assets/Product/Texture/Atlas/UiCollection/CollectionLevel33.png								
17041201	70	70	1	412	71	[100000072,225000073]	29	2		2		Assets/Product/Texture/Atlas/UiNameplate/UiNameplateCopper.png	303030	Assets/Product/Texture/Atlas/UiCollection/CollectionLevel31.png	[12,10000]							
17041202	70	70	2	412	71	[100000072,225000073]	29	2		2		Assets/Product/Texture/Atlas/UiNameplate/UiNameplateSilver.png	303030	Assets/Product/Texture/Atlas/UiCollection/CollectionLevel32.png	[12,22500]							
17041203	70	70	3	412	71	[100000072,225000073]	29	2		2		Assets/Product/Texture/Atlas/UiNameplate/UiNameplateGold.png	582903	Assets/Product/Texture/Atlas/UiCollection/CollectionLevel33.png								
17041301	74	74	1	413	75	[100000076,225000077]	29	2		2		Assets/Product/Texture/Atlas/UiNameplate/UiNameplateCopper.png	303030	Assets/Product/Texture/Atlas/UiCollection/CollectionLevel31.png	[13,10000]							
17041302	74	74	2	413	75	[100000076,225000077]	29	2		2		Assets/Product/Texture/Atlas/UiNameplate/UiNameplateSilver.png	303030	Assets/Product/Texture/Atlas/UiCollection/CollectionLevel32.png	[13,22500]							
17041303	74	74	3	413	75	[100000076,225000077]	29	2		2		Assets/Product/Texture/Atlas/UiNameplate/UiNameplateGold.png	582903	Assets/Product/Texture/Atlas/UiCollection/CollectionLevel33.png								
17041401	78	78	1	414	79	[100000080,225000081]	29	2		2		Assets/Product/Texture/Atlas/UiNameplate/UiNameplateCopper.png	303030	Assets/Product/Texture/Atlas/UiCollection/CollectionLevel31.png	[14,10000]							
17041402	78	78	2	414	79	[100000080,225000081]	29	2		2		Assets/Product/Texture/Atlas/UiNameplate/UiNameplateSilver.png	303030	Assets/Product/Texture/Atlas/UiCollection/CollectionLevel32.png	[14,22500]							
17041403	78	78	3	414	79	[100000080,225000081]	29	2		2		Assets/Product/Texture/Atlas/UiNameplate/UiNameplateGold.png	582903	Assets/Product/Texture/Atlas/UiCollection/CollectionLevel33.png								
17041501	82	82	1	415	83	[100000084,225000085]	29	2		2		Assets/Product/Texture/Atlas/UiNameplate/UiNameplateCopper.png	303030	Assets/Product/Texture/Atlas/UiCollection/CollectionLevel31.png	[15,10000]							
17041502	82	82	2	415	83	[100000084,225000085]	29	2		2		Assets/Product/Texture/Atlas/UiNameplate/UiNameplateSilver.png	303030	Assets/Product/Texture/Atlas/UiCollection/CollectionLevel32.png	[15,22500]							
17041503	82	82	3	415	83	[100000084,225000085]	29	2		2		Assets/Product/Texture/Atlas/UiNameplate/UiNameplateGold.png	582903	Assets/Product/Texture/Atlas/UiCollection/CollectionLevel33.png								
17041601	86	86	1	416	87	[100000088,225000089]	29	2		2		Assets/Product/Texture/Atlas/UiNameplate/UiNameplateCopper.png	303030	Assets/Product/Texture/Atlas/UiCollection/CollectionLevel31.png	[16,10000]							
17041602	86	86	2	416	87	[100000088,225000089]	29	2		2		Assets/Product/Texture/Atlas/UiNameplate/UiNameplateSilver.png	303030	Assets/Product/Texture/Atlas/UiCollection/CollectionLevel32.png	[16,22500]							
17041603	86	86	3	416	87	[100000088,225000089]	29	2		2		Assets/Product/Texture/Atlas/UiNameplate/UiNameplateGold.png	582903	Assets/Product/Texture/Atlas/UiCollection/CollectionLevel33.png								
17041701	90	90	1	417	91	[100000092,225000093]	29	2		2		Assets/Product/Texture/Atlas/UiNameplate/UiNameplateCopper.png	303030	Assets/Product/Texture/Atlas/UiCollection/CollectionLevel31.png	[17,10000]							
17041702	90	90	2	417	91	[100000092,225000093]	29	2		2		Assets/Product/Texture/Atlas/UiNameplate/UiNameplateSilver.png	303030	Assets/Product/Texture/Atlas/UiCollection/CollectionLevel32.png	[17,22500]							
17041703	90	90	3	417	91	[100000092,225000093]	29	2		2		Assets/Product/Texture/Atlas/UiNameplate/UiNameplateGold.png	582903	Assets/Product/Texture/Atlas/UiCollection/CollectionLevel33.png								
17041801	94	94	1	418	95	[100000096,225000097]	29	2		2		Assets/Product/Texture/Atlas/UiNameplate/UiNameplateCopper.png	303030	Assets/Product/Texture/Atlas/UiCollection/CollectionLevel31.png	[18,10000]							
17041802	94	94	2	418	95	[100000096,225000097]	29	2		2		Assets/Product/Texture/Atlas/UiNameplate/UiNameplateSilver.png	303030	Assets/Product/Texture/Atlas/UiCollection/CollectionLevel32.png	[18,22500]							
17041803	94	94	3	418	95	[100000096,225000097]	29	2		2		Assets/Product/Texture/Atlas/UiNameplate/UiNameplateGold.png	582903	Assets/Product/Texture/Atlas/UiCollection/CollectionLevel33.png								
17041901	98	98	1	419	99	[100000100,225000101]	29	2		2		Assets/Product/Texture/Atlas/UiNameplate/UiNameplateCopper.png	303030	Assets/Product/Texture/Atlas/UiCollection/CollectionLevel31.png	[19,10000]							
17041902	98	98	2	419	99	[100000100,225000101]	29	2		2		Assets/Product/Texture/Atlas/UiNameplate/UiNameplateSilver.png	303030	Assets/Product/Texture/Atlas/UiCollection/CollectionLevel32.png	[19,22500]							
17041903	98	98	3	419	99	[100000100,225000101]	29	2		2		Assets/Product/Texture/Atlas/UiNameplate/UiNameplateGold.png	582903	Assets/Product/Texture/Atlas/UiCollection/CollectionLevel33.png								
17042001	102	102	1	420	103	[100000104,225000105]	29	2		2		Assets/Product/Texture/Atlas/UiNameplate/UiNameplateCopper.png	303030	Assets/Product/Texture/Atlas/UiCollection/CollectionLevel31.png	[20,10000]							
17042002	102	102	2	420	103	[100000104,225000105]	29	2		2		Assets/Product/Texture/Atlas/UiNameplate/UiNameplateSilver.png	303030	Assets/Product/Texture/Atlas/UiCollection/CollectionLevel32.png	[20,22500]							
17042003	102	102	3	420	103	[100000104,225000105]	29	2		2		Assets/Product/Texture/Atlas/UiNameplate/UiNameplateGold.png	582903	Assets/Product/Texture/Atlas/UiCollection/CollectionLevel33.png								
17042101	106	106	1	421	107	[100000108,225000109]	29	2		2		Assets/Product/Texture/Atlas/UiNameplate/UiNameplateCopper.png	303030	Assets/Product/Texture/Atlas/UiCollection/CollectionLevel31.png	[21,10000]							
17042102	106	106	2	421	107	[100000108,225000109]	29	2		2		Assets/Product/Texture/Atlas/UiNameplate/UiNameplateSilver.png	303030	Assets/Product/Texture/Atlas/UiCollection/CollectionLevel32.png	[21,22500]							
17042103	106	106	3	421	107	[100000108,225000109]	29	2		2		Assets/Product/Texture/Atlas/UiNameplate/UiNameplateGold.png	582903	Assets/Product/Texture/Atlas/UiCollection/CollectionLevel33.png								
17042201	110	110	1	422	111	[100000112,225000113]	29	2		2		Assets/Product/Texture/Atlas/UiNameplate/UiNameplateCopper.png	303030	Assets/Product/Texture/Atlas/UiCollection/CollectionLevel31.png	[22,10000]							
17042202	110	110	2	422	111	[100000112,225000113]	29	2		2		Assets/Product/Texture/Atlas/UiNameplate/UiNameplateSilver.png	303030	Assets/Product/Texture/Atlas/UiCollection/CollectionLevel32.png	[22,22500]							
17042203	110	110	3	422	111	[100000112,225000113]	29	2		2		Assets/Product/Texture/Atlas/UiNameplate/UiNameplateGold.png	582903	Assets/Product/Texture/Atlas/UiCollection/CollectionLevel33.png								
17042301	114	114	1	423	115	[100000116,225000117]	29	2		2		Assets/Product/Texture/Atlas/UiNameplate/UiNameplateCopper.png	303030	Assets/Product/Texture/Atlas/UiCollection/CollectionLevel31.png	[23,10000]							
17042302	114	114	2	423	115	[100000116,225000117]	29	2		2		Assets/Product/Texture/Atlas/UiNameplate/UiNameplateSilver.png	303030	Assets/Product/Texture/Atlas/UiCollection/CollectionLevel32.png	[23,22500]							
17042303	114	114	3	423	115	[100000116,225000117]	29	2		2		Assets/Product/Texture/Atlas/UiNameplate/UiNameplateGold.png	582903	Assets/Product/Texture/Atlas/UiCollection/CollectionLevel33.png								
17042401	118	118	1	424	119	[100000120,225000121]	29	2		2		Assets/Product/Texture/Atlas/UiNameplate/UiNameplateCopper.png	303030	Assets/Product/Texture/Atlas/UiCollection/CollectionLevel31.png	[24,10000]							
17042402	118	118	2	424	119	[100000120,225000121]	29	2		2		Assets/Product/Texture/Atlas/UiNameplate/UiNameplateSilver.png	303030	Assets/Product/Texture/Atlas/UiCollection/CollectionLevel32.png	[24,22500]							
17042403	118	118	3	424	119	[100000120,225000121]	29	2		2		Assets/Product/Texture/Atlas/UiNameplate/UiNameplateGold.png	582903	Assets/Product/Texture/Atlas/UiCollection/CollectionLevel33.png								
17050101	122	122	1	501	123	[150124]	10125	3	1296000	1	Assets/Product/Texture/Atlas/UiNameplate/UiNameplateT101.png					100	100					Assets/Product/Effect/Prefab/FxUi/FxUiChatServeMain/FxUiChatServeNameplateT101.prefab
17050102	122	122	2	501	123	[300124]	10125	3	2592000	1	Assets/Product/Texture/Atlas/UiNameplate/UiNameplateT101.png					100	100					Assets/Product/Effect/Prefab/FxUi/FxUiChatServeMain/FxUiChatServeNameplateT101.prefab
17050103	122	122	3	501	123	[450124]	10125	3	3888000	1	Assets/Product/Texture/Atlas/UiNameplate/UiNameplateT101.png					100						Assets/Product/Effect/Prefab/FxUi/FxUiChatServeMain/FxUiChatServeNameplateT101.prefab
17050104	126	126	1	502	127	[150128]	300129	3	1296000	1	Assets/Product/Texture/Atlas/UiNameplate/UiNameplatet204.png					100	100					
17050105	126	126	2	502	127	[150128]	300130	3	1296000	1	Assets/Product/Texture/Atlas/UiNameplate/UiNameplateT202.png					100	100					
17050106	126	126	3	502	127	[150128]	100130	3	1296000	1	Assets/Product/Texture/Atlas/UiNameplate/UiNameplateT209.png					100						
17050107	131	131	1	503	127	[150128]	300132	3	1296000	1	Assets/Product/Texture/Atlas/UiNameplate/UiNameplateT207.png					100	100					
17050108	131	131	2	503	127	[150128]	300133	3	1296000	1	Assets/Product/Texture/Atlas/UiNameplate/UiNameplateT205.png					100	100					
17050109	131	131	3	503	127	[150128]	100133	3	1296000	1	Assets/Product/Texture/Atlas/UiNameplate/UiNameplateT201.png					100						
17050110	134	134	1	504	127	[150128]	300135	3	1296000	1	Assets/Product/Texture/Atlas/UiNameplate/UiNameplateT203.png					100	100					
17050111	134	134	2	504	127	[150128]	300136	3	1296000	1	Assets/Product/Texture/Atlas/UiNameplate/UiNameplateT208.png					100	100					
17050112	134	134	3	504	127	[150128]	100136	3	1296000	1	Assets/Product/Texture/Atlas/UiNameplate/UiNameplatet206.png					100						
17050113	137	137	1	601	138	[70139]	140	1	604800	1	Assets/Product/Texture/Atlas/UiNameplate/UiNameplateSingleBossT1N1s.png											Assets/Product/Effect/Prefab/FxUi/FxUiChatServeMain/FxUiChatServeNameplateT1N1.prefab
17050114	141	141	1	602	142	[70139]	143	1	604800	1	Assets/Product/Texture/Atlas/UiNameplate/UiNameplateSingleBossT2N1s.png											
17050115	144	144	1	603	145	[70139]	146	1	604800	1	Assets/Product/Texture/Atlas/UiNameplate/UiNameplateSingleBossT2N2s.png											
17050116	147	147	3	604	148	[70139]	10149	1	604800	1	Assets/Product/Texture/Atlas/UiNameplate/UiNameplateSingleBossT1N2s.png											Assets/Product/Effect/Prefab/FxUi/FxUiChatServeMain/FxUiChatServeNameplateT1N2.prefab
17050117	150	150	2	605	151	[70139]	152	1	604800	1	Assets/Product/Texture/Atlas/UiNameplate/UiNameplateSingleBossT2N3s.png											
17050118	153	153	1	606	154	[70139]	155	1	604800	1	Assets/Product/Texture/Atlas/UiNameplate/UiNameplateSingleBossT2N4s.png											
17060101	156	156	1	701	26	[200000157,450000028]	29	2		2		Assets/Product/Texture/Atlas/UiNameplate/UINameplatetMoeWar01.png	4d4d50	Assets/Product/Texture/Atlas/UiCollection/CollectionLevel31.png	[201,20000]							
17060102	156	156	2	701	26	[200000157,450000028]	29	2		2		Assets/Product/Texture/Atlas/UiNameplate/UINameplatetMoeWar02.png	414c72	Assets/Product/Texture/Atlas/UiCollection/CollectionLevel32.png	[201,45000]							
17060103	156	156	3	701	26	[200000157,450000028]	29	2		1	Assets/Product/Texture/Atlas/UiNameplate/UINameplatetMoeWar08.png											Assets/Product/Effect/Prefab/FxUi/FxUiChatServeMain/FxUiChatServeMainJiangbing.prefab
17060201	158	158	1	702	31	[200000159,450000033]	29	2		2		Assets/Product/Texture/Atlas/UiNameplate/UINameplatetMoeWar01.png	4d4d50	Assets/Product/Texture/Atlas/UiCollection/CollectionLevel31.png	[202,20000]							
17060202	158	158	2	702	31	[200000159,450000033]	29	2		2		Assets/Product/Texture/Atlas/UiNameplate/UINameplatetMoeWar02.png	414c72	Assets/Product/Texture/Atlas/UiCollection/CollectionLevel32.png	[202,45000]							
17060203	158	158	3	702	31	[200000159,450000033]	29	2		1	Assets/Product/Texture/Atlas/UiNameplate/UINameplatetMoeWar16.png											Assets/Product/Effect/Prefab/FxUi/FxUiChatServeMain/FxUiChatServeMainJiangbing.prefab
17060301	160	160	1	703	35	[200000161,450000037]	29	2		2		Assets/Product/Texture/Atlas/UiNameplate/UINameplatetMoeWar01.png	4d4d50	Assets/Product/Texture/Atlas/UiCollection/CollectionLevel31.png	[203,20000]							
17060302	160	160	2	703	35	[200000161,450000037]	29	2		2		Assets/Product/Texture/Atlas/UiNameplate/UINameplatetMoeWar02.png	414c72	Assets/Product/Texture/Atlas/UiCollection/CollectionLevel32.png	[203,45000]							
17060303	160	160	3	703	35	[200000161,450000037]	29	2		1	Assets/Product/Texture/Atlas/UiNameplate/UINameplatetMoeWar23.png											Assets/Product/Effect/Prefab/FxUi/FxUiChatServeMain/FxUiChatServeMainJiangbing.prefab
17060401	162	162	1	704	39	[200000163,450000041]	29	2		2		Assets/Product/Texture/Atlas/UiNameplate/UINameplatetMoeWar01.png	4d4d50	Assets/Product/Texture/Atlas/UiCollection/CollectionLevel31.png	[204,20000]							
17060402	162	162	2	704	39	[200000163,450000041]	29	2		2		Assets/Product/Texture/Atlas/UiNameplate/UINameplatetMoeWar02.png	414c72	Assets/Product/Texture/Atlas/UiCollection/CollectionLevel32.png	[204,45000]							
17060403	162	162	3	704	39	[200000163,450000041]	29	2		1	Assets/Product/Texture/Atlas/UiNameplate/UINameplatetMoeWar21.png											Assets/Product/Effect/Prefab/FxUi/FxUiChatServeMain/FxUiChatServeMainJiangbing.prefab
17060501	164	164	1	705	43	[200000165,450000045]	29	2		2		Assets/Product/Texture/Atlas/UiNameplate/UINameplatetMoeWar01.png	4d4d50	Assets/Product/Texture/Atlas/UiCollection/CollectionLevel31.png	[205,20000]							
17060502	164	164	2	705	43	[200000165,450000045]	29	2		2		Assets/Product/Texture/Atlas/UiNameplate/UINameplatetMoeWar02.png	414c72	Assets/Product/Texture/Atlas/UiCollection/CollectionLevel32.png	[205,45000]							
17060503	164	164	3	705	43	[200000165,450000045]	29	2		1	Assets/Product/Texture/Atlas/UiNameplate/UINameplatetMoeWar05.png											Assets/Product/Effect/Prefab/FxUi/FxUiChatServeMain/FxUiChatServeMainJiangbing.prefab
17060601	166	166	1	706	47	[200000167,450000049]	29	2		2		Assets/Product/Texture/Atlas/UiNameplate/UINameplatetMoeWar01.png	4d4d50	Assets/Product/Texture/Atlas/UiCollection/CollectionLevel31.png	[206,20000]							
17060602	166	166	2	706	47	[200000167,450000049]	29	2		2		Assets/Product/Texture/Atlas/UiNameplate/UINameplatetMoeWar02.png	414c72	Assets/Product/Texture/Atlas/UiCollection/CollectionLevel32.png	[206,45000]							
17060603	166	166	3	706	47	[200000167,450000049]	29	2		1	Assets/Product/Texture/Atlas/UiNameplate/UINameplatetMoeWar10.png											Assets/Product/Effect/Prefab/FxUi/FxUiChatServeMain/FxUiChatServeMainJiangbing.prefab
17060701	168	168	1	707	51	[200000169,450000053]	29	2		2		Assets/Product/Texture/Atlas/UiNameplate/UINameplatetMoeWar01.png	4d4d50	Assets/Product/Texture/Atlas/UiCollection/CollectionLevel31.png	[207,20000]							
17060702	168	168	2	707	51	[200000169,450000053]	29	2		2		Assets/Product/Texture/Atlas/UiNameplate/UINameplatetMoeWar02.png	414c72	Assets/Product/Texture/Atlas/UiCollection/CollectionLevel32.png	[207,45000]							
17060703	168	168	3	707	51	[200000169,450000053]	29	2		1	Assets/Product/Texture/Atlas/UiNameplate/UINameplatetMoeWar13.png											Assets/Product/Effect/Prefab/FxUi/FxUiChatServeMain/FxUiChatServeMainJiangbing.prefab
17060801	170	170	1	708	55	[200000171,450000057]	29	2		2		Assets/Product/Texture/Atlas/UiNameplate/UINameplatetMoeWar01.png	4d4d50	Assets/Product/Texture/Atlas/UiCollection/CollectionLevel31.png	[208,20000]							
17060802	170	170	2	708	55	[200000171,450000057]	29	2		2		Assets/Product/Texture/Atlas/UiNameplate/UINameplatetMoeWar02.png	414c72	Assets/Product/Texture/Atlas/UiCollection/CollectionLevel32.png	[208,45000]							
17060803	170	170	3	708	55	[200000171,450000057]	29	2		1	Assets/Product/Texture/Atlas/UiNameplate/UINameplatetMoeWar11.png											Assets/Product/Effect/Prefab/FxUi/FxUiChatServeMain/FxUiChatServeMainJiangbing.prefab
17060901	172	172	1	709	59	[200000173,450000061]	29	2		2		Assets/Product/Texture/Atlas/UiNameplate/UINameplatetMoeWar01.png	4d4d50	Assets/Product/Texture/Atlas/UiCollection/CollectionLevel31.png	[209,20000]							
17060902	172	172	2	709	59	[200000173,450000061]	29	2		2		Assets/Product/Texture/Atlas/UiNameplate/UINameplatetMoeWar02.png	414c72	Assets/Product/Texture/Atlas/UiCollection/CollectionLevel32.png	[209,45000]							
17060903	172	172	3	709	59	[200000173,450000061]	29	2		1	Assets/Product/Texture/Atlas/UiNameplate/UINameplatetMoeWar03.png											Assets/Product/Effect/Prefab/FxUi/FxUiChatServeMain/FxUiChatServeMainJiangbing.prefab
17061001	174	174	1	710	63	[200000175,450000065]	29	2		2		Assets/Product/Texture/Atlas/UiNameplate/UINameplatetMoeWar01.png	4d4d50	Assets/Product/Texture/Atlas/UiCollection/CollectionLevel31.png	[2010,20000]							
17061002	174	174	2	710	63	[200000175,450000065]	29	2		2		Assets/Product/Texture/Atlas/UiNameplate/UINameplatetMoeWar02.png	414c72	Assets/Product/Texture/Atlas/UiCollection/CollectionLevel32.png	[2010,45000]							
17061003	174	174	3	710	63	[200000175,450000065]	29	2		1	Assets/Product/Texture/Atlas/UiNameplate/UINameplatetMoeWar26.png											Assets/Product/Effect/Prefab/FxUi/FxUiChatServeMain/FxUiChatServeMainJiangbing.prefab
17061101	176	176	1	711	67	[200000177,450000069]	29	2		2		Assets/Product/Texture/Atlas/UiNameplate/UINameplatetMoeWar01.png	4d4d50	Assets/Product/Texture/Atlas/UiCollection/CollectionLevel31.png	[2011,20000]							
17061102	176	176	2	711	67	[200000177,450000069]	29	2		2		Assets/Product/Texture/Atlas/UiNameplate/UINameplatetMoeWar02.png	414c72	Assets/Product/Texture/Atlas/UiCollection/CollectionLevel32.png	[2011,45000]							
17061103	176	176	3	711	67	[200000177,450000069]	29	2		1	Assets/Product/Texture/Atlas/UiNameplate/UINameplatetMoeWar12.png											Assets/Product/Effect/Prefab/FxUi/FxUiChatServeMain/FxUiChatServeMainJiangbing.prefab
17061201	178	178	1	712	71	[200000179,450000073]	29	2		2		Assets/Product/Texture/Atlas/UiNameplate/UINameplatetMoeWar01.png	4d4d50	Assets/Product/Texture/Atlas/UiCollection/CollectionLevel31.png	[2012,20000]							
17061202	178	178	2	712	71	[200000179,450000073]	29	2		2		Assets/Product/Texture/Atlas/UiNameplate/UINameplatetMoeWar02.png	414c72	Assets/Product/Texture/Atlas/UiCollection/CollectionLevel32.png	[2012,45000]							
17061203	178	178	3	712	71	[200000179,450000073]	29	2		1	Assets/Product/Texture/Atlas/UiNameplate/UINameplatetMoeWar09.png											Assets/Product/Effect/Prefab/FxUi/FxUiChatServeMain/FxUiChatServeMainJiangbing.prefab
17061301	180	180	1	713	75	[200000181,450000077]	29	2		2		Assets/Product/Texture/Atlas/UiNameplate/UINameplatetMoeWar01.png	4d4d50	Assets/Product/Texture/Atlas/UiCollection/CollectionLevel31.png	[2013,20000]							
17061302	180	180	2	713	75	[200000181,450000077]	29	2		2		Assets/Product/Texture/Atlas/UiNameplate/UINameplatetMoeWar02.png	414c72	Assets/Product/Texture/Atlas/UiCollection/CollectionLevel32.png	[2013,45000]							
17061303	180	180	3	713	75	[200000181,450000077]	29	2		1	Assets/Product/Texture/Atlas/UiNameplate/UINameplatetMoeWar04.png											Assets/Product/Effect/Prefab/FxUi/FxUiChatServeMain/FxUiChatServeMainJiangbing.prefab
17061401	182	182	1	714	79	[200000183,450000081]	29	2		2		Assets/Product/Texture/Atlas/UiNameplate/UINameplatetMoeWar01.png	4d4d50	Assets/Product/Texture/Atlas/UiCollection/CollectionLevel31.png	[2014,20000]							
17061402	182	182	2	714	79	[200000183,450000081]	29	2		2		Assets/Product/Texture/Atlas/UiNameplate/UINameplatetMoeWar02.png	414c72	Assets/Product/Texture/Atlas/UiCollection/CollectionLevel32.png	[2014,45000]							
17061403	182	182	3	714	79	[200000183,450000081]	29	2		1	Assets/Product/Texture/Atlas/UiNameplate/UINameplatetMoeWar20.png											Assets/Product/Effect/Prefab/FxUi/FxUiChatServeMain/FxUiChatServeMainJiangbing.prefab
17061501	184	184	1	715	83	[200000185,450000085]	29	2		2		Assets/Product/Texture/Atlas/UiNameplate/UINameplatetMoeWar01.png	4d4d50	Assets/Product/Texture/Atlas/UiCollection/CollectionLevel31.png	[2015,20000]							
17061502	184	184	2	715	83	[200000185,450000085]	29	2		2		Assets/Product/Texture/Atlas/UiNameplate/UINameplatetMoeWar02.png	414c72	Assets/Product/Texture/Atlas/UiCollection/CollectionLevel32.png	[2015,45000]							
17061503	184	184	3	715	83	[200000185,450000085]	29	2		1	Assets/Product/Texture/Atlas/UiNameplate/UINameplatetMoeWar22.png											Assets/Product/Effect/Prefab/FxUi/FxUiChatServeMain/FxUiChatServeMainJiangbing.prefab
17061601	186	186	1	716	87	[200000187,450000089]	29	2		2		Assets/Product/Texture/Atlas/UiNameplate/UINameplatetMoeWar01.png	4d4d50	Assets/Product/Texture/Atlas/UiCollection/CollectionLevel31.png	[2016,20000]							
17061602	186	186	2	716	87	[200000187,450000089]	29	2		2		Assets/Product/Texture/Atlas/UiNameplate/UINameplatetMoeWar02.png	414c72	Assets/Product/Texture/Atlas/UiCollection/CollectionLevel32.png	[2016,45000]							
17061603	186	186	3	716	87	[200000187,450000089]	29	2		1	Assets/Product/Texture/Atlas/UiNameplate/UINameplatetMoeWar18.png											Assets/Product/Effect/Prefab/FxUi/FxUiChatServeMain/FxUiChatServeMainJiangbing.prefab
17061701	188	188	1	717	91	[200000189,450000093]	29	2		2		Assets/Product/Texture/Atlas/UiNameplate/UINameplatetMoeWar01.png	4d4d50	Assets/Product/Texture/Atlas/UiCollection/CollectionLevel31.png	[2017,20000]							
17061702	188	188	2	717	91	[200000189,450000093]	29	2		2		Assets/Product/Texture/Atlas/UiNameplate/UINameplatetMoeWar02.png	414c72	Assets/Product/Texture/Atlas/UiCollection/CollectionLevel32.png	[2017,45000]							
17061703	188	188	3	717	91	[200000189,450000093]	29	2		1	Assets/Product/Texture/Atlas/UiNameplate/UINameplatetMoeWar06.png											Assets/Product/Effect/Prefab/FxUi/FxUiChatServeMain/FxUiChatServeMainJiangbing.prefab
17061801	190	190	1	718	95	[200000191,450000097]	29	2		2		Assets/Product/Texture/Atlas/UiNameplate/UINameplatetMoeWar01.png	4d4d50	Assets/Product/Texture/Atlas/UiCollection/CollectionLevel31.png	[2018,20000]							
17061802	190	190	2	718	95	[200000192,450000097]	29	2		2		Assets/Product/Texture/Atlas/UiNameplate/UINameplatetMoeWar02.png	414c72	Assets/Product/Texture/Atlas/UiCollection/CollectionLevel32.png	[2018,45000]							
17061803	190	190	3	718	95	[200000191,450000097]	29	2		1	Assets/Product/Texture/Atlas/UiNameplate/UINameplatetMoeWar14.png											Assets/Product/Effect/Prefab/FxUi/FxUiChatServeMain/FxUiChatServeMainJiangbing.prefab
17061901	193	193	1	719	99	[200000194,450000101]	29	2		2		Assets/Product/Texture/Atlas/UiNameplate/UINameplatetMoeWar01.png	4d4d50	Assets/Product/Texture/Atlas/UiCollection/CollectionLevel31.png	[2019,20000]							
17061902	193	193	2	719	99	[200000194,450000101]	29	2		2		Assets/Product/Texture/Atlas/UiNameplate/UINameplatetMoeWar02.png	414c72	Assets/Product/Texture/Atlas/UiCollection/CollectionLevel32.png	[2019,45000]							
17061903	193	193	3	719	99	[200000194,450000101]	29	2		1	Assets/Product/Texture/Atlas/UiNameplate/UINameplatetMoeWar15.png											Assets/Product/Effect/Prefab/FxUi/FxUiChatServeMain/FxUiChatServeMainJiangbing.prefab
17062001	195	195	1	720	103	[200000196,450000105]	29	2		2		Assets/Product/Texture/Atlas/UiNameplate/UINameplatetMoeWar01.png	4d4d50	Assets/Product/Texture/Atlas/UiCollection/CollectionLevel31.png	[2020,20000]							
17062002	195	195	2	720	103	[200000196,450000105]	29	2		2		Assets/Product/Texture/Atlas/UiNameplate/UINameplatetMoeWar02.png	414c72	Assets/Product/Texture/Atlas/UiCollection/CollectionLevel32.png	[2020,45000]							
17062003	195	195	3	720	103	[200000196,450000105]	29	2		1	Assets/Product/Texture/Atlas/UiNameplate/UINameplatetMoeWar17.png											Assets/Product/Effect/Prefab/FxUi/FxUiChatServeMain/FxUiChatServeMainJiangbing.prefab
17062101	197	197	1	721	107	[200000198,450000109]	29	2		2		Assets/Product/Texture/Atlas/UiNameplate/UINameplatetMoeWar01.png	4d4d50	Assets/Product/Texture/Atlas/UiCollection/CollectionLevel31.png	[2021,20000]							
17062102	197	197	2	721	107	[200000198,450000109]	29	2		2		Assets/Product/Texture/Atlas/UiNameplate/UINameplatetMoeWar02.png	414c72	Assets/Product/Texture/Atlas/UiCollection/CollectionLevel32.png	[2021,45000]							
17062103	197	197	3	721	107	[200000198,450000109]	29	2		1	Assets/Product/Texture/Atlas/UiNameplate/UINameplatetMoeWar19.png											Assets/Product/Effect/Prefab/FxUi/FxUiChatServeMain/FxUiChatServeMainJiangbing.prefab
17062201	199	199	1	722	111	[200000200,450000113]	29	2		2		Assets/Product/Texture/Atlas/UiNameplate/UINameplatetMoeWar01.png	4d4d50	Assets/Product/Texture/Atlas/UiCollection/CollectionLevel31.png	[2022,20000]							
17062202	199	199	2	722	111	[200000200,450000113]	29	2		2		Assets/Product/Texture/Atlas/UiNameplate/UINameplatetMoeWar02.png	414c72	Assets/Product/Texture/Atlas/UiCollection/CollectionLevel32.png	[2022,45000]							
17062203	199	199	3	722	111	[200000200,450000113]	29	2		1	Assets/Product/Texture/Atlas/UiNameplate/UINameplatetMoeWar07.png											Assets/Product/Effect/Prefab/FxUi/FxUiChatServeMain/FxUiChatServeMainJiangbing.prefab
17062301	201	201	1	723	210202	[203,204]	29	2		2		Assets/Product/Texture/Atlas/UiNameplate/UINameplatetMoeWar01.png	4d4d50	Assets/Product/Texture/Atlas/UiCollection/CollectionLevel31.png	[2023,20000]							
17062302	201	201	2	723	210202	[203,204]	29	2		2		Assets/Product/Texture/Atlas/UiNameplate/UINameplatetMoeWar02.png	414c72	Assets/Product/Texture/Atlas/UiCollection/CollectionLevel32.png	[2023,45000]							
17062303	201	201	3	723	210202	[203,204]	29	2		1	Assets/Product/Texture/Atlas/UiNameplate/UINameplatetMoeWar24.png											Assets/Product/Effect/Prefab/FxUi/FxUiChatServeMain/FxUiChatServeMainJiangbing.prefab
17062401	205	205	1	724	206	[200000207,450000208]	29	2		2		Assets/Product/Texture/Atlas/UiNameplate/UINameplatetMoeWar01.png	4d4d50	Assets/Product/Texture/Atlas/UiCollection/CollectionLevel31.png	[2024,20000]							
17062402	205	205	2	724	206	[200000207,450000208]	29	2		2		Assets/Product/Texture/Atlas/UiNameplate/UINameplatetMoeWar02.png	414c72	Assets/Product/Texture/Atlas/UiCollection/CollectionLevel32.png	[2024,45000]							
17062403	205	205	3	724	206	[200000207,450000208]	29	2		1	Assets/Product/Texture/Atlas/UiNameplate/UINameplatetMoeWar27.png											Assets/Product/Effect/Prefab/FxUi/FxUiChatServeMain/FxUiChatServeMainJiangbing.prefab
17062501	209	209	1	725	210	[200000211,450000212]	29	2		2		Assets/Product/Texture/Atlas/UiNameplate/UINameplatetMoeWar01.png	4d4d50	Assets/Product/Texture/Atlas/UiCollection/CollectionLevel31.png	[2025,20000]							
17062502	209	209	2	725	210	[200000211,450000212]	29	2		2		Assets/Product/Texture/Atlas/UiNameplate/UINameplatetMoeWar02.png	414c72	Assets/Product/Texture/Atlas/UiCollection/CollectionLevel32.png	[2025,45000]							
17062503	209	209	3	725	210	[200000211,450000212]	29	2		1	Assets/Product/Texture/Atlas/UiNameplate/UINameplatetMoeWar29.png											Assets/Product/Effect/Prefab/FxUi/FxUiChatServeMain/FxUiChatServeMainJiangbing.prefab
17062601	213	213	1	726	214	[200000215,450000216]	29	2		2		Assets/Product/Texture/Atlas/UiNameplate/UINameplatetMoeWar01.png	4d4d50	Assets/Product/Texture/Atlas/UiCollection/CollectionLevel31.png	[2026,20000]							
17062602	213	213	2	726	214	[200000215,450000216]	29	2		2		Assets/Product/Texture/Atlas/UiNameplate/UINameplatetMoeWar02.png	414c72	Assets/Product/Texture/Atlas/UiCollection/CollectionLevel32.png	[2026,45000]							
17062603	213	213	3	726	214	[200000215,450000216]	29	2		1	Assets/Product/Texture/Atlas/UiNameplate/UINameplatetMoeWar28.png											Assets/Product/Effect/Prefab/FxUi/FxUiChatServeMain/FxUiChatServeMainJiangbing.prefab
17062701	217	217	1	727	218	[200000219,450000220]	29	2		2		Assets/Product/Texture/Atlas/UiNameplate/UINameplatetMoeWar01.png	4d4d50	Assets/Product/Texture/Atlas/UiCollection/CollectionLevel31.png	[2027,20000]							
17062702	217	217	2	727	218	[200000219,450000220]	29	2		2		Assets/Product/Texture/Atlas/UiNameplate/UINameplatetMoeWar02.png	414c72	Assets/Product/Texture/Atlas/UiCollection/CollectionLevel32.png	[2027,45000]							
17062703	217	217	3	727	218	[200000219,450000220]	29	2		1	Assets/Product/Texture/Atlas/UiNameplate/UINameplatetMoeWar25.png											Assets/Product/Effect/Prefab/FxUi/FxUiChatServeMain/FxUiChatServeMainJiangbing.prefab
17062801	221	221	1	728	222	[223]	223	1		1	Assets/Product/Texture/Atlas/UiNameplate/UiNameplateCourseT203.png											
17062802	224	224	2	729	225	[226]	226	1		1	Assets/Product/Texture/Atlas/UiNameplate/UiNameplateCourseT202.png											
17062803	227	227	2	730	228	[229]	229	1		1	Assets/Product/Texture/Atlas/UiNameplate/UiNameplateCourseT201.png											
17062804	230	230	3	731	231	[232]	232	1		1	Assets/Product/Texture/Atlas/UiNameplate/UiNameplateCourse01.png											Assets/Product/Effect/Prefab/FxUi/FxUiCourseCombatlicense/FxUiNameplateCourse01.prefab
17062901	233	233	2	732	234	[235]	236	1		1	Assets/Product/Texture/Atlas/UiNameplate/UINameplatetDlcHuntT201.png											
17062902	237	237	2	733	238	[239]	236	1		1	Assets/Product/Texture/Atlas/UiNameplate/UINameplatetDlcHuntT202.png											
17062903	240	240	3	734	241	[242]	236	1		1	Assets/Product/Texture/Atlas/UiNameplate/UINameplatetDlcHuntT301.png											Assets/Product/Effect/Prefab/FxUi/FxUiChatServeMain/FxUiChatServeMainDlcHunt.prefab
17063001	243	243	2	735	244		245	1		1	Assets/Product/Texture/Atlas/UiNameplate/UiNameplateBfrt.png											
17063101	246	246	3	736	247		200000248	1		1	Assets/Product/Texture/Atlas/UiNameplate/UiNameplateAccumulatedPay01.png											Assets/Product/Effect/Prefab/FxUi/FxUiMain/FxUiNameplateAccumulatedPay.prefab
17063201	249	249	3	737	250		251	1		1	Assets/Product/Texture/Atlas/UiNameplate/UiNameplateBossInshot01.png											
17063301	252	252	3	738	253		251	1		1	Assets/Product/Texture/Atlas/UiNameplate/UiNameplateBossInshot02.png											
17063401	254	254	3	739	255		251	1		1	Assets/Product/Texture/Atlas/UiNameplate/UiNameplateBossInshot03.png											
17063501	256	256	3	740	257		251	1		1	Assets/Product/Texture/Atlas/UiNameplate/UiNameplateBossInshot04.png											
17063601	258	258	3	741	259		251	1		1	Assets/Product/Texture/Atlas/UiNameplate/UiNameplateBossInshot05.png											
17063701	260	260	3	742	261		251	1		1	Assets/Product/Texture/Atlas/UiNameplate/UiNameplateBossInshot06.png											
17063801	262	262	3	743	263		251	1		1	Assets/Product/Texture/Atlas/UiNameplate/UiNameplateBossInshot07.png											
17063901	264	264	3	747	265		251	1		1	Assets/Product/Texture/Atlas/UiNameplate/UiNameplateBossInshot08.png											
17064001	266	266	3	746	267		251	1		1	Assets/Product/Texture/Atlas/UiNameplate/UiNameplateBossInshot09.png											
17064101	268	268	3	748	269		251	1		1	Assets/Product/Texture/Atlas/UiNameplate/UiNameplateBossInshot10.png											
17064201	270	270	1	749	271		272	1		1	Assets/Product/Texture/Atlas/UiNameplate/UiNameplateTheatre501.png											
17064202	273	273	2	750	274		272	1		1	Assets/Product/Texture/Atlas/UiNameplate/UiNameplateTheatre502.png											
17064203	275	275	3	751	276		272	1		1	Assets/Product/Texture/Atlas/UiNameplate/UiNameplateTheatre503.png											
17064301	277	277	1	752	278		272	1		1	Assets/Product/Texture/Atlas/UiNameplate/UiNameplateTheatre504.png											
17064302	279	279	2	753	280		272	1		1	Assets/Product/Texture/Atlas/UiNameplate/UiNameplateTheatre505.png											
17064303	281	281	3	754	282		272	1		1	Assets/Product/Texture/Atlas/UiNameplate/UiNameplateTheatre506.png											
17064304	283	283	3	755	284		285	1		1	Assets/Product/Texture/Atlas/UiNameplate/UiNameplateRace01.png											
17064401	286	286	3	756	287		288	1		1	Assets/Product/Texture/Atlas/UiNameplate/UiNameplateFashionSuit1.png											Assets/Product/Effect/Prefab/FxUi/FxUiNameplateFashionSuit/FxUiNameplateFashionSuit01.prefab
17064501	289	289	3	757	290		291	1		1	Assets/Product/Texture/Atlas/UiNameplate/UiNameplateSkyGarden01.png											
17064601	292	292	1	758	293		272	1		1	Assets/Product/Texture/Atlas/UiNameplate/UiNameplateTheatre507.png											
17064602	294	294	2	759	295		272	1		1	Assets/Product/Texture/Atlas/UiNameplate/UiNameplateTheatre508.png											
17064603	296	296	3	760	297		272	1		1	Assets/Product/Texture/Atlas/UiNameplate/UiNameplateTheatre509.png											
17064604	298	298	3	761	299		300	1		1	Assets/Product/Texture/Atlas/UiNameplate/UiNameplateTheatre510.png											
17064701	301	301	1	762	302		272	1		1	Assets/Product/Texture/Atlas/UiNameplate/UiNameplateTheatre511.png											
17064702	303	303	2	763	304		272	1		1	Assets/Product/Texture/Atlas/UiNameplate/UiNameplateTheatre512.png											
17064703	305	305	3	764	306		272	1		1	Assets/Product/Texture/Atlas/UiNameplate/UiNameplateTheatre513.png											
17064704	307	307	3	765	308		251	1		1	Assets/Product/Texture/Atlas/UiNameplate/UiNameplateBossInshot12.png											
17064705	309	309	3	766	310		251	1		1	Assets/Product/Texture/Atlas/UiNameplate/UiNameplateBossInshot11.png											
17064706	311	311	3	767	312		313	1		1	Assets/Product/Texture/Atlas/UiNameplate/UiNameplateUnfadingCerulean01.png											Assets/Product/Effect/Prefab/FxUi/FxUiNameplateFashionSuit/FxUiNameplateFashionSuit02.prefab
